INFO  Training CBOW_e1  (dim=50, win=3, neg=5) …
INFO  collecting all words and their counts
INFO  PROGRESS: at sentence #0, processed 0 words, keeping 0 word types
INFO  PROGRESS: at sentence #10000, processed 151914 words, keeping 11507 word types
INFO  PROGRESS: at sentence #20000, processed 353186 words, keeping 22578 word types
INFO  PROGRESS: at sentence #30000, processed 561380 words, keeping 27889 word types
INFO  PROGRESS: at sentence #40000, processed 720628 words, keeping 32546 word types
INFO  PROGRESS: at sentence #50000, processed 883590 words, keeping 37607 word types
INFO  PROGRESS: at sentence #60000, processed 1029390 words, keeping 39524 word types
INFO  PROGRESS: at sentence #70000, processed 1207759 words, keeping 43941 word types
INFO  PROGRESS: at sentence #80000, processed 1354787 words, keeping 46063 word types
INFO  PROGRESS: at sentence #90000, processed 1529045 words, keeping 49510 word types
INFO  PROGRESS: at sentence #100000, processed 1681647 words, keeping 50822 word types
INFO  PROGRESS: at sentence #110000, processed 1845504 words, keeping 51167 word types
INFO  PROGRESS: at sentence #120000, processed 2011000 words, keeping 52136 word types
INFO  PROGRESS: at sentence #130000, processed 2161339 words, keeping 55681 word types
INFO  PROGRESS: at sentence #140000, processed 2317348 words, keeping 56223 word types
INFO  collected 56223 word types from a corpus of 2321701 raw words and 140347 sentences
INFO  Creating a fresh vocabulary
INFO  Word2Vec lifecycle event {'msg': 'effective_min_count=3 retains 30654 unique words (54.52% of original 56223, drops 25569)', 'datetime': '2026-03-22T22:58:37.579994', 'gensim': '4.4.0', 'python': '3.11.6 (main, Nov 29 2023, 13:29:33) [GCC 12.3.0]', 'platform': 'Linux-4.18.0-372.9.1.el8.x86_64-x86_64-with-glibc2.28', 'event': 'prepare_vocab'}
INFO  Word2Vec lifecycle event {'msg': 'effective_min_count=3 leaves 2287458 word corpus (98.53% of original 2321701, drops 34243)', 'datetime': '2026-03-22T22:58:37.613792', 'gensim': '4.4.0', 'python': '3.11.6 (main, Nov 29 2023, 13:29:33) [GCC 12.3.0]', 'platform': 'Linux-4.18.0-372.9.1.el8.x86_64-x86_64-with-glibc2.28', 'event': 'prepare_vocab'}
INFO  deleting the raw counts dictionary of 56223 items
INFO  sample=0.001 downsamples 15 most-common words
INFO  Word2Vec lifecycle event {'msg': 'downsampling leaves estimated 2250256.7636849396 word corpus (98.4%% of prior 2287458)', 'datetime': '2026-03-22T22:58:37.736544', 'gensim': '4.4.0', 'python': '3.11.6 (main, Nov 29 2023, 13:29:33) [GCC 12.3.0]', 'platform': 'Linux-4.18.0-372.9.1.el8.x86_64-x86_64-with-glibc2.28', 'event': 'prepare_vocab'}
INFO  estimated required memory for 30654 words and 50 dimensions: 27588600 bytes
INFO  resetting layer weights
INFO  Word2Vec lifecycle event {'update': False, 'trim_rule': 'None', 'datetime': '2026-03-22T22:58:37.929795', 'gensim': '4.4.0', 'python': '3.11.6 (main, Nov 29 2023, 13:29:33) [GCC 12.3.0]', 'platform': 'Linux-4.18.0-372.9.1.el8.x86_64-x86_64-with-glibc2.28', 'event': 'build_vocab'}
INFO  Word2Vec lifecycle event {'msg': 'training model with 4 workers on 30654 vocabulary and 50 features, using sg=0 hs=0 sample=0.001 negative=5 window=3 shrink_windows=True', 'datetime': '2026-03-22T22:58:37.929930', 'gensim': '4.4.0', 'python': '3.11.6 (main, Nov 29 2023, 13:29:33) [GCC 12.3.0]', 'platform': 'Linux-4.18.0-372.9.1.el8.x86_64-x86_64-with-glibc2.28', 'event': 'train'}
INFO  EPOCH 0 - PROGRESS: at 74.03% examples, 1687434 words/s, in_qsize 7, out_qsize 0
INFO  EPOCH 0: training on 2321701 raw words (2250348 effective words) took 1.3s, 1724202 effective words/s
INFO  EPOCH 1 - PROGRESS: at 68.08% examples, 1550121 words/s, in_qsize 7, out_qsize 0
INFO  EPOCH 1: training on 2321701 raw words (2250126 effective words) took 1.4s, 1551839 effective words/s
INFO  EPOCH 2 - PROGRESS: at 61.84% examples, 1382487 words/s, in_qsize 7, out_qsize 0
INFO  EPOCH 2: training on 2321701 raw words (2250338 effective words) took 1.6s, 1449589 effective words/s
INFO  EPOCH 3 - PROGRESS: at 72.39% examples, 1644009 words/s, in_qsize 7, out_qsize 0
INFO  EPOCH 3: training on 2321701 raw words (2250154 effective words) took 1.3s, 1703400 effective words/s
INFO  EPOCH 4 - PROGRESS: at 68.08% examples, 1538427 words/s, in_qsize 7, out_qsize 0
INFO  EPOCH 4: training on 2321701 raw words (2250121 effective words) took 1.5s, 1491823 effective words/s
INFO  EPOCH 5 - PROGRESS: at 63.29% examples, 1449506 words/s, in_qsize 6, out_qsize 1
INFO  EPOCH 5: training on 2321701 raw words (2250250 effective words) took 1.5s, 1472554 effective words/s
INFO  EPOCH 6 - PROGRESS: at 69.97% examples, 1588595 words/s, in_qsize 7, out_qsize 0
INFO  EPOCH 6: training on 2321701 raw words (2250219 effective words) took 1.4s, 1610170 effective words/s
INFO  EPOCH 7 - PROGRESS: at 67.14% examples, 1523416 words/s, in_qsize 7, out_qsize 0
INFO  EPOCH 7: training on 2321701 raw words (2250418 effective words) took 1.5s, 1494682 effective words/s
INFO  EPOCH 8 - PROGRESS: at 67.66% examples, 1540109 words/s, in_qsize 7, out_qsize 0
INFO  EPOCH 8: training on 2321701 raw words (2250112 effective words) took 1.4s, 1562178 effective words/s
INFO  EPOCH 9 - PROGRESS: at 71.97% examples, 1628356 words/s, in_qsize 7, out_qsize 0
INFO  EPOCH 9: training on 2321701 raw words (2250112 effective words) took 1.4s, 1623870 effective words/s
INFO  EPOCH 10 - PROGRESS: at 60.94% examples, 1370595 words/s, in_qsize 7, out_qsize 0
INFO  EPOCH 10: training on 2321701 raw words (2250476 effective words) took 1.6s, 1422671 effective words/s
INFO  EPOCH 11 - PROGRESS: at 64.72% examples, 1474324 words/s, in_qsize 7, out_qsize 0
INFO  EPOCH 11: training on 2321701 raw words (2250353 effective words) took 1.5s, 1536534 effective words/s
INFO  EPOCH 12 - PROGRESS: at 63.73% examples, 1453993 words/s, in_qsize 7, out_qsize 0
INFO  EPOCH 12: training on 2321701 raw words (2250046 effective words) took 1.5s, 1464209 effective words/s
INFO  EPOCH 13 - PROGRESS: at 74.45% examples, 1692464 words/s, in_qsize 7, out_qsize 0
INFO  EPOCH 13: training on 2321701 raw words (2250115 effective words) took 1.3s, 1703660 effective words/s
INFO  EPOCH 14 - PROGRESS: at 77.14% examples, 1755577 words/s, in_qsize 7, out_qsize 0
INFO  EPOCH 14: training on 2321701 raw words (2250239 effective words) took 1.3s, 1723922 effective words/s
INFO  EPOCH 15 - PROGRESS: at 77.60% examples, 1758016 words/s, in_qsize 7, out_qsize 0
INFO  EPOCH 15: training on 2321701 raw words (2250132 effective words) took 1.3s, 1790368 effective words/s
INFO  EPOCH 16 - PROGRESS: at 76.67% examples, 1748156 words/s, in_qsize 7, out_qsize 0
INFO  EPOCH 16: training on 2321701 raw words (2250262 effective words) took 1.3s, 1771480 effective words/s
INFO  EPOCH 17 - PROGRESS: at 62.17% examples, 1394142 words/s, in_qsize 7, out_qsize 0
INFO  EPOCH 17: training on 2321701 raw words (2250372 effective words) took 1.5s, 1456866 effective words/s
INFO  EPOCH 18 - PROGRESS: at 77.14% examples, 1755266 words/s, in_qsize 7, out_qsize 0
INFO  EPOCH 18: training on 2321701 raw words (2250434 effective words) took 1.3s, 1786323 effective words/s
INFO  EPOCH 19 - PROGRESS: at 75.25% examples, 1706392 words/s, in_qsize 7, out_qsize 0
INFO  EPOCH 19: training on 2321701 raw words (2250380 effective words) took 1.3s, 1744243 effective words/s
INFO  Word2Vec lifecycle event {'msg': 'training on 46434020 raw words (45005007 effective words) took 28.4s, 1584661 effective words/s', 'datetime': '2026-03-22T22:59:06.330545', 'gensim': '4.4.0', 'python': '3.11.6 (main, Nov 29 2023, 13:29:33) [GCC 12.3.0]', 'platform': 'Linux-4.18.0-372.9.1.el8.x86_64-x86_64-with-glibc2.28', 'event': 'train'}
INFO  Word2Vec lifecycle event {'params': 'Word2Vec<vocab=30654, vector_size=50, alpha=0.025>', 'datetime': '2026-03-22T22:59:06.330941', 'gensim': '4.4.0', 'python': '3.11.6 (main, Nov 29 2023, 13:29:33) [GCC 12.3.0]', 'platform': 'Linux-4.18.0-372.9.1.el8.x86_64-x86_64-with-glibc2.28', 'event': 'created'}
INFO  Word2Vec lifecycle event {'fname_or_handle': '/csehome/m25csa031/iitj_pipeline_final/models/CBOW_e1.model', 'separately': 'None', 'sep_limit': 10485760, 'ignore': frozenset(), 'datetime': '2026-03-22T22:59:06.331571', 'gensim': '4.4.0', 'python': '3.11.6 (main, Nov 29 2023, 13:29:33) [GCC 12.3.0]', 'platform': 'Linux-4.18.0-372.9.1.el8.x86_64-x86_64-with-glibc2.28', 'event': 'saving'}
INFO  not storing attribute cum_table
INFO  saved /csehome/m25csa031/iitj_pipeline_final/models/CBOW_e1.model
INFO    Done in 29.2s  |  vocab=30654
INFO  Training CBOW_e2  (dim=100, win=5, neg=10) …
INFO  collecting all words and their counts
INFO  PROGRESS: at sentence #0, processed 0 words, keeping 0 word types
INFO  PROGRESS: at sentence #10000, processed 151914 words, keeping 11507 word types
INFO  PROGRESS: at sentence #20000, processed 353186 words, keeping 22578 word types
INFO  PROGRESS: at sentence #30000, processed 561380 words, keeping 27889 word types
INFO  PROGRESS: at sentence #40000, processed 720628 words, keeping 32546 word types
INFO  PROGRESS: at sentence #50000, processed 883590 words, keeping 37607 word types
INFO  PROGRESS: at sentence #60000, processed 1029390 words, keeping 39524 word types
INFO  PROGRESS: at sentence #70000, processed 1207759 words, keeping 43941 word types
INFO  PROGRESS: at sentence #80000, processed 1354787 words, keeping 46063 word types
INFO  PROGRESS: at sentence #90000, processed 1529045 words, keeping 49510 word types
INFO  PROGRESS: at sentence #100000, processed 1681647 words, keeping 50822 word types
INFO  PROGRESS: at sentence #110000, processed 1845504 words, keeping 51167 word types
INFO  PROGRESS: at sentence #120000, processed 2011000 words, keeping 52136 word types
INFO  PROGRESS: at sentence #130000, processed 2161339 words, keeping 55681 word types
INFO  PROGRESS: at sentence #140000, processed 2317348 words, keeping 56223 word types
INFO  collected 56223 word types from a corpus of 2321701 raw words and 140347 sentences
INFO  Creating a fresh vocabulary
INFO  Word2Vec lifecycle event {'msg': 'effective_min_count=3 retains 30654 unique words (54.52% of original 56223, drops 25569)', 'datetime': '2026-03-22T22:59:06.890124', 'gensim': '4.4.0', 'python': '3.11.6 (main, Nov 29 2023, 13:29:33) [GCC 12.3.0]', 'platform': 'Linux-4.18.0-372.9.1.el8.x86_64-x86_64-with-glibc2.28', 'event': 'prepare_vocab'}
INFO  Word2Vec lifecycle event {'msg': 'effective_min_count=3 leaves 2287458 word corpus (98.53% of original 2321701, drops 34243)', 'datetime': '2026-03-22T22:59:06.890244', 'gensim': '4.4.0', 'python': '3.11.6 (main, Nov 29 2023, 13:29:33) [GCC 12.3.0]', 'platform': 'Linux-4.18.0-372.9.1.el8.x86_64-x86_64-with-glibc2.28', 'event': 'prepare_vocab'}
INFO  deleting the raw counts dictionary of 56223 items
INFO  sample=0.001 downsamples 15 most-common words
INFO  Word2Vec lifecycle event {'msg': 'downsampling leaves estimated 2250256.7636849396 word corpus (98.4%% of prior 2287458)', 'datetime': '2026-03-22T22:59:06.996830', 'gensim': '4.4.0', 'python': '3.11.6 (main, Nov 29 2023, 13:29:33) [GCC 12.3.0]', 'platform': 'Linux-4.18.0-372.9.1.el8.x86_64-x86_64-with-glibc2.28', 'event': 'prepare_vocab'}
INFO  estimated required memory for 30654 words and 100 dimensions: 39850200 bytes
INFO  resetting layer weights
INFO  Word2Vec lifecycle event {'update': False, 'trim_rule': 'None', 'datetime': '2026-03-22T22:59:07.194211', 'gensim': '4.4.0', 'python': '3.11.6 (main, Nov 29 2023, 13:29:33) [GCC 12.3.0]', 'platform': 'Linux-4.18.0-372.9.1.el8.x86_64-x86_64-with-glibc2.28', 'event': 'build_vocab'}
INFO  Word2Vec lifecycle event {'msg': 'training model with 4 workers on 30654 vocabulary and 100 features, using sg=0 hs=0 sample=0.001 negative=10 window=5 shrink_windows=True', 'datetime': '2026-03-22T22:59:07.194352', 'gensim': '4.4.0', 'python': '3.11.6 (main, Nov 29 2023, 13:29:33) [GCC 12.3.0]', 'platform': 'Linux-4.18.0-372.9.1.el8.x86_64-x86_64-with-glibc2.28', 'event': 'train'}
INFO  EPOCH 0 - PROGRESS: at 45.05% examples, 1048455 words/s, in_qsize 7, out_qsize 0
INFO  EPOCH 0 - PROGRESS: at 97.76% examples, 1094184 words/s, in_qsize 6, out_qsize 0
INFO  EPOCH 0: training on 2321701 raw words (2250418 effective words) took 2.0s, 1098404 effective words/s
INFO  EPOCH 1 - PROGRESS: at 42.92% examples, 984636 words/s, in_qsize 7, out_qsize 0
INFO  EPOCH 1 - PROGRESS: at 89.40% examples, 1001530 words/s, in_qsize 7, out_qsize 0
INFO  EPOCH 1: training on 2321701 raw words (2250298 effective words) took 2.2s, 1013986 effective words/s
INFO  EPOCH 2 - PROGRESS: at 62.41% examples, 1412112 words/s, in_qsize 7, out_qsize 0
INFO  EPOCH 2: training on 2321701 raw words (2249941 effective words) took 1.5s, 1454544 effective words/s
INFO  EPOCH 3 - PROGRESS: at 62.70% examples, 1441891 words/s, in_qsize 7, out_qsize 0
INFO  EPOCH 3: training on 2321701 raw words (2250223 effective words) took 1.5s, 1458981 effective words/s
INFO  EPOCH 4 - PROGRESS: at 45.05% examples, 1032710 words/s, in_qsize 7, out_qsize 0
INFO  EPOCH 4 - PROGRESS: at 92.97% examples, 1041012 words/s, in_qsize 7, out_qsize 0
INFO  EPOCH 4: training on 2321701 raw words (2250154 effective words) took 2.1s, 1053266 effective words/s
INFO  EPOCH 5 - PROGRESS: at 62.46% examples, 1419663 words/s, in_qsize 7, out_qsize 0
INFO  EPOCH 5: training on 2321701 raw words (2250119 effective words) took 1.5s, 1460964 effective words/s
INFO  EPOCH 6 - PROGRESS: at 64.72% examples, 1482904 words/s, in_qsize 7, out_qsize 0
INFO  EPOCH 6: training on 2321701 raw words (2250079 effective words) took 1.5s, 1498481 effective words/s
INFO  EPOCH 7 - PROGRESS: at 66.63% examples, 1519036 words/s, in_qsize 7, out_qsize 0
INFO  EPOCH 7: training on 2321701 raw words (2250265 effective words) took 1.5s, 1541188 effective words/s
INFO  EPOCH 8 - PROGRESS: at 46.23% examples, 1065815 words/s, in_qsize 7, out_qsize 0
INFO  EPOCH 8 - PROGRESS: at 96.95% examples, 1079086 words/s, in_qsize 7, out_qsize 0
INFO  EPOCH 8: training on 2321701 raw words (2250241 effective words) took 2.1s, 1090320 effective words/s
INFO  EPOCH 9 - PROGRESS: at 66.03% examples, 1512060 words/s, in_qsize 7, out_qsize 0
INFO  EPOCH 9: training on 2321701 raw words (2250468 effective words) took 1.5s, 1547166 effective words/s
INFO  EPOCH 10 - PROGRESS: at 64.16% examples, 1469054 words/s, in_qsize 8, out_qsize 0
INFO  EPOCH 10: training on 2321701 raw words (2250102 effective words) took 1.5s, 1482288 effective words/s
INFO  EPOCH 11 - PROGRESS: at 64.16% examples, 1471954 words/s, in_qsize 7, out_qsize 0
INFO  EPOCH 11: training on 2321701 raw words (2250198 effective words) took 1.5s, 1477007 effective words/s
INFO  EPOCH 12 - PROGRESS: at 48.43% examples, 1105199 words/s, in_qsize 7, out_qsize 0
INFO  EPOCH 12: training on 2321701 raw words (2250286 effective words) took 2.0s, 1120789 effective words/s
INFO  EPOCH 13 - PROGRESS: at 62.70% examples, 1444707 words/s, in_qsize 7, out_qsize 0
INFO  EPOCH 13: training on 2321701 raw words (2250115 effective words) took 1.5s, 1472114 effective words/s
INFO  EPOCH 14 - PROGRESS: at 47.63% examples, 1088968 words/s, in_qsize 7, out_qsize 0
INFO  EPOCH 14 - PROGRESS: at 96.95% examples, 1077430 words/s, in_qsize 7, out_qsize 0
INFO  EPOCH 14: training on 2321701 raw words (2250138 effective words) took 2.1s, 1084793 effective words/s
INFO  EPOCH 15 - PROGRESS: at 45.05% examples, 1045102 words/s, in_qsize 7, out_qsize 0
INFO  EPOCH 15 - PROGRESS: at 94.45% examples, 1057265 words/s, in_qsize 7, out_qsize 0
INFO  EPOCH 15: training on 2321701 raw words (2250399 effective words) took 2.1s, 1065620 effective words/s
INFO  EPOCH 16 - PROGRESS: at 44.84% examples, 1040308 words/s, in_qsize 7, out_qsize 0
INFO  EPOCH 16 - PROGRESS: at 94.90% examples, 1057135 words/s, in_qsize 7, out_qsize 0
INFO  EPOCH 16: training on 2321701 raw words (2250374 effective words) took 2.1s, 1067058 effective words/s
INFO  EPOCH 17 - PROGRESS: at 45.83% examples, 1066263 words/s, in_qsize 7, out_qsize 0
INFO  EPOCH 17 - PROGRESS: at 97.81% examples, 1096192 words/s, in_qsize 6, out_qsize 0
INFO  EPOCH 17: training on 2321701 raw words (2250068 effective words) took 2.0s, 1104423 effective words/s
INFO  EPOCH 18 - PROGRESS: at 46.23% examples, 1063689 words/s, in_qsize 7, out_qsize 0
INFO  EPOCH 18 - PROGRESS: at 98.22% examples, 1091131 words/s, in_qsize 5, out_qsize 0
INFO  EPOCH 18: training on 2321701 raw words (2250526 effective words) took 2.0s, 1098837 effective words/s
INFO  EPOCH 19 - PROGRESS: at 44.84% examples, 1044428 words/s, in_qsize 7, out_qsize 0
INFO  EPOCH 19 - PROGRESS: at 94.03% examples, 1055920 words/s, in_qsize 7, out_qsize 0
INFO  EPOCH 19: training on 2321701 raw words (2250403 effective words) took 2.1s, 1063897 effective words/s
INFO  Word2Vec lifecycle event {'msg': 'training on 46434020 raw words (45004815 effective words) took 36.8s, 1224203 effective words/s', 'datetime': '2026-03-22T22:59:43.957093', 'gensim': '4.4.0', 'python': '3.11.6 (main, Nov 29 2023, 13:29:33) [GCC 12.3.0]', 'platform': 'Linux-4.18.0-372.9.1.el8.x86_64-x86_64-with-glibc2.28', 'event': 'train'}
INFO  Word2Vec lifecycle event {'params': 'Word2Vec<vocab=30654, vector_size=100, alpha=0.025>', 'datetime': '2026-03-22T22:59:43.957484', 'gensim': '4.4.0', 'python': '3.11.6 (main, Nov 29 2023, 13:29:33) [GCC 12.3.0]', 'platform': 'Linux-4.18.0-372.9.1.el8.x86_64-x86_64-with-glibc2.28', 'event': 'created'}
INFO  Word2Vec lifecycle event {'fname_or_handle': '/csehome/m25csa031/iitj_pipeline_final/models/CBOW_e2.model', 'separately': 'None', 'sep_limit': 10485760, 'ignore': frozenset(), 'datetime': '2026-03-22T22:59:43.963045', 'gensim': '4.4.0', 'python': '3.11.6 (main, Nov 29 2023, 13:29:33) [GCC 12.3.0]', 'platform': 'Linux-4.18.0-372.9.1.el8.x86_64-x86_64-with-glibc2.28', 'event': 'saving'}
INFO  not storing attribute cum_table
INFO  saved /csehome/m25csa031/iitj_pipeline_final/models/CBOW_e2.model
INFO    Done in 37.5s  |  vocab=30654
INFO  Training CBOW_e3  (dim=200, win=7, neg=15) …
INFO  collecting all words and their counts
INFO  PROGRESS: at sentence #0, processed 0 words, keeping 0 word types
INFO  PROGRESS: at sentence #10000, processed 151914 words, keeping 11507 word types
INFO  PROGRESS: at sentence #20000, processed 353186 words, keeping 22578 word types
INFO  PROGRESS: at sentence #30000, processed 561380 words, keeping 27889 word types
INFO  PROGRESS: at sentence #40000, processed 720628 words, keeping 32546 word types
INFO  PROGRESS: at sentence #50000, processed 883590 words, keeping 37607 word types
INFO  PROGRESS: at sentence #60000, processed 1029390 words, keeping 39524 word types
INFO  PROGRESS: at sentence #70000, processed 1207759 words, keeping 43941 word types
INFO  PROGRESS: at sentence #80000, processed 1354787 words, keeping 46063 word types
INFO  PROGRESS: at sentence #90000, processed 1529045 words, keeping 49510 word types
INFO  PROGRESS: at sentence #100000, processed 1681647 words, keeping 50822 word types
INFO  PROGRESS: at sentence #110000, processed 1845504 words, keeping 51167 word types
INFO  PROGRESS: at sentence #120000, processed 2011000 words, keeping 52136 word types
INFO  PROGRESS: at sentence #130000, processed 2161339 words, keeping 55681 word types
INFO  PROGRESS: at sentence #140000, processed 2317348 words, keeping 56223 word types
INFO  collected 56223 word types from a corpus of 2321701 raw words and 140347 sentences
INFO  Creating a fresh vocabulary
INFO  Word2Vec lifecycle event {'msg': 'effective_min_count=3 retains 30654 unique words (54.52% of original 56223, drops 25569)', 'datetime': '2026-03-22T22:59:44.578334', 'gensim': '4.4.0', 'python': '3.11.6 (main, Nov 29 2023, 13:29:33) [GCC 12.3.0]', 'platform': 'Linux-4.18.0-372.9.1.el8.x86_64-x86_64-with-glibc2.28', 'event': 'prepare_vocab'}
INFO  Word2Vec lifecycle event {'msg': 'effective_min_count=3 leaves 2287458 word corpus (98.53% of original 2321701, drops 34243)', 'datetime': '2026-03-22T22:59:44.578453', 'gensim': '4.4.0', 'python': '3.11.6 (main, Nov 29 2023, 13:29:33) [GCC 12.3.0]', 'platform': 'Linux-4.18.0-372.9.1.el8.x86_64-x86_64-with-glibc2.28', 'event': 'prepare_vocab'}
INFO  deleting the raw counts dictionary of 56223 items
INFO  sample=0.001 downsamples 15 most-common words
INFO  Word2Vec lifecycle event {'msg': 'downsampling leaves estimated 2250256.7636849396 word corpus (98.4%% of prior 2287458)', 'datetime': '2026-03-22T22:59:44.685200', 'gensim': '4.4.0', 'python': '3.11.6 (main, Nov 29 2023, 13:29:33) [GCC 12.3.0]', 'platform': 'Linux-4.18.0-372.9.1.el8.x86_64-x86_64-with-glibc2.28', 'event': 'prepare_vocab'}
INFO  estimated required memory for 30654 words and 200 dimensions: 64373400 bytes
INFO  resetting layer weights
INFO  Word2Vec lifecycle event {'update': False, 'trim_rule': 'None', 'datetime': '2026-03-22T22:59:44.896047', 'gensim': '4.4.0', 'python': '3.11.6 (main, Nov 29 2023, 13:29:33) [GCC 12.3.0]', 'platform': 'Linux-4.18.0-372.9.1.el8.x86_64-x86_64-with-glibc2.28', 'event': 'build_vocab'}
INFO  Word2Vec lifecycle event {'msg': 'training model with 4 workers on 30654 vocabulary and 200 features, using sg=0 hs=0 sample=0.001 negative=15 window=7 shrink_windows=True', 'datetime': '2026-03-22T22:59:44.896246', 'gensim': '4.4.0', 'python': '3.11.6 (main, Nov 29 2023, 13:29:33) [GCC 12.3.0]', 'platform': 'Linux-4.18.0-372.9.1.el8.x86_64-x86_64-with-glibc2.28', 'event': 'train'}
INFO  EPOCH 0 - PROGRESS: at 23.35% examples, 575613 words/s, in_qsize 8, out_qsize 0
INFO  EPOCH 0 - PROGRESS: at 52.61% examples, 599301 words/s, in_qsize 8, out_qsize 0
INFO  EPOCH 0 - PROGRESS: at 90.81% examples, 675683 words/s, in_qsize 7, out_qsize 0
INFO  EPOCH 0: training on 2321701 raw words (2250268 effective words) took 3.2s, 694781 effective words/s
INFO  EPOCH 1 - PROGRESS: at 34.78% examples, 825590 words/s, in_qsize 7, out_qsize 0
INFO  EPOCH 1 - PROGRESS: at 73.60% examples, 829405 words/s, in_qsize 7, out_qsize 0
INFO  EPOCH 1: training on 2321701 raw words (2250233 effective words) took 2.7s, 839503 effective words/s
INFO  EPOCH 2 - PROGRESS: at 36.53% examples, 867619 words/s, in_qsize 7, out_qsize 0
INFO  EPOCH 2 - PROGRESS: at 76.67% examples, 869597 words/s, in_qsize 7, out_qsize 0
INFO  EPOCH 2: training on 2321701 raw words (2250043 effective words) took 2.5s, 882466 effective words/s
INFO  EPOCH 3 - PROGRESS: at 39.58% examples, 914059 words/s, in_qsize 7, out_qsize 0
INFO  EPOCH 3 - PROGRESS: at 81.45% examples, 918885 words/s, in_qsize 7, out_qsize 0
INFO  EPOCH 3: training on 2321701 raw words (2250366 effective words) took 2.4s, 924617 effective words/s
INFO  EPOCH 4 - PROGRESS: at 35.59% examples, 847472 words/s, in_qsize 6, out_qsize 1
INFO  EPOCH 4 - PROGRESS: at 74.83% examples, 847537 words/s, in_qsize 7, out_qsize 0
INFO  EPOCH 4: training on 2321701 raw words (2250531 effective words) took 2.6s, 864538 effective words/s
INFO  EPOCH 5 - PROGRESS: at 36.10% examples, 855673 words/s, in_qsize 8, out_qsize 0
INFO  EPOCH 5 - PROGRESS: at 75.25% examples, 855966 words/s, in_qsize 7, out_qsize 0
INFO  EPOCH 5: training on 2321701 raw words (2250338 effective words) took 2.6s, 874023 effective words/s
INFO  EPOCH 6 - PROGRESS: at 38.06% examples, 882761 words/s, in_qsize 7, out_qsize 0
INFO  EPOCH 6 - PROGRESS: at 78.94% examples, 890651 words/s, in_qsize 7, out_qsize 0
INFO  EPOCH 6: training on 2321701 raw words (2250046 effective words) took 2.5s, 898182 effective words/s
INFO  EPOCH 7 - PROGRESS: at 38.06% examples, 893674 words/s, in_qsize 7, out_qsize 0
INFO  EPOCH 7 - PROGRESS: at 79.81% examples, 903208 words/s, in_qsize 7, out_qsize 0
INFO  EPOCH 7: training on 2321701 raw words (2250409 effective words) took 2.5s, 913357 effective words/s
INFO  EPOCH 8 - PROGRESS: at 40.45% examples, 924464 words/s, in_qsize 8, out_qsize 0
INFO  EPOCH 8 - PROGRESS: at 83.48% examples, 943550 words/s, in_qsize 7, out_qsize 0
INFO  EPOCH 8: training on 2321701 raw words (2250489 effective words) took 2.4s, 946173 effective words/s
INFO  EPOCH 9 - PROGRESS: at 38.64% examples, 890890 words/s, in_qsize 6, out_qsize 1
INFO  EPOCH 9 - PROGRESS: at 81.01% examples, 910150 words/s, in_qsize 7, out_qsize 0
INFO  EPOCH 9: training on 2321701 raw words (2250299 effective words) took 2.4s, 922188 effective words/s
INFO  EPOCH 10 - PROGRESS: at 39.58% examples, 922869 words/s, in_qsize 7, out_qsize 0
INFO  EPOCH 10 - PROGRESS: at 81.89% examples, 932164 words/s, in_qsize 7, out_qsize 0
INFO  EPOCH 10: training on 2321701 raw words (2249969 effective words) took 2.4s, 937550 effective words/s
INFO  EPOCH 11 - PROGRESS: at 36.53% examples, 855613 words/s, in_qsize 7, out_qsize 0
INFO  EPOCH 11 - PROGRESS: at 78.08% examples, 875075 words/s, in_qsize 7, out_qsize 0
INFO  EPOCH 11: training on 2321701 raw words (2250039 effective words) took 2.5s, 887563 effective words/s
INFO  EPOCH 12 - PROGRESS: at 38.06% examples, 896358 words/s, in_qsize 7, out_qsize 0
INFO  EPOCH 12 - PROGRESS: at 79.81% examples, 907642 words/s, in_qsize 7, out_qsize 0
INFO  EPOCH 12: training on 2321701 raw words (2250337 effective words) took 2.5s, 913502 effective words/s
INFO  EPOCH 13 - PROGRESS: at 38.14% examples, 889217 words/s, in_qsize 7, out_qsize 0
INFO  EPOCH 13 - PROGRESS: at 80.60% examples, 913571 words/s, in_qsize 7, out_qsize 0
INFO  EPOCH 13: training on 2321701 raw words (2250210 effective words) took 2.4s, 923179 effective words/s
INFO  EPOCH 14 - PROGRESS: at 37.04% examples, 858566 words/s, in_qsize 7, out_qsize 0
INFO  EPOCH 14 - PROGRESS: at 79.34% examples, 883958 words/s, in_qsize 7, out_qsize 0
INFO  EPOCH 14: training on 2321701 raw words (2250370 effective words) took 2.5s, 894325 effective words/s
INFO  EPOCH 15 - PROGRESS: at 28.63% examples, 686980 words/s, in_qsize 8, out_qsize 0
INFO  EPOCH 15 - PROGRESS: at 59.94% examples, 674228 words/s, in_qsize 8, out_qsize 2
INFO  EPOCH 15 - PROGRESS: at 90.81% examples, 678620 words/s, in_qsize 8, out_qsize 2
INFO  EPOCH 15: training on 2321701 raw words (2250303 effective words) took 3.3s, 686630 effective words/s
INFO  EPOCH 16 - PROGRESS: at 23.88% examples, 597185 words/s, in_qsize 8, out_qsize 0
INFO  EPOCH 16 - PROGRESS: at 54.38% examples, 610327 words/s, in_qsize 8, out_qsize 0
INFO  EPOCH 16 - PROGRESS: at 94.45% examples, 700463 words/s, in_qsize 7, out_qsize 0
INFO  EPOCH 16: training on 2321701 raw words (2250146 effective words) took 3.2s, 711863 effective words/s
INFO  EPOCH 17 - PROGRESS: at 38.58% examples, 902568 words/s, in_qsize 7, out_qsize 0
INFO  EPOCH 17 - PROGRESS: at 81.45% examples, 924014 words/s, in_qsize 7, out_qsize 0
INFO  EPOCH 17: training on 2321701 raw words (2250066 effective words) took 2.4s, 935125 effective words/s
INFO  EPOCH 18 - PROGRESS: at 37.04% examples, 860824 words/s, in_qsize 7, out_qsize 0
INFO  EPOCH 18 - PROGRESS: at 77.60% examples, 874283 words/s, in_qsize 7, out_qsize 0
INFO  EPOCH 18: training on 2321701 raw words (2250311 effective words) took 2.6s, 878355 effective words/s
INFO  EPOCH 19 - PROGRESS: at 37.04% examples, 868003 words/s, in_qsize 7, out_qsize 0
INFO  EPOCH 19 - PROGRESS: at 79.81% examples, 895356 words/s, in_qsize 7, out_qsize 0
INFO  EPOCH 19: training on 2321701 raw words (2250526 effective words) took 2.5s, 906613 effective words/s
INFO  Word2Vec lifecycle event {'msg': 'training on 46434020 raw words (45005299 effective words) took 52.3s, 860906 effective words/s', 'datetime': '2026-03-22T23:00:37.173086', 'gensim': '4.4.0', 'python': '3.11.6 (main, Nov 29 2023, 13:29:33) [GCC 12.3.0]', 'platform': 'Linux-4.18.0-372.9.1.el8.x86_64-x86_64-with-glibc2.28', 'event': 'train'}
INFO  Word2Vec lifecycle event {'params': 'Word2Vec<vocab=30654, vector_size=200, alpha=0.025>', 'datetime': '2026-03-22T23:00:37.173439', 'gensim': '4.4.0', 'python': '3.11.6 (main, Nov 29 2023, 13:29:33) [GCC 12.3.0]', 'platform': 'Linux-4.18.0-372.9.1.el8.x86_64-x86_64-with-glibc2.28', 'event': 'created'}
INFO  Word2Vec lifecycle event {'fname_or_handle': '/csehome/m25csa031/iitj_pipeline_final/models/CBOW_e3.model', 'separately': 'None', 'sep_limit': 10485760, 'ignore': frozenset(), 'datetime': '2026-03-22T23:00:37.181579', 'gensim': '4.4.0', 'python': '3.11.6 (main, Nov 29 2023, 13:29:33) [GCC 12.3.0]', 'platform': 'Linux-4.18.0-372.9.1.el8.x86_64-x86_64-with-glibc2.28', 'event': 'saving'}
INFO  not storing attribute cum_table
INFO  saved /csehome/m25csa031/iitj_pipeline_final/models/CBOW_e3.model
INFO    Done in 53.1s  |  vocab=30654
INFO  Training SkipGram_e1  (dim=50, win=3, neg=5) …
INFO  collecting all words and their counts
INFO  PROGRESS: at sentence #0, processed 0 words, keeping 0 word types
INFO  PROGRESS: at sentence #10000, processed 151914 words, keeping 11507 word types
INFO  PROGRESS: at sentence #20000, processed 353186 words, keeping 22578 word types
INFO  PROGRESS: at sentence #30000, processed 561380 words, keeping 27889 word types
INFO  PROGRESS: at sentence #40000, processed 720628 words, keeping 32546 word types
INFO  PROGRESS: at sentence #50000, processed 883590 words, keeping 37607 word types
INFO  PROGRESS: at sentence #60000, processed 1029390 words, keeping 39524 word types
INFO  PROGRESS: at sentence #70000, processed 1207759 words, keeping 43941 word types
INFO  PROGRESS: at sentence #80000, processed 1354787 words, keeping 46063 word types
INFO  PROGRESS: at sentence #90000, processed 1529045 words, keeping 49510 word types
INFO  PROGRESS: at sentence #100000, processed 1681647 words, keeping 50822 word types
INFO  PROGRESS: at sentence #110000, processed 1845504 words, keeping 51167 word types
INFO  PROGRESS: at sentence #120000, processed 2011000 words, keeping 52136 word types
INFO  PROGRESS: at sentence #130000, processed 2161339 words, keeping 55681 word types
INFO  PROGRESS: at sentence #140000, processed 2317348 words, keeping 56223 word types
INFO  collected 56223 word types from a corpus of 2321701 raw words and 140347 sentences
INFO  Creating a fresh vocabulary
INFO  Word2Vec lifecycle event {'msg': 'effective_min_count=3 retains 30654 unique words (54.52% of original 56223, drops 25569)', 'datetime': '2026-03-22T23:00:37.871623', 'gensim': '4.4.0', 'python': '3.11.6 (main, Nov 29 2023, 13:29:33) [GCC 12.3.0]', 'platform': 'Linux-4.18.0-372.9.1.el8.x86_64-x86_64-with-glibc2.28', 'event': 'prepare_vocab'}
INFO  Word2Vec lifecycle event {'msg': 'effective_min_count=3 leaves 2287458 word corpus (98.53% of original 2321701, drops 34243)', 'datetime': '2026-03-22T23:00:37.871740', 'gensim': '4.4.0', 'python': '3.11.6 (main, Nov 29 2023, 13:29:33) [GCC 12.3.0]', 'platform': 'Linux-4.18.0-372.9.1.el8.x86_64-x86_64-with-glibc2.28', 'event': 'prepare_vocab'}
INFO  deleting the raw counts dictionary of 56223 items
INFO  sample=0.001 downsamples 15 most-common words
INFO  Word2Vec lifecycle event {'msg': 'downsampling leaves estimated 2250256.7636849396 word corpus (98.4%% of prior 2287458)', 'datetime': '2026-03-22T23:00:37.977080', 'gensim': '4.4.0', 'python': '3.11.6 (main, Nov 29 2023, 13:29:33) [GCC 12.3.0]', 'platform': 'Linux-4.18.0-372.9.1.el8.x86_64-x86_64-with-glibc2.28', 'event': 'prepare_vocab'}
INFO  estimated required memory for 30654 words and 50 dimensions: 27588600 bytes
INFO  resetting layer weights
INFO  Word2Vec lifecycle event {'update': False, 'trim_rule': 'None', 'datetime': '2026-03-22T23:00:38.169550', 'gensim': '4.4.0', 'python': '3.11.6 (main, Nov 29 2023, 13:29:33) [GCC 12.3.0]', 'platform': 'Linux-4.18.0-372.9.1.el8.x86_64-x86_64-with-glibc2.28', 'event': 'build_vocab'}
INFO  Word2Vec lifecycle event {'msg': 'training model with 4 workers on 30654 vocabulary and 50 features, using sg=1 hs=0 sample=0.001 negative=5 window=3 shrink_windows=True', 'datetime': '2026-03-22T23:00:38.169671', 'gensim': '4.4.0', 'python': '3.11.6 (main, Nov 29 2023, 13:29:33) [GCC 12.3.0]', 'platform': 'Linux-4.18.0-372.9.1.el8.x86_64-x86_64-with-glibc2.28', 'event': 'train'}
INFO  EPOCH 0 - PROGRESS: at 38.58% examples, 897612 words/s, in_qsize 8, out_qsize 0
INFO  EPOCH 0 - PROGRESS: at 82.32% examples, 929755 words/s, in_qsize 7, out_qsize 0
INFO  EPOCH 0: training on 2321701 raw words (2250247 effective words) took 2.4s, 933964 effective words/s
INFO  EPOCH 1 - PROGRESS: at 27.69% examples, 670261 words/s, in_qsize 7, out_qsize 0
INFO  EPOCH 1 - PROGRESS: at 68.08% examples, 763532 words/s, in_qsize 7, out_qsize 0
INFO  EPOCH 1: training on 2321701 raw words (2250415 effective words) took 2.7s, 830874 effective words/s
INFO  EPOCH 2 - PROGRESS: at 40.96% examples, 946215 words/s, in_qsize 7, out_qsize 0
INFO  EPOCH 2 - PROGRESS: at 83.61% examples, 947781 words/s, in_qsize 7, out_qsize 0
INFO  EPOCH 2: training on 2321701 raw words (2250116 effective words) took 2.3s, 958204 effective words/s
INFO  EPOCH 3 - PROGRESS: at 42.92% examples, 990385 words/s, in_qsize 7, out_qsize 0
INFO  EPOCH 3 - PROGRESS: at 89.40% examples, 1009735 words/s, in_qsize 7, out_qsize 0
INFO  EPOCH 3: training on 2321701 raw words (2250243 effective words) took 2.2s, 1013082 effective words/s
INFO  EPOCH 4 - PROGRESS: at 40.96% examples, 949321 words/s, in_qsize 7, out_qsize 0
INFO  EPOCH 4 - PROGRESS: at 83.91% examples, 952467 words/s, in_qsize 7, out_qsize 0
INFO  EPOCH 4: training on 2321701 raw words (2250414 effective words) took 2.3s, 965559 effective words/s
INFO  EPOCH 5 - PROGRESS: at 42.92% examples, 989759 words/s, in_qsize 8, out_qsize 0
INFO  EPOCH 5 - PROGRESS: at 90.02% examples, 1012357 words/s, in_qsize 7, out_qsize 0
INFO  EPOCH 5: training on 2321701 raw words (2250085 effective words) took 2.2s, 1016148 effective words/s
INFO  EPOCH 6 - PROGRESS: at 42.92% examples, 980033 words/s, in_qsize 8, out_qsize 0
INFO  EPOCH 6 - PROGRESS: at 90.02% examples, 1006611 words/s, in_qsize 7, out_qsize 0
INFO  EPOCH 6: training on 2321701 raw words (2250263 effective words) took 2.2s, 1013552 effective words/s
INFO  EPOCH 7 - PROGRESS: at 39.99% examples, 933809 words/s, in_qsize 7, out_qsize 0
INFO  EPOCH 7 - PROGRESS: at 83.96% examples, 954957 words/s, in_qsize 7, out_qsize 0
INFO  EPOCH 7: training on 2321701 raw words (2250167 effective words) took 2.3s, 962345 effective words/s
INFO  EPOCH 8 - PROGRESS: at 38.58% examples, 899927 words/s, in_qsize 7, out_qsize 0
INFO  EPOCH 8 - PROGRESS: at 81.45% examples, 923443 words/s, in_qsize 7, out_qsize 0
INFO  EPOCH 8: training on 2321701 raw words (2250351 effective words) took 2.4s, 938747 effective words/s
INFO  EPOCH 9 - PROGRESS: at 41.32% examples, 962113 words/s, in_qsize 7, out_qsize 0
INFO  EPOCH 9 - PROGRESS: at 84.39% examples, 962260 words/s, in_qsize 7, out_qsize 0
INFO  EPOCH 9: training on 2321701 raw words (2250105 effective words) took 2.3s, 976379 effective words/s
INFO  EPOCH 10 - PROGRESS: at 40.04% examples, 934996 words/s, in_qsize 7, out_qsize 0
INFO  EPOCH 10 - PROGRESS: at 82.32% examples, 938202 words/s, in_qsize 7, out_qsize 0
INFO  EPOCH 10: training on 2321701 raw words (2250448 effective words) took 2.4s, 947931 effective words/s
INFO  EPOCH 11 - PROGRESS: at 38.58% examples, 904122 words/s, in_qsize 8, out_qsize 0
INFO  EPOCH 11 - PROGRESS: at 80.61% examples, 917595 words/s, in_qsize 7, out_qsize 0
INFO  EPOCH 11: training on 2321701 raw words (2250064 effective words) took 2.4s, 926414 effective words/s
INFO  EPOCH 12 - PROGRESS: at 39.58% examples, 918122 words/s, in_qsize 7, out_qsize 0
INFO  EPOCH 12 - PROGRESS: at 83.13% examples, 942577 words/s, in_qsize 7, out_qsize 0
INFO  EPOCH 12: training on 2321701 raw words (2250232 effective words) took 2.4s, 947120 effective words/s
INFO  EPOCH 13 - PROGRESS: at 41.32% examples, 949350 words/s, in_qsize 7, out_qsize 0
INFO  EPOCH 13 - PROGRESS: at 84.39% examples, 954626 words/s, in_qsize 7, out_qsize 0
INFO  EPOCH 13: training on 2321701 raw words (2250247 effective words) took 2.3s, 962933 effective words/s
INFO  EPOCH 14 - PROGRESS: at 42.92% examples, 987836 words/s, in_qsize 7, out_qsize 0
INFO  EPOCH 14 - PROGRESS: at 90.02% examples, 1010350 words/s, in_qsize 7, out_qsize 0
INFO  EPOCH 14: training on 2321701 raw words (2250167 effective words) took 2.2s, 1016743 effective words/s
INFO  EPOCH 15 - PROGRESS: at 43.39% examples, 996363 words/s, in_qsize 7, out_qsize 0
INFO  EPOCH 15 - PROGRESS: at 90.45% examples, 1017711 words/s, in_qsize 7, out_qsize 0
INFO  EPOCH 15: training on 2321701 raw words (2250459 effective words) took 2.2s, 1021670 effective words/s
INFO  EPOCH 16 - PROGRESS: at 40.96% examples, 954106 words/s, in_qsize 7, out_qsize 0
INFO  EPOCH 16 - PROGRESS: at 84.88% examples, 967240 words/s, in_qsize 7, out_qsize 0
INFO  EPOCH 16: training on 2321701 raw words (2250154 effective words) took 2.3s, 969006 effective words/s
INFO  EPOCH 17 - PROGRESS: at 42.92% examples, 990353 words/s, in_qsize 7, out_qsize 0
INFO  EPOCH 17 - PROGRESS: at 90.02% examples, 1012315 words/s, in_qsize 7, out_qsize 0
INFO  EPOCH 17: training on 2321701 raw words (2250372 effective words) took 2.2s, 1017572 effective words/s
INFO  EPOCH 18 - PROGRESS: at 39.58% examples, 913605 words/s, in_qsize 7, out_qsize 0
INFO  EPOCH 18 - PROGRESS: at 83.48% examples, 943040 words/s, in_qsize 7, out_qsize 0
INFO  EPOCH 18: training on 2321701 raw words (2250437 effective words) took 2.4s, 952066 effective words/s
INFO  EPOCH 19 - PROGRESS: at 39.58% examples, 915310 words/s, in_qsize 7, out_qsize 0
INFO  EPOCH 19 - PROGRESS: at 82.76% examples, 935048 words/s, in_qsize 7, out_qsize 0
INFO  EPOCH 19: training on 2321701 raw words (2250168 effective words) took 2.4s, 944333 effective words/s
INFO  Word2Vec lifecycle event {'msg': 'training on 46434020 raw words (45005154 effective words) took 46.9s, 960423 effective words/s', 'datetime': '2026-03-22T23:01:25.029526', 'gensim': '4.4.0', 'python': '3.11.6 (main, Nov 29 2023, 13:29:33) [GCC 12.3.0]', 'platform': 'Linux-4.18.0-372.9.1.el8.x86_64-x86_64-with-glibc2.28', 'event': 'train'}
INFO  Word2Vec lifecycle event {'params': 'Word2Vec<vocab=30654, vector_size=50, alpha=0.025>', 'datetime': '2026-03-22T23:01:25.029855', 'gensim': '4.4.0', 'python': '3.11.6 (main, Nov 29 2023, 13:29:33) [GCC 12.3.0]', 'platform': 'Linux-4.18.0-372.9.1.el8.x86_64-x86_64-with-glibc2.28', 'event': 'created'}
INFO  Word2Vec lifecycle event {'fname_or_handle': '/csehome/m25csa031/iitj_pipeline_final/models/SkipGram_e1.model', 'separately': 'None', 'sep_limit': 10485760, 'ignore': frozenset(), 'datetime': '2026-03-22T23:01:25.042798', 'gensim': '4.4.0', 'python': '3.11.6 (main, Nov 29 2023, 13:29:33) [GCC 12.3.0]', 'platform': 'Linux-4.18.0-372.9.1.el8.x86_64-x86_64-with-glibc2.28', 'event': 'saving'}
INFO  not storing attribute cum_table
INFO  saved /csehome/m25csa031/iitj_pipeline_final/models/SkipGram_e1.model
INFO    Done in 47.6s  |  vocab=30654
INFO  Training SkipGram_e2  (dim=100, win=5, neg=10) …
INFO  collecting all words and their counts
INFO  PROGRESS: at sentence #0, processed 0 words, keeping 0 word types
INFO  PROGRESS: at sentence #10000, processed 151914 words, keeping 11507 word types
INFO  PROGRESS: at sentence #20000, processed 353186 words, keeping 22578 word types
INFO  PROGRESS: at sentence #30000, processed 561380 words, keeping 27889 word types
INFO  PROGRESS: at sentence #40000, processed 720628 words, keeping 32546 word types
INFO  PROGRESS: at sentence #50000, processed 883590 words, keeping 37607 word types
INFO  PROGRESS: at sentence #60000, processed 1029390 words, keeping 39524 word types
INFO  PROGRESS: at sentence #70000, processed 1207759 words, keeping 43941 word types
INFO  PROGRESS: at sentence #80000, processed 1354787 words, keeping 46063 word types
INFO  PROGRESS: at sentence #90000, processed 1529045 words, keeping 49510 word types
INFO  PROGRESS: at sentence #100000, processed 1681647 words, keeping 50822 word types
INFO  PROGRESS: at sentence #110000, processed 1845504 words, keeping 51167 word types
INFO  PROGRESS: at sentence #120000, processed 2011000 words, keeping 52136 word types
INFO  PROGRESS: at sentence #130000, processed 2161339 words, keeping 55681 word types
INFO  PROGRESS: at sentence #140000, processed 2317348 words, keeping 56223 word types
INFO  collected 56223 word types from a corpus of 2321701 raw words and 140347 sentences
INFO  Creating a fresh vocabulary
INFO  Word2Vec lifecycle event {'msg': 'effective_min_count=3 retains 30654 unique words (54.52% of original 56223, drops 25569)', 'datetime': '2026-03-22T23:01:25.573223', 'gensim': '4.4.0', 'python': '3.11.6 (main, Nov 29 2023, 13:29:33) [GCC 12.3.0]', 'platform': 'Linux-4.18.0-372.9.1.el8.x86_64-x86_64-with-glibc2.28', 'event': 'prepare_vocab'}
INFO  Word2Vec lifecycle event {'msg': 'effective_min_count=3 leaves 2287458 word corpus (98.53% of original 2321701, drops 34243)', 'datetime': '2026-03-22T23:01:25.573338', 'gensim': '4.4.0', 'python': '3.11.6 (main, Nov 29 2023, 13:29:33) [GCC 12.3.0]', 'platform': 'Linux-4.18.0-372.9.1.el8.x86_64-x86_64-with-glibc2.28', 'event': 'prepare_vocab'}
INFO  deleting the raw counts dictionary of 56223 items
INFO  sample=0.001 downsamples 15 most-common words
INFO  Word2Vec lifecycle event {'msg': 'downsampling leaves estimated 2250256.7636849396 word corpus (98.4%% of prior 2287458)', 'datetime': '2026-03-22T23:01:25.678202', 'gensim': '4.4.0', 'python': '3.11.6 (main, Nov 29 2023, 13:29:33) [GCC 12.3.0]', 'platform': 'Linux-4.18.0-372.9.1.el8.x86_64-x86_64-with-glibc2.28', 'event': 'prepare_vocab'}
INFO  estimated required memory for 30654 words and 100 dimensions: 39850200 bytes
INFO  resetting layer weights
INFO  Word2Vec lifecycle event {'update': False, 'trim_rule': 'None', 'datetime': '2026-03-22T23:01:25.873908', 'gensim': '4.4.0', 'python': '3.11.6 (main, Nov 29 2023, 13:29:33) [GCC 12.3.0]', 'platform': 'Linux-4.18.0-372.9.1.el8.x86_64-x86_64-with-glibc2.28', 'event': 'build_vocab'}
INFO  Word2Vec lifecycle event {'msg': 'training model with 4 workers on 30654 vocabulary and 100 features, using sg=1 hs=0 sample=0.001 negative=10 window=5 shrink_windows=True', 'datetime': '2026-03-22T23:01:25.874040', 'gensim': '4.4.0', 'python': '3.11.6 (main, Nov 29 2023, 13:29:33) [GCC 12.3.0]', 'platform': 'Linux-4.18.0-372.9.1.el8.x86_64-x86_64-with-glibc2.28', 'event': 'train'}
INFO  EPOCH 0 - PROGRESS: at 14.53% examples, 355891 words/s, in_qsize 7, out_qsize 0
INFO  EPOCH 0 - PROGRESS: at 32.34% examples, 377051 words/s, in_qsize 7, out_qsize 0
INFO  EPOCH 0 - PROGRESS: at 51.61% examples, 387638 words/s, in_qsize 7, out_qsize 0
INFO  EPOCH 0 - PROGRESS: at 70.76% examples, 392561 words/s, in_qsize 7, out_qsize 0
INFO  EPOCH 0 - PROGRESS: at 90.02% examples, 397600 words/s, in_qsize 7, out_qsize 0
INFO  EPOCH 0: training on 2321701 raw words (2250078 effective words) took 5.6s, 400094 effective words/s
INFO  EPOCH 1 - PROGRESS: at 15.36% examples, 389852 words/s, in_qsize 7, out_qsize 0
INFO  EPOCH 1 - PROGRESS: at 34.99% examples, 405541 words/s, in_qsize 7, out_qsize 0
INFO  EPOCH 1 - PROGRESS: at 55.43% examples, 413595 words/s, in_qsize 7, out_qsize 0
INFO  EPOCH 1 - PROGRESS: at 74.03% examples, 414851 words/s, in_qsize 7, out_qsize 0
INFO  EPOCH 1 - PROGRESS: at 94.45% examples, 417326 words/s, in_qsize 7, out_qsize 0
INFO  EPOCH 1: training on 2321701 raw words (2250092 effective words) took 5.4s, 419120 effective words/s
INFO  EPOCH 2 - PROGRESS: at 15.36% examples, 396900 words/s, in_qsize 7, out_qsize 0
INFO  EPOCH 2 - PROGRESS: at 34.99% examples, 411952 words/s, in_qsize 7, out_qsize 0
INFO  EPOCH 2 - PROGRESS: at 55.77% examples, 421738 words/s, in_qsize 7, out_qsize 0
INFO  EPOCH 2 - PROGRESS: at 74.03% examples, 419583 words/s, in_qsize 7, out_qsize 0
INFO  EPOCH 2 - PROGRESS: at 94.45% examples, 421486 words/s, in_qsize 7, out_qsize 0
INFO  EPOCH 2: training on 2321701 raw words (2250265 effective words) took 5.3s, 423189 effective words/s
INFO  EPOCH 3 - PROGRESS: at 15.36% examples, 395742 words/s, in_qsize 7, out_qsize 0
INFO  EPOCH 3 - PROGRESS: at 34.56% examples, 403649 words/s, in_qsize 7, out_qsize 0
INFO  EPOCH 3 - PROGRESS: at 54.89% examples, 412030 words/s, in_qsize 7, out_qsize 0
INFO  EPOCH 3 - PROGRESS: at 72.79% examples, 409164 words/s, in_qsize 7, out_qsize 0
INFO  EPOCH 3 - PROGRESS: at 92.45% examples, 412744 words/s, in_qsize 7, out_qsize 0
INFO  EPOCH 3: training on 2321701 raw words (2250578 effective words) took 5.4s, 414419 effective words/s
INFO  EPOCH 4 - PROGRESS: at 15.36% examples, 397270 words/s, in_qsize 7, out_qsize 0
INFO  EPOCH 4 - PROGRESS: at 34.78% examples, 406850 words/s, in_qsize 8, out_qsize 1
INFO  EPOCH 4 - PROGRESS: at 55.77% examples, 417910 words/s, in_qsize 7, out_qsize 0
INFO  EPOCH 4 - PROGRESS: at 74.03% examples, 416663 words/s, in_qsize 7, out_qsize 0
INFO  EPOCH 4 - PROGRESS: at 94.03% examples, 418745 words/s, in_qsize 7, out_qsize 0
INFO  EPOCH 4: training on 2321701 raw words (2250256 effective words) took 5.4s, 419373 effective words/s
INFO  EPOCH 5 - PROGRESS: at 15.36% examples, 394435 words/s, in_qsize 7, out_qsize 0
INFO  EPOCH 5 - PROGRESS: at 34.78% examples, 412403 words/s, in_qsize 7, out_qsize 0
INFO  EPOCH 5 - PROGRESS: at 55.77% examples, 421386 words/s, in_qsize 7, out_qsize 0
INFO  EPOCH 5 - PROGRESS: at 74.45% examples, 421344 words/s, in_qsize 7, out_qsize 0
INFO  EPOCH 5 - PROGRESS: at 94.45% examples, 421721 words/s, in_qsize 7, out_qsize 0
INFO  EPOCH 5: training on 2321701 raw words (2250652 effective words) took 5.3s, 423606 effective words/s
INFO  EPOCH 6 - PROGRESS: at 15.84% examples, 396561 words/s, in_qsize 7, out_qsize 0
INFO  EPOCH 6 - PROGRESS: at 36.10% examples, 412926 words/s, in_qsize 7, out_qsize 0
INFO  EPOCH 6 - PROGRESS: at 56.50% examples, 416287 words/s, in_qsize 7, out_qsize 0
INFO  EPOCH 6 - PROGRESS: at 75.71% examples, 420241 words/s, in_qsize 7, out_qsize 0
INFO  EPOCH 6 - PROGRESS: at 95.89% examples, 420057 words/s, in_qsize 7, out_qsize 0
INFO  EPOCH 6: training on 2321701 raw words (2250329 effective words) took 5.3s, 421685 effective words/s
INFO  EPOCH 7 - PROGRESS: at 15.84% examples, 403888 words/s, in_qsize 7, out_qsize 0
INFO  EPOCH 7 - PROGRESS: at 35.59% examples, 421499 words/s, in_qsize 7, out_qsize 0
INFO  EPOCH 7 - PROGRESS: at 56.44% examples, 424178 words/s, in_qsize 7, out_qsize 0
INFO  EPOCH 7 - PROGRESS: at 75.71% examples, 425127 words/s, in_qsize 7, out_qsize 0
INFO  EPOCH 7 - PROGRESS: at 96.40% examples, 425441 words/s, in_qsize 7, out_qsize 0
INFO  EPOCH 7: training on 2321701 raw words (2250244 effective words) took 5.3s, 427313 effective words/s
INFO  EPOCH 8 - PROGRESS: at 15.84% examples, 397741 words/s, in_qsize 7, out_qsize 0
INFO  EPOCH 8 - PROGRESS: at 35.59% examples, 414200 words/s, in_qsize 7, out_qsize 0
INFO  EPOCH 8 - PROGRESS: at 56.04% examples, 417665 words/s, in_qsize 7, out_qsize 0
INFO  EPOCH 8 - PROGRESS: at 74.83% examples, 420255 words/s, in_qsize 7, out_qsize 0
INFO  EPOCH 8 - PROGRESS: at 94.90% examples, 420877 words/s, in_qsize 7, out_qsize 0
INFO  EPOCH 8: training on 2321701 raw words (2250363 effective words) took 5.3s, 423101 effective words/s
INFO  EPOCH 9 - PROGRESS: at 15.84% examples, 396787 words/s, in_qsize 7, out_qsize 0
INFO  EPOCH 9 - PROGRESS: at 35.59% examples, 416901 words/s, in_qsize 7, out_qsize 0
INFO  EPOCH 9 - PROGRESS: at 56.04% examples, 416896 words/s, in_qsize 7, out_qsize 0
INFO  EPOCH 9 - PROGRESS: at 75.25% examples, 420854 words/s, in_qsize 7, out_qsize 0
INFO  EPOCH 9 - PROGRESS: at 95.33% examples, 422317 words/s, in_qsize 7, out_qsize 0
INFO  EPOCH 9: training on 2321701 raw words (2250234 effective words) took 5.3s, 423423 effective words/s
INFO  EPOCH 10 - PROGRESS: at 15.36% examples, 390873 words/s, in_qsize 7, out_qsize 0
INFO  EPOCH 10 - PROGRESS: at 34.56% examples, 403966 words/s, in_qsize 7, out_qsize 0
INFO  EPOCH 10 - PROGRESS: at 54.38% examples, 408123 words/s, in_qsize 7, out_qsize 0
INFO  EPOCH 10 - PROGRESS: at 73.21% examples, 410175 words/s, in_qsize 7, out_qsize 0
INFO  EPOCH 10 - PROGRESS: at 92.97% examples, 412948 words/s, in_qsize 7, out_qsize 0
INFO  EPOCH 10: training on 2321701 raw words (2250053 effective words) took 5.4s, 415084 effective words/s
INFO  EPOCH 11 - PROGRESS: at 16.18% examples, 416353 words/s, in_qsize 7, out_qsize 0
INFO  EPOCH 11 - PROGRESS: at 36.10% examples, 423227 words/s, in_qsize 7, out_qsize 0
INFO  EPOCH 11 - PROGRESS: at 56.90% examples, 428758 words/s, in_qsize 7, out_qsize 0
INFO  EPOCH 11 - PROGRESS: at 76.21% examples, 428113 words/s, in_qsize 7, out_qsize 0
INFO  EPOCH 11 - PROGRESS: at 96.40% examples, 427906 words/s, in_qsize 7, out_qsize 0
INFO  EPOCH 11: training on 2321701 raw words (2250343 effective words) took 5.2s, 429449 effective words/s
INFO  EPOCH 12 - PROGRESS: at 15.36% examples, 391072 words/s, in_qsize 7, out_qsize 0
INFO  EPOCH 12 - PROGRESS: at 34.78% examples, 408317 words/s, in_qsize 7, out_qsize 0
INFO  EPOCH 12 - PROGRESS: at 54.89% examples, 412083 words/s, in_qsize 7, out_qsize 0
INFO  EPOCH 12 - PROGRESS: at 73.64% examples, 411394 words/s, in_qsize 7, out_qsize 0
INFO  EPOCH 12 - PROGRESS: at 94.03% examples, 416279 words/s, in_qsize 7, out_qsize 0
INFO  EPOCH 12: training on 2321701 raw words (2250337 effective words) took 5.4s, 418430 effective words/s
INFO  EPOCH 13 - PROGRESS: at 16.18% examples, 417461 words/s, in_qsize 7, out_qsize 0
INFO  EPOCH 13 - PROGRESS: at 36.10% examples, 425576 words/s, in_qsize 7, out_qsize 0
INFO  EPOCH 13 - PROGRESS: at 56.50% examples, 425697 words/s, in_qsize 7, out_qsize 0
INFO  EPOCH 13 - PROGRESS: at 75.71% examples, 428139 words/s, in_qsize 7, out_qsize 0
INFO  EPOCH 13 - PROGRESS: at 96.40% examples, 429690 words/s, in_qsize 7, out_qsize 0
INFO  EPOCH 13: training on 2321701 raw words (2250205 effective words) took 5.2s, 431083 effective words/s
INFO  EPOCH 14 - PROGRESS: at 15.84% examples, 408122 words/s, in_qsize 7, out_qsize 0
INFO  EPOCH 14 - PROGRESS: at 36.10% examples, 424958 words/s, in_qsize 7, out_qsize 0
INFO  EPOCH 14 - PROGRESS: at 56.44% examples, 424193 words/s, in_qsize 7, out_qsize 0
INFO  EPOCH 14 - PROGRESS: at 75.71% examples, 426625 words/s, in_qsize 7, out_qsize 0
INFO  EPOCH 14 - PROGRESS: at 96.40% examples, 428829 words/s, in_qsize 7, out_qsize 0
INFO  EPOCH 14: training on 2321701 raw words (2250254 effective words) took 5.2s, 430277 effective words/s
INFO  EPOCH 15 - PROGRESS: at 15.36% examples, 395414 words/s, in_qsize 7, out_qsize 0
INFO  EPOCH 15 - PROGRESS: at 34.44% examples, 401861 words/s, in_qsize 7, out_qsize 0
INFO  EPOCH 15 - PROGRESS: at 55.43% examples, 413475 words/s, in_qsize 7, out_qsize 0
INFO  EPOCH 15 - PROGRESS: at 74.03% examples, 413224 words/s, in_qsize 7, out_qsize 0
INFO  EPOCH 15 - PROGRESS: at 94.45% examples, 415854 words/s, in_qsize 7, out_qsize 0
INFO  EPOCH 15: training on 2321701 raw words (2250419 effective words) took 5.4s, 418173 effective words/s
INFO  EPOCH 16 - PROGRESS: at 15.36% examples, 398301 words/s, in_qsize 7, out_qsize 0
INFO  EPOCH 16 - PROGRESS: at 34.78% examples, 414429 words/s, in_qsize 7, out_qsize 0
INFO  EPOCH 16 - PROGRESS: at 56.04% examples, 423517 words/s, in_qsize 7, out_qsize 0
INFO  EPOCH 16 - PROGRESS: at 75.25% examples, 423821 words/s, in_qsize 7, out_qsize 0
INFO  EPOCH 16 - PROGRESS: at 96.40% examples, 426603 words/s, in_qsize 7, out_qsize 0
INFO  EPOCH 16: training on 2321701 raw words (2250401 effective words) took 5.3s, 428011 effective words/s
INFO  EPOCH 17 - PROGRESS: at 15.36% examples, 396413 words/s, in_qsize 7, out_qsize 0
INFO  EPOCH 17 - PROGRESS: at 34.78% examples, 411450 words/s, in_qsize 7, out_qsize 0
INFO  EPOCH 17 - PROGRESS: at 55.77% examples, 421356 words/s, in_qsize 7, out_qsize 0
INFO  EPOCH 17 - PROGRESS: at 74.45% examples, 418109 words/s, in_qsize 7, out_qsize 0
INFO  EPOCH 17 - PROGRESS: at 94.90% examples, 420657 words/s, in_qsize 7, out_qsize 0
INFO  EPOCH 17: training on 2321701 raw words (2250109 effective words) took 5.3s, 422483 effective words/s
INFO  EPOCH 18 - PROGRESS: at 15.36% examples, 393760 words/s, in_qsize 7, out_qsize 0
INFO  EPOCH 18 - PROGRESS: at 34.78% examples, 411382 words/s, in_qsize 7, out_qsize 0
INFO  EPOCH 18 - PROGRESS: at 56.04% examples, 418492 words/s, in_qsize 7, out_qsize 0
INFO  EPOCH 18 - PROGRESS: at 74.83% examples, 419678 words/s, in_qsize 7, out_qsize 0
INFO  EPOCH 18 - PROGRESS: at 94.90% examples, 421123 words/s, in_qsize 7, out_qsize 0
INFO  EPOCH 18: training on 2321701 raw words (2250314 effective words) took 5.3s, 424147 effective words/s
INFO  EPOCH 19 - PROGRESS: at 15.36% examples, 398439 words/s, in_qsize 7, out_qsize 0
INFO  EPOCH 19 - PROGRESS: at 34.78% examples, 411098 words/s, in_qsize 7, out_qsize 0
INFO  EPOCH 19 - PROGRESS: at 56.04% examples, 423452 words/s, in_qsize 7, out_qsize 0
INFO  EPOCH 19 - PROGRESS: at 75.25% examples, 420086 words/s, in_qsize 7, out_qsize 0
INFO  EPOCH 19 - PROGRESS: at 95.46% examples, 421430 words/s, in_qsize 7, out_qsize 0
INFO  EPOCH 19: training on 2321701 raw words (2250336 effective words) took 5.3s, 424801 effective words/s
INFO  Word2Vec lifecycle event {'msg': 'training on 46434020 raw words (45005862 effective words) took 106.9s, 421085 effective words/s', 'datetime': '2026-03-22T23:03:12.754947', 'gensim': '4.4.0', 'python': '3.11.6 (main, Nov 29 2023, 13:29:33) [GCC 12.3.0]', 'platform': 'Linux-4.18.0-372.9.1.el8.x86_64-x86_64-with-glibc2.28', 'event': 'train'}
INFO  Word2Vec lifecycle event {'params': 'Word2Vec<vocab=30654, vector_size=100, alpha=0.025>', 'datetime': '2026-03-22T23:03:12.755316', 'gensim': '4.4.0', 'python': '3.11.6 (main, Nov 29 2023, 13:29:33) [GCC 12.3.0]', 'platform': 'Linux-4.18.0-372.9.1.el8.x86_64-x86_64-with-glibc2.28', 'event': 'created'}
INFO  Word2Vec lifecycle event {'fname_or_handle': '/csehome/m25csa031/iitj_pipeline_final/models/SkipGram_e2.model', 'separately': 'None', 'sep_limit': 10485760, 'ignore': frozenset(), 'datetime': '2026-03-22T23:03:12.761570', 'gensim': '4.4.0', 'python': '3.11.6 (main, Nov 29 2023, 13:29:33) [GCC 12.3.0]', 'platform': 'Linux-4.18.0-372.9.1.el8.x86_64-x86_64-with-glibc2.28', 'event': 'saving'}
INFO  not storing attribute cum_table
INFO  saved /csehome/m25csa031/iitj_pipeline_final/models/SkipGram_e2.model
INFO    Done in 107.6s  |  vocab=30654
INFO  Training SkipGram_e3  (dim=200, win=7, neg=15) …
INFO  collecting all words and their counts
INFO  PROGRESS: at sentence #0, processed 0 words, keeping 0 word types
INFO  PROGRESS: at sentence #10000, processed 151914 words, keeping 11507 word types
INFO  PROGRESS: at sentence #20000, processed 353186 words, keeping 22578 word types
INFO  PROGRESS: at sentence #30000, processed 561380 words, keeping 27889 word types
INFO  PROGRESS: at sentence #40000, processed 720628 words, keeping 32546 word types
INFO  PROGRESS: at sentence #50000, processed 883590 words, keeping 37607 word types
INFO  PROGRESS: at sentence #60000, processed 1029390 words, keeping 39524 word types
INFO  PROGRESS: at sentence #70000, processed 1207759 words, keeping 43941 word types
INFO  PROGRESS: at sentence #80000, processed 1354787 words, keeping 46063 word types
INFO  PROGRESS: at sentence #90000, processed 1529045 words, keeping 49510 word types
INFO  PROGRESS: at sentence #100000, processed 1681647 words, keeping 50822 word types
INFO  PROGRESS: at sentence #110000, processed 1845504 words, keeping 51167 word types
INFO  PROGRESS: at sentence #120000, processed 2011000 words, keeping 52136 word types
INFO  PROGRESS: at sentence #130000, processed 2161339 words, keeping 55681 word types
INFO  PROGRESS: at sentence #140000, processed 2317348 words, keeping 56223 word types
INFO  collected 56223 word types from a corpus of 2321701 raw words and 140347 sentences
INFO  Creating a fresh vocabulary
INFO  Word2Vec lifecycle event {'msg': 'effective_min_count=3 retains 30654 unique words (54.52% of original 56223, drops 25569)', 'datetime': '2026-03-22T23:03:13.331800', 'gensim': '4.4.0', 'python': '3.11.6 (main, Nov 29 2023, 13:29:33) [GCC 12.3.0]', 'platform': 'Linux-4.18.0-372.9.1.el8.x86_64-x86_64-with-glibc2.28', 'event': 'prepare_vocab'}
INFO  Word2Vec lifecycle event {'msg': 'effective_min_count=3 leaves 2287458 word corpus (98.53% of original 2321701, drops 34243)', 'datetime': '2026-03-22T23:03:13.331913', 'gensim': '4.4.0', 'python': '3.11.6 (main, Nov 29 2023, 13:29:33) [GCC 12.3.0]', 'platform': 'Linux-4.18.0-372.9.1.el8.x86_64-x86_64-with-glibc2.28', 'event': 'prepare_vocab'}
INFO  deleting the raw counts dictionary of 56223 items
INFO  sample=0.001 downsamples 15 most-common words
INFO  Word2Vec lifecycle event {'msg': 'downsampling leaves estimated 2250256.7636849396 word corpus (98.4%% of prior 2287458)', 'datetime': '2026-03-22T23:03:13.438325', 'gensim': '4.4.0', 'python': '3.11.6 (main, Nov 29 2023, 13:29:33) [GCC 12.3.0]', 'platform': 'Linux-4.18.0-372.9.1.el8.x86_64-x86_64-with-glibc2.28', 'event': 'prepare_vocab'}
INFO  estimated required memory for 30654 words and 200 dimensions: 64373400 bytes
INFO  resetting layer weights
INFO  Word2Vec lifecycle event {'update': False, 'trim_rule': 'None', 'datetime': '2026-03-22T23:03:13.649158', 'gensim': '4.4.0', 'python': '3.11.6 (main, Nov 29 2023, 13:29:33) [GCC 12.3.0]', 'platform': 'Linux-4.18.0-372.9.1.el8.x86_64-x86_64-with-glibc2.28', 'event': 'build_vocab'}
INFO  Word2Vec lifecycle event {'msg': 'training model with 4 workers on 30654 vocabulary and 200 features, using sg=1 hs=0 sample=0.001 negative=15 window=7 shrink_windows=True', 'datetime': '2026-03-22T23:03:13.649357', 'gensim': '4.4.0', 'python': '3.11.6 (main, Nov 29 2023, 13:29:33) [GCC 12.3.0]', 'platform': 'Linux-4.18.0-372.9.1.el8.x86_64-x86_64-with-glibc2.28', 'event': 'train'}
INFO  EPOCH 0 - PROGRESS: at 7.78% examples, 155658 words/s, in_qsize 7, out_qsize 0
INFO  EPOCH 0 - PROGRESS: at 14.53% examples, 175138 words/s, in_qsize 7, out_qsize 0
INFO  EPOCH 0 - PROGRESS: at 22.02% examples, 177583 words/s, in_qsize 7, out_qsize 0
INFO  EPOCH 0 - PROGRESS: at 31.09% examples, 177886 words/s, in_qsize 7, out_qsize 0
INFO  EPOCH 0 - PROGRESS: at 40.45% examples, 181749 words/s, in_qsize 7, out_qsize 0
INFO  EPOCH 0 - PROGRESS: at 48.83% examples, 183188 words/s, in_qsize 7, out_qsize 0
INFO  EPOCH 0 - PROGRESS: at 57.86% examples, 183037 words/s, in_qsize 7, out_qsize 0
INFO  EPOCH 0 - PROGRESS: at 65.65% examples, 182629 words/s, in_qsize 7, out_qsize 0
INFO  EPOCH 0 - PROGRESS: at 74.03% examples, 182846 words/s, in_qsize 7, out_qsize 0
INFO  EPOCH 0 - PROGRESS: at 82.32% examples, 183123 words/s, in_qsize 7, out_qsize 0
INFO  EPOCH 0 - PROGRESS: at 92.45% examples, 183828 words/s, in_qsize 7, out_qsize 0
INFO  EPOCH 0: training on 2321701 raw words (2250392 effective words) took 12.2s, 184813 effective words/s
INFO  EPOCH 1 - PROGRESS: at 7.78% examples, 161536 words/s, in_qsize 7, out_qsize 0
INFO  EPOCH 1 - PROGRESS: at 14.53% examples, 179766 words/s, in_qsize 7, out_qsize 0
INFO  EPOCH 1 - PROGRESS: at 22.02% examples, 182413 words/s, in_qsize 7, out_qsize 0
INFO  EPOCH 1 - PROGRESS: at 31.09% examples, 184595 words/s, in_qsize 7, out_qsize 0
INFO  EPOCH 1 - PROGRESS: at 40.55% examples, 185298 words/s, in_qsize 7, out_qsize 0
INFO  EPOCH 1 - PROGRESS: at 49.23% examples, 187132 words/s, in_qsize 7, out_qsize 0
INFO  EPOCH 1 - PROGRESS: at 59.46% examples, 188828 words/s, in_qsize 7, out_qsize 0
INFO  EPOCH 1 - PROGRESS: at 67.14% examples, 187867 words/s, in_qsize 7, out_qsize 0
INFO  EPOCH 1 - PROGRESS: at 75.71% examples, 188276 words/s, in_qsize 7, out_qsize 0
INFO  EPOCH 1 - PROGRESS: at 84.39% examples, 189119 words/s, in_qsize 7, out_qsize 0
INFO  EPOCH 1 - PROGRESS: at 94.45% examples, 189566 words/s, in_qsize 7, out_qsize 0
INFO  EPOCH 1: training on 2321701 raw words (2250183 effective words) took 11.8s, 190271 effective words/s
INFO  EPOCH 2 - PROGRESS: at 7.85% examples, 172218 words/s, in_qsize 7, out_qsize 0
INFO  EPOCH 2 - PROGRESS: at 14.89% examples, 177298 words/s, in_qsize 7, out_qsize 0
INFO  EPOCH 2 - PROGRESS: at 22.40% examples, 180189 words/s, in_qsize 7, out_qsize 0
INFO  EPOCH 2 - PROGRESS: at 32.44% examples, 187084 words/s, in_qsize 7, out_qsize 0
INFO  EPOCH 2 - PROGRESS: at 41.80% examples, 186664 words/s, in_qsize 7, out_qsize 0
INFO  EPOCH 2 - PROGRESS: at 50.07% examples, 185993 words/s, in_qsize 7, out_qsize 0
INFO  EPOCH 2 - PROGRESS: at 59.94% examples, 186875 words/s, in_qsize 7, out_qsize 0
INFO  EPOCH 2 - PROGRESS: at 68.60% examples, 188745 words/s, in_qsize 7, out_qsize 0
INFO  EPOCH 2 - PROGRESS: at 76.21% examples, 187558 words/s, in_qsize 7, out_qsize 0
INFO  EPOCH 2 - PROGRESS: at 84.91% examples, 188170 words/s, in_qsize 7, out_qsize 0
INFO  EPOCH 2 - PROGRESS: at 95.89% examples, 190098 words/s, in_qsize 7, out_qsize 0
INFO  EPOCH 2: training on 2321701 raw words (2250433 effective words) took 11.9s, 189552 effective words/s
INFO  EPOCH 3 - PROGRESS: at 8.17% examples, 181909 words/s, in_qsize 8, out_qsize 0
INFO  EPOCH 3 - PROGRESS: at 15.00% examples, 187664 words/s, in_qsize 7, out_qsize 0
INFO  EPOCH 3 - PROGRESS: at 23.35% examples, 191010 words/s, in_qsize 7, out_qsize 0
INFO  EPOCH 3 - PROGRESS: at 33.34% examples, 192264 words/s, in_qsize 7, out_qsize 0
INFO  EPOCH 3 - PROGRESS: at 43.39% examples, 195029 words/s, in_qsize 7, out_qsize 0
INFO  EPOCH 3 - PROGRESS: at 51.61% examples, 194138 words/s, in_qsize 7, out_qsize 0
INFO  EPOCH 3 - PROGRESS: at 62.17% examples, 194362 words/s, in_qsize 7, out_qsize 0
INFO  EPOCH 3 - PROGRESS: at 69.99% examples, 193995 words/s, in_qsize 7, out_qsize 0
INFO  EPOCH 3 - PROGRESS: at 78.53% examples, 194422 words/s, in_qsize 7, out_qsize 0
INFO  EPOCH 3 - PROGRESS: at 87.90% examples, 195351 words/s, in_qsize 7, out_qsize 0
INFO  EPOCH 3 - PROGRESS: at 97.76% examples, 195507 words/s, in_qsize 6, out_qsize 0
INFO  EPOCH 3: training on 2321701 raw words (2250208 effective words) took 11.5s, 195936 effective words/s
INFO  EPOCH 4 - PROGRESS: at 8.17% examples, 172670 words/s, in_qsize 7, out_qsize 0
INFO  EPOCH 4 - PROGRESS: at 14.92% examples, 182435 words/s, in_qsize 7, out_qsize 0
INFO  EPOCH 4 - PROGRESS: at 22.99% examples, 185775 words/s, in_qsize 7, out_qsize 0
INFO  EPOCH 4 - PROGRESS: at 32.44% examples, 185779 words/s, in_qsize 7, out_qsize 0
INFO  EPOCH 4 - PROGRESS: at 42.92% examples, 191627 words/s, in_qsize 7, out_qsize 0
INFO  EPOCH 4 - PROGRESS: at 51.09% examples, 189447 words/s, in_qsize 7, out_qsize 0
INFO  EPOCH 4 - PROGRESS: at 61.03% examples, 189880 words/s, in_qsize 7, out_qsize 0
INFO  EPOCH 4 - PROGRESS: at 69.58% examples, 190087 words/s, in_qsize 7, out_qsize 0
INFO  EPOCH 4 - PROGRESS: at 78.08% examples, 190869 words/s, in_qsize 7, out_qsize 0
INFO  EPOCH 4 - PROGRESS: at 87.90% examples, 191633 words/s, in_qsize 7, out_qsize 0
INFO  EPOCH 4 - PROGRESS: at 97.76% examples, 191697 words/s, in_qsize 6, out_qsize 0
INFO  EPOCH 4: training on 2321701 raw words (2250370 effective words) took 11.7s, 192515 effective words/s
INFO  EPOCH 5 - PROGRESS: at 8.10% examples, 174981 words/s, in_qsize 7, out_qsize 0
INFO  EPOCH 5 - PROGRESS: at 15.00% examples, 189625 words/s, in_qsize 7, out_qsize 0
INFO  EPOCH 5 - PROGRESS: at 23.35% examples, 191551 words/s, in_qsize 7, out_qsize 0
INFO  EPOCH 5 - PROGRESS: at 33.34% examples, 191334 words/s, in_qsize 7, out_qsize 0
INFO  EPOCH 5 - PROGRESS: at 43.58% examples, 194978 words/s, in_qsize 7, out_qsize 0
INFO  EPOCH 5 - PROGRESS: at 52.17% examples, 194651 words/s, in_qsize 7, out_qsize 0
INFO  EPOCH 5 - PROGRESS: at 62.38% examples, 194894 words/s, in_qsize 7, out_qsize 0
INFO  EPOCH 5 - PROGRESS: at 70.76% examples, 195486 words/s, in_qsize 7, out_qsize 0
INFO  EPOCH 5 - PROGRESS: at 79.81% examples, 196476 words/s, in_qsize 7, out_qsize 0
INFO  EPOCH 5 - PROGRESS: at 89.40% examples, 195726 words/s, in_qsize 7, out_qsize 0
INFO  EPOCH 5 - PROGRESS: at 98.97% examples, 196263 words/s, in_qsize 3, out_qsize 1
INFO  EPOCH 5: training on 2321701 raw words (2250183 effective words) took 11.4s, 196982 effective words/s
INFO  EPOCH 6 - PROGRESS: at 8.17% examples, 176824 words/s, in_qsize 7, out_qsize 0
INFO  EPOCH 6 - PROGRESS: at 15.00% examples, 190658 words/s, in_qsize 7, out_qsize 0
INFO  EPOCH 6 - PROGRESS: at 23.35% examples, 192507 words/s, in_qsize 7, out_qsize 0
INFO  EPOCH 6 - PROGRESS: at 33.34% examples, 192507 words/s, in_qsize 7, out_qsize 0
INFO  EPOCH 6 - PROGRESS: at 43.39% examples, 193916 words/s, in_qsize 7, out_qsize 0
INFO  EPOCH 6 - PROGRESS: at 51.61% examples, 193369 words/s, in_qsize 7, out_qsize 0
INFO  EPOCH 6 - PROGRESS: at 62.17% examples, 193918 words/s, in_qsize 7, out_qsize 0
INFO  EPOCH 6 - PROGRESS: at 70.76% examples, 193981 words/s, in_qsize 7, out_qsize 0
INFO  EPOCH 6 - PROGRESS: at 79.81% examples, 194184 words/s, in_qsize 7, out_qsize 0
INFO  EPOCH 6 - PROGRESS: at 89.83% examples, 194595 words/s, in_qsize 7, out_qsize 0
INFO  EPOCH 6 - PROGRESS: at 99.58% examples, 195115 words/s, in_qsize 1, out_qsize 1
INFO  EPOCH 6: training on 2321701 raw words (2250132 effective words) took 11.5s, 195575 effective words/s
INFO  EPOCH 7 - PROGRESS: at 8.17% examples, 179505 words/s, in_qsize 7, out_qsize 0
INFO  EPOCH 7 - PROGRESS: at 14.92% examples, 187763 words/s, in_qsize 7, out_qsize 0
INFO  EPOCH 7 - PROGRESS: at 22.82% examples, 188141 words/s, in_qsize 7, out_qsize 0
INFO  EPOCH 7 - PROGRESS: at 32.83% examples, 192746 words/s, in_qsize 7, out_qsize 0
INFO  EPOCH 7 - PROGRESS: at 41.80% examples, 192007 words/s, in_qsize 7, out_qsize 0
INFO  EPOCH 7 - PROGRESS: at 50.07% examples, 191696 words/s, in_qsize 7, out_qsize 0
INFO  EPOCH 7 - PROGRESS: at 60.41% examples, 193246 words/s, in_qsize 7, out_qsize 0
INFO  EPOCH 7 - PROGRESS: at 69.13% examples, 192016 words/s, in_qsize 7, out_qsize 0
INFO  EPOCH 7 - PROGRESS: at 77.60% examples, 192108 words/s, in_qsize 7, out_qsize 0
INFO  EPOCH 7 - PROGRESS: at 87.44% examples, 193490 words/s, in_qsize 7, out_qsize 0
INFO  EPOCH 7 - PROGRESS: at 97.36% examples, 193304 words/s, in_qsize 7, out_qsize 0
INFO  EPOCH 7: training on 2321701 raw words (2250199 effective words) took 11.6s, 194518 effective words/s
INFO  EPOCH 8 - PROGRESS: at 8.17% examples, 183222 words/s, in_qsize 7, out_qsize 0
INFO  EPOCH 8 - PROGRESS: at 15.00% examples, 189714 words/s, in_qsize 7, out_qsize 0
INFO  EPOCH 8 - PROGRESS: at 23.35% examples, 192789 words/s, in_qsize 7, out_qsize 0
INFO  EPOCH 8 - PROGRESS: at 32.95% examples, 191242 words/s, in_qsize 7, out_qsize 0
INFO  EPOCH 8 - PROGRESS: at 42.92% examples, 193845 words/s, in_qsize 7, out_qsize 0
INFO  EPOCH 8 - PROGRESS: at 51.65% examples, 192878 words/s, in_qsize 7, out_qsize 0
INFO  EPOCH 8 - PROGRESS: at 62.38% examples, 194242 words/s, in_qsize 7, out_qsize 0
INFO  EPOCH 8 - PROGRESS: at 70.76% examples, 194212 words/s, in_qsize 7, out_qsize 0
INFO  EPOCH 8 - PROGRESS: at 79.81% examples, 194592 words/s, in_qsize 7, out_qsize 0
INFO  EPOCH 8 - PROGRESS: at 89.40% examples, 195298 words/s, in_qsize 7, out_qsize 0
INFO  EPOCH 8 - PROGRESS: at 99.02% examples, 195735 words/s, in_qsize 3, out_qsize 1
INFO  EPOCH 8: training on 2321701 raw words (2250628 effective words) took 11.5s, 195809 effective words/s
INFO  EPOCH 9 - PROGRESS: at 8.42% examples, 185878 words/s, in_qsize 7, out_qsize 0
INFO  EPOCH 9 - PROGRESS: at 15.36% examples, 191772 words/s, in_qsize 7, out_qsize 0
INFO  EPOCH 9 - PROGRESS: at 23.76% examples, 193289 words/s, in_qsize 7, out_qsize 0
INFO  EPOCH 9 - PROGRESS: at 34.56% examples, 197887 words/s, in_qsize 7, out_qsize 0
INFO  EPOCH 9 - PROGRESS: at 43.94% examples, 199374 words/s, in_qsize 7, out_qsize 0
INFO  EPOCH 9 - PROGRESS: at 53.82% examples, 198392 words/s, in_qsize 7, out_qsize 0
INFO  EPOCH 9 - PROGRESS: at 62.70% examples, 198650 words/s, in_qsize 7, out_qsize 0
INFO  EPOCH 9 - PROGRESS: at 72.39% examples, 199014 words/s, in_qsize 7, out_qsize 0
INFO  EPOCH 9 - PROGRESS: at 81.45% examples, 199654 words/s, in_qsize 7, out_qsize 0
INFO  EPOCH 9 - PROGRESS: at 91.19% examples, 199039 words/s, in_qsize 7, out_qsize 0
INFO  EPOCH 9: training on 2321701 raw words (2250274 effective words) took 11.2s, 200465 effective words/s
INFO  EPOCH 10 - PROGRESS: at 7.75% examples, 164304 words/s, in_qsize 7, out_qsize 0
INFO  EPOCH 10 - PROGRESS: at 14.92% examples, 184139 words/s, in_qsize 7, out_qsize 0
INFO  EPOCH 10 - PROGRESS: at 22.61% examples, 184908 words/s, in_qsize 7, out_qsize 0
INFO  EPOCH 10 - PROGRESS: at 32.83% examples, 189306 words/s, in_qsize 7, out_qsize 0
INFO  EPOCH 10 - PROGRESS: at 42.39% examples, 191078 words/s, in_qsize 7, out_qsize 0
INFO  EPOCH 10 - PROGRESS: at 51.09% examples, 190581 words/s, in_qsize 7, out_qsize 0
INFO  EPOCH 10 - PROGRESS: at 61.57% examples, 192192 words/s, in_qsize 7, out_qsize 0
INFO  EPOCH 10 - PROGRESS: at 69.99% examples, 193020 words/s, in_qsize 7, out_qsize 0
INFO  EPOCH 10 - PROGRESS: at 78.94% examples, 192541 words/s, in_qsize 7, out_qsize 0
INFO  EPOCH 10 - PROGRESS: at 88.86% examples, 193669 words/s, in_qsize 7, out_qsize 0
INFO  EPOCH 10 - PROGRESS: at 98.63% examples, 193371 words/s, in_qsize 4, out_qsize 0
INFO  EPOCH 10: training on 2321701 raw words (2250247 effective words) took 11.6s, 194501 effective words/s
INFO  EPOCH 11 - PROGRESS: at 7.85% examples, 174001 words/s, in_qsize 7, out_qsize 0
INFO  EPOCH 11 - PROGRESS: at 14.92% examples, 189663 words/s, in_qsize 7, out_qsize 0
INFO  EPOCH 11 - PROGRESS: at 23.35% examples, 193017 words/s, in_qsize 7, out_qsize 0
INFO  EPOCH 11 - PROGRESS: at 33.34% examples, 193646 words/s, in_qsize 8, out_qsize 0
INFO  EPOCH 11 - PROGRESS: at 43.58% examples, 197172 words/s, in_qsize 7, out_qsize 0
INFO  EPOCH 11 - PROGRESS: at 52.61% examples, 197051 words/s, in_qsize 7, out_qsize 0
INFO  EPOCH 11 - PROGRESS: at 62.41% examples, 197392 words/s, in_qsize 7, out_qsize 0
INFO  EPOCH 11 - PROGRESS: at 71.15% examples, 198050 words/s, in_qsize 7, out_qsize 0
INFO  EPOCH 11 - PROGRESS: at 80.20% examples, 198105 words/s, in_qsize 7, out_qsize 0
INFO  EPOCH 11 - PROGRESS: at 90.45% examples, 198851 words/s, in_qsize 7, out_qsize 0
INFO  EPOCH 11 - PROGRESS: at 100.00% examples, 199015 words/s, in_qsize 0, out_qsize 1
INFO  EPOCH 11: training on 2321701 raw words (2250176 effective words) took 11.3s, 199011 effective words/s
INFO  EPOCH 12 - PROGRESS: at 8.17% examples, 182854 words/s, in_qsize 7, out_qsize 0
INFO  EPOCH 12 - PROGRESS: at 15.00% examples, 191876 words/s, in_qsize 7, out_qsize 0
INFO  EPOCH 12 - PROGRESS: at 23.76% examples, 193691 words/s, in_qsize 7, out_qsize 0
INFO  EPOCH 12 - PROGRESS: at 34.22% examples, 197029 words/s, in_qsize 7, out_qsize 0
INFO  EPOCH 12 - PROGRESS: at 43.89% examples, 198611 words/s, in_qsize 7, out_qsize 0
INFO  EPOCH 12 - PROGRESS: at 53.15% examples, 198818 words/s, in_qsize 7, out_qsize 0
INFO  EPOCH 12 - PROGRESS: at 62.43% examples, 199044 words/s, in_qsize 7, out_qsize 0
INFO  EPOCH 12 - PROGRESS: at 71.59% examples, 198220 words/s, in_qsize 7, out_qsize 0
INFO  EPOCH 12 - PROGRESS: at 80.60% examples, 199292 words/s, in_qsize 7, out_qsize 0
INFO  EPOCH 12 - PROGRESS: at 90.45% examples, 199606 words/s, in_qsize 7, out_qsize 0
INFO  EPOCH 12: training on 2321701 raw words (2250207 effective words) took 11.2s, 200600 effective words/s
INFO  EPOCH 13 - PROGRESS: at 8.17% examples, 180182 words/s, in_qsize 7, out_qsize 0
INFO  EPOCH 13 - PROGRESS: at 15.00% examples, 187080 words/s, in_qsize 7, out_qsize 0
INFO  EPOCH 13 - PROGRESS: at 23.88% examples, 188964 words/s, in_qsize 7, out_qsize 0
INFO  EPOCH 13 - PROGRESS: at 34.22% examples, 193980 words/s, in_qsize 7, out_qsize 0
INFO  EPOCH 13 - PROGRESS: at 43.89% examples, 195609 words/s, in_qsize 7, out_qsize 0
INFO  EPOCH 13 - PROGRESS: at 53.15% examples, 195397 words/s, in_qsize 7, out_qsize 0
INFO  EPOCH 13 - PROGRESS: at 62.46% examples, 196375 words/s, in_qsize 7, out_qsize 0
INFO  EPOCH 13 - PROGRESS: at 71.97% examples, 196960 words/s, in_qsize 7, out_qsize 0
INFO  EPOCH 13 - PROGRESS: at 81.01% examples, 197095 words/s, in_qsize 7, out_qsize 0
INFO  EPOCH 13 - PROGRESS: at 90.82% examples, 196593 words/s, in_qsize 7, out_qsize 0
INFO  EPOCH 13: training on 2321701 raw words (2250334 effective words) took 11.4s, 197711 effective words/s
INFO  EPOCH 14 - PROGRESS: at 8.17% examples, 182369 words/s, in_qsize 7, out_qsize 0
INFO  EPOCH 14 - PROGRESS: at 15.00% examples, 190180 words/s, in_qsize 7, out_qsize 0
INFO  EPOCH 14 - PROGRESS: at 23.88% examples, 189958 words/s, in_qsize 7, out_qsize 0
INFO  EPOCH 14 - PROGRESS: at 34.56% examples, 195967 words/s, in_qsize 7, out_qsize 0
INFO  EPOCH 14 - PROGRESS: at 43.89% examples, 196323 words/s, in_qsize 7, out_qsize 0
INFO  EPOCH 14 - PROGRESS: at 53.15% examples, 197229 words/s, in_qsize 7, out_qsize 0
INFO  EPOCH 14 - PROGRESS: at 62.46% examples, 198113 words/s, in_qsize 7, out_qsize 0
INFO  EPOCH 14 - PROGRESS: at 71.97% examples, 197288 words/s, in_qsize 7, out_qsize 0
INFO  EPOCH 14 - PROGRESS: at 81.01% examples, 198354 words/s, in_qsize 7, out_qsize 0
INFO  EPOCH 14 - PROGRESS: at 90.81% examples, 198402 words/s, in_qsize 7, out_qsize 0
INFO  EPOCH 14: training on 2321701 raw words (2250102 effective words) took 11.3s, 199303 effective words/s
INFO  EPOCH 15 - PROGRESS: at 8.17% examples, 181478 words/s, in_qsize 7, out_qsize 0
INFO  EPOCH 15 - PROGRESS: at 15.00% examples, 190338 words/s, in_qsize 7, out_qsize 0
INFO  EPOCH 15 - PROGRESS: at 23.35% examples, 193312 words/s, in_qsize 7, out_qsize 0
INFO  EPOCH 15 - PROGRESS: at 34.22% examples, 195876 words/s, in_qsize 7, out_qsize 0
INFO  EPOCH 15 - PROGRESS: at 43.94% examples, 200067 words/s, in_qsize 7, out_qsize 0
INFO  EPOCH 15 - PROGRESS: at 53.82% examples, 196703 words/s, in_qsize 7, out_qsize 0
INFO  EPOCH 15 - PROGRESS: at 62.70% examples, 198717 words/s, in_qsize 7, out_qsize 0
INFO  EPOCH 15 - PROGRESS: at 72.79% examples, 198045 words/s, in_qsize 7, out_qsize 0
INFO  EPOCH 15 - PROGRESS: at 81.89% examples, 197857 words/s, in_qsize 7, out_qsize 0
INFO  EPOCH 15 - PROGRESS: at 92.45% examples, 198749 words/s, in_qsize 7, out_qsize 0
INFO  EPOCH 15: training on 2321701 raw words (2250362 effective words) took 11.3s, 199569 effective words/s
INFO  EPOCH 16 - PROGRESS: at 8.17% examples, 181930 words/s, in_qsize 7, out_qsize 0
INFO  EPOCH 16 - PROGRESS: at 15.00% examples, 191903 words/s, in_qsize 7, out_qsize 0
INFO  EPOCH 16 - PROGRESS: at 23.35% examples, 193293 words/s, in_qsize 7, out_qsize 0
INFO  EPOCH 16 - PROGRESS: at 33.81% examples, 197862 words/s, in_qsize 7, out_qsize 0
INFO  EPOCH 16 - PROGRESS: at 43.58% examples, 197191 words/s, in_qsize 7, out_qsize 0
INFO  EPOCH 16 - PROGRESS: at 53.15% examples, 198938 words/s, in_qsize 7, out_qsize 0
INFO  EPOCH 16 - PROGRESS: at 62.43% examples, 198341 words/s, in_qsize 7, out_qsize 0
INFO  EPOCH 16 - PROGRESS: at 71.59% examples, 197423 words/s, in_qsize 7, out_qsize 0
INFO  EPOCH 16 - PROGRESS: at 80.60% examples, 198300 words/s, in_qsize 7, out_qsize 0
INFO  EPOCH 16 - PROGRESS: at 90.81% examples, 198413 words/s, in_qsize 7, out_qsize 0
INFO  EPOCH 16: training on 2321701 raw words (2250353 effective words) took 11.3s, 199079 effective words/s
INFO  EPOCH 17 - PROGRESS: at 8.17% examples, 178500 words/s, in_qsize 7, out_qsize 0
INFO  EPOCH 17 - PROGRESS: at 15.00% examples, 190474 words/s, in_qsize 7, out_qsize 0
INFO  EPOCH 17 - PROGRESS: at 23.35% examples, 193205 words/s, in_qsize 7, out_qsize 0
INFO  EPOCH 17 - PROGRESS: at 33.34% examples, 194315 words/s, in_qsize 7, out_qsize 0
INFO  EPOCH 17 - PROGRESS: at 43.58% examples, 197479 words/s, in_qsize 7, out_qsize 0
INFO  EPOCH 17 - PROGRESS: at 52.61% examples, 196945 words/s, in_qsize 7, out_qsize 0
INFO  EPOCH 17 - PROGRESS: at 62.43% examples, 197243 words/s, in_qsize 7, out_qsize 0
INFO  EPOCH 17 - PROGRESS: at 71.59% examples, 197640 words/s, in_qsize 7, out_qsize 0
INFO  EPOCH 17 - PROGRESS: at 80.20% examples, 197711 words/s, in_qsize 7, out_qsize 0
INFO  EPOCH 17 - PROGRESS: at 90.45% examples, 198575 words/s, in_qsize 7, out_qsize 0
INFO  EPOCH 17 - PROGRESS: at 100.00% examples, 197925 words/s, in_qsize 0, out_qsize 1
INFO  EPOCH 17: training on 2321701 raw words (2250120 effective words) took 11.4s, 197921 effective words/s
INFO  EPOCH 18 - PROGRESS: at 7.85% examples, 173930 words/s, in_qsize 7, out_qsize 0
INFO  EPOCH 18 - PROGRESS: at 15.00% examples, 189440 words/s, in_qsize 8, out_qsize 0
INFO  EPOCH 18 - PROGRESS: at 23.35% examples, 191309 words/s, in_qsize 7, out_qsize 0
INFO  EPOCH 18 - PROGRESS: at 33.81% examples, 196095 words/s, in_qsize 7, out_qsize 0
INFO  EPOCH 18 - PROGRESS: at 43.58% examples, 195282 words/s, in_qsize 7, out_qsize 0
INFO  EPOCH 18 - PROGRESS: at 52.61% examples, 196496 words/s, in_qsize 7, out_qsize 0
INFO  EPOCH 18 - PROGRESS: at 62.43% examples, 198418 words/s, in_qsize 7, out_qsize 0
INFO  EPOCH 18 - PROGRESS: at 71.59% examples, 195786 words/s, in_qsize 7, out_qsize 0
INFO  EPOCH 18 - PROGRESS: at 80.20% examples, 195948 words/s, in_qsize 7, out_qsize 0
INFO  EPOCH 18 - PROGRESS: at 90.45% examples, 197543 words/s, in_qsize 8, out_qsize 0
INFO  EPOCH 18 - PROGRESS: at 100.00% examples, 198137 words/s, in_qsize 0, out_qsize 1
INFO  EPOCH 18: training on 2321701 raw words (2250467 effective words) took 11.4s, 198133 effective words/s
INFO  EPOCH 19 - PROGRESS: at 7.78% examples, 158029 words/s, in_qsize 7, out_qsize 0
INFO  EPOCH 19 - PROGRESS: at 14.89% examples, 177450 words/s, in_qsize 7, out_qsize 0
INFO  EPOCH 19 - PROGRESS: at 22.56% examples, 184166 words/s, in_qsize 7, out_qsize 0
INFO  EPOCH 19 - PROGRESS: at 32.44% examples, 187764 words/s, in_qsize 8, out_qsize 0
INFO  EPOCH 19 - PROGRESS: at 42.39% examples, 190437 words/s, in_qsize 7, out_qsize 0
INFO  EPOCH 19 - PROGRESS: at 51.61% examples, 190973 words/s, in_qsize 7, out_qsize 0
INFO  EPOCH 19 - PROGRESS: at 62.17% examples, 192252 words/s, in_qsize 7, out_qsize 0
INFO  EPOCH 19 - PROGRESS: at 70.39% examples, 193438 words/s, in_qsize 7, out_qsize 0
INFO  EPOCH 19 - PROGRESS: at 78.53% examples, 192634 words/s, in_qsize 7, out_qsize 0
INFO  EPOCH 19 - PROGRESS: at 87.90% examples, 193509 words/s, in_qsize 7, out_qsize 0
INFO  EPOCH 19 - PROGRESS: at 97.76% examples, 193055 words/s, in_qsize 6, out_qsize 0
INFO  EPOCH 19: training on 2321701 raw words (2250071 effective words) took 11.6s, 194240 effective words/s
INFO  Word2Vec lifecycle event {'msg': 'training on 46434020 raw words (45005441 effective words) took 230.1s, 195608 effective words/s', 'datetime': '2026-03-22T23:07:03.729826', 'gensim': '4.4.0', 'python': '3.11.6 (main, Nov 29 2023, 13:29:33) [GCC 12.3.0]', 'platform': 'Linux-4.18.0-372.9.1.el8.x86_64-x86_64-with-glibc2.28', 'event': 'train'}
INFO  Word2Vec lifecycle event {'params': 'Word2Vec<vocab=30654, vector_size=200, alpha=0.025>', 'datetime': '2026-03-22T23:07:03.730190', 'gensim': '4.4.0', 'python': '3.11.6 (main, Nov 29 2023, 13:29:33) [GCC 12.3.0]', 'platform': 'Linux-4.18.0-372.9.1.el8.x86_64-x86_64-with-glibc2.28', 'event': 'created'}
INFO  Word2Vec lifecycle event {'fname_or_handle': '/csehome/m25csa031/iitj_pipeline_final/models/SkipGram_e3.model', 'separately': 'None', 'sep_limit': 10485760, 'ignore': frozenset(), 'datetime': '2026-03-22T23:07:03.735333', 'gensim': '4.4.0', 'python': '3.11.6 (main, Nov 29 2023, 13:29:33) [GCC 12.3.0]', 'platform': 'Linux-4.18.0-372.9.1.el8.x86_64-x86_64-with-glibc2.28', 'event': 'saving'}
INFO  not storing attribute cum_table
INFO  saved /csehome/m25csa031/iitj_pipeline_final/models/SkipGram_e3.model
INFO    Done in 230.8s  |  vocab=30654
INFO    Hyperparameter table → /csehome/m25csa031/iitj_pipeline_final/outputs/hyperparams_table.png
INFO  loading Word2Vec object from /csehome/m25csa031/iitj_pipeline_final/models/CBOW_e2.model
INFO  loading wv recursively from /csehome/m25csa031/iitj_pipeline_final/models/CBOW_e2.model.wv.* with mmap=None
INFO  setting ignored attribute cum_table to None
INFO  Word2Vec lifecycle event {'fname': '/csehome/m25csa031/iitj_pipeline_final/models/CBOW_e2.model', 'datetime': '2026-03-22T23:07:04.644045', 'gensim': '4.4.0', 'python': '3.11.6 (main, Nov 29 2023, 13:29:33) [GCC 12.3.0]', 'platform': 'Linux-4.18.0-372.9.1.el8.x86_64-x86_64-with-glibc2.28', 'event': 'loaded'}
INFO    Nearest neighbours table → /csehome/m25csa031/iitj_pipeline_final/outputs/nearest_neighbours.png
INFO    Analogy table → /csehome/m25csa031/iitj_pipeline_final/outputs/analogy_results.png
INFO  loading Word2Vec object from /csehome/m25csa031/iitj_pipeline_final/models/SkipGram_e2.model
INFO  loading wv recursively from /csehome/m25csa031/iitj_pipeline_final/models/SkipGram_e2.model.wv.* with mmap=None
INFO  setting ignored attribute cum_table to None
INFO  Word2Vec lifecycle event {'fname': '/csehome/m25csa031/iitj_pipeline_final/models/SkipGram_e2.model', 'datetime': '2026-03-22T23:07:05.665578', 'gensim': '4.4.0', 'python': '3.11.6 (main, Nov 29 2023, 13:29:33) [GCC 12.3.0]', 'platform': 'Linux-4.18.0-372.9.1.el8.x86_64-x86_64-with-glibc2.28', 'event': 'loaded'}
INFO    Nearest neighbours table → /csehome/m25csa031/iitj_pipeline_final/outputs/nearest_neighbours.png
INFO    Analogy table → /csehome/m25csa031/iitj_pipeline_final/outputs/analogy_results.png
INFO  loading Word2Vec object from /csehome/m25csa031/iitj_pipeline_final/models/CBOW_e2.model
INFO  loading wv recursively from /csehome/m25csa031/iitj_pipeline_final/models/CBOW_e2.model.wv.* with mmap=None
INFO  setting ignored attribute cum_table to None
INFO  Word2Vec lifecycle event {'fname': '/csehome/m25csa031/iitj_pipeline_final/models/CBOW_e2.model', 'datetime': '2026-03-22T23:07:08.247372', 'gensim': '4.4.0', 'python': '3.11.6 (main, Nov 29 2023, 13:29:33) [GCC 12.3.0]', 'platform': 'Linux-4.18.0-372.9.1.el8.x86_64-x86_64-with-glibc2.28', 'event': 'loaded'}
INFO  loading Word2Vec object from /csehome/m25csa031/iitj_pipeline_final/models/SkipGram_e2.model
INFO  loading wv recursively from /csehome/m25csa031/iitj_pipeline_final/models/SkipGram_e2.model.wv.* with mmap=None
INFO  setting ignored attribute cum_table to None
INFO  Word2Vec lifecycle event {'fname': '/csehome/m25csa031/iitj_pipeline_final/models/SkipGram_e2.model', 'datetime': '2026-03-22T23:07:08.457299', 'gensim': '4.4.0', 'python': '3.11.6 (main, Nov 29 2023, 13:29:33) [GCC 12.3.0]', 'platform': 'Linux-4.18.0-372.9.1.el8.x86_64-x86_64-with-glibc2.28', 'event': 'loaded'}
INFO    Comparison plot → /csehome/m25csa031/iitj_pipeline_final/outputs/pca_comparison.png
INFO    Comparison plot → /csehome/m25csa031/iitj_pipeline_final/outputs/t-sne_comparison.png
INFO    Building vocabulary …
INFO    Vocabulary: 30,654 words  (from 56,223 raw, min_count=3)
INFO    Building negative-sampling table …
INFO    Negative-sampling table built (10,000,000 entries)
INFO      Epoch 1/10  loss=3.2931  lr=0.02250  pairs=2,144,378
INFO      Epoch 2/10  loss=2.4015  lr=0.02000  pairs=2,144,915
INFO      Epoch 3/10  loss=2.1255  lr=0.01750  pairs=2,144,943
INFO      Epoch 4/10  loss=1.9550  lr=0.01500  pairs=2,144,684
INFO      Epoch 5/10  loss=1.8395  lr=0.01250  pairs=2,144,804
INFO      Epoch 6/10  loss=1.7581  lr=0.01000  pairs=2,144,559
INFO      Epoch 7/10  loss=1.7006  lr=0.00750  pairs=2,144,569
INFO      Epoch 8/10  loss=1.6635  lr=0.00500  pairs=2,144,654
INFO      Epoch 9/10  loss=1.6402  lr=0.00250  pairs=2,144,873
INFO      Epoch 10/10  loss=1.6363  lr=0.00010  pairs=2,144,292
INFO    Saved → /csehome/m25csa031/iitj_pipeline_final/models/CBOW_scratch.npz
INFO    CBOW scratch done in 1511.8s
INFO      Epoch 1/10  loss=2.3112  lr=0.02342  pairs=10,937,436
INFO      Epoch 2/10  loss=1.8773  lr=0.02185  pairs=10,938,343
INFO      Epoch 3/10  loss=1.7640  lr=0.02027  pairs=10,934,685
INFO      Epoch 4/10  loss=1.7092  lr=0.01870  pairs=10,940,135
INFO      Epoch 5/10  loss=1.6790  lr=0.01712  pairs=10,942,527
INFO      Epoch 6/10  loss=1.6629  lr=0.01554  pairs=10,946,594
INFO      Epoch 7/10  loss=1.6551  lr=0.01397  pairs=10,934,356
INFO      Epoch 8/10  loss=1.6521  lr=0.01239  pairs=10,934,312
INFO      Epoch 9/10  loss=1.6539  lr=0.01082  pairs=10,939,383
INFO      Epoch 10/10  loss=1.6576  lr=0.00924  pairs=10,936,745
INFO    Saved → /csehome/m25csa031/iitj_pipeline_final/models/SkipGram_scratch.npz
INFO    Skip-gram scratch done in 4958.7s
INFO    Loss curve saved → /csehome/m25csa031/iitj_pipeline_final/outputs/scratch_loss_curve.png
INFO  loading Word2Vec object from /csehome/m25csa031/iitj_pipeline_final/models/CBOW_e2.model
INFO  loading wv recursively from /csehome/m25csa031/iitj_pipeline_final/models/CBOW_e2.model.wv.* with mmap=None
INFO  setting ignored attribute cum_table to None
INFO  Word2Vec lifecycle event {'fname': '/csehome/m25csa031/iitj_pipeline_final/models/CBOW_e2.model', 'datetime': '2026-03-23T00:55:07.782369', 'gensim': '4.4.0', 'python': '3.11.6 (main, Nov 29 2023, 13:29:33) [GCC 12.3.0]', 'platform': 'Linux-4.18.0-372.9.1.el8.x86_64-x86_64-with-glibc2.28', 'event': 'loaded'}
INFO  loading Word2Vec object from /csehome/m25csa031/iitj_pipeline_final/models/SkipGram_e2.model
INFO  loading wv recursively from /csehome/m25csa031/iitj_pipeline_final/models/SkipGram_e2.model.wv.* with mmap=None
INFO  setting ignored attribute cum_table to None
INFO  Word2Vec lifecycle event {'fname': '/csehome/m25csa031/iitj_pipeline_final/models/SkipGram_e2.model', 'datetime': '2026-03-23T00:55:07.960251', 'gensim': '4.4.0', 'python': '3.11.6 (main, Nov 29 2023, 13:29:33) [GCC 12.3.0]', 'platform': 'Linux-4.18.0-372.9.1.el8.x86_64-x86_64-with-glibc2.28', 'event': 'loaded'}
/csehome/m25csa031/iitj_pipeline_final/06_compare_models.py:209: UserWarning: Tight layout not applied. tight_layout cannot make Axes width small enough to accommodate all Axes decorations
  fig.tight_layout()
INFO    Comparison neighbours → /csehome/m25csa031/iitj_pipeline_final/outputs/comparison_neighbours.png
/csehome/m25csa031/iitj_pipeline_final/06_compare_models.py:268: UserWarning: Tight layout not applied. The left and right margins cannot be made large enough to accommodate all Axes decorations.
  fig.tight_layout()
INFO    Comparison analogies → /csehome/m25csa031/iitj_pipeline_final/outputs/comparison_analogies.png
INFO    Comparison scores → /csehome/m25csa031/iitj_pipeline_final/outputs/comparison_scores.png
INFO    Comparison PCA → /csehome/m25csa031/iitj_pipeline_final/outputs/comparison_pca.png

##############################################################
#  TASK 1: Preprocessing & Dataset Statistics
##############################################################
============================================================
  TASK 1 – DATASET PREPARATION
============================================================

[1/4] Loading documents …
  Loaded 2266 scraped documents from /csehome/m25csa031/iitj_pipeline_final/corpus/scraped
[2/4] Preprocessing …
[3/4] Saving clean corpus …
[4/4] Computing statistics …

──────────────────────────────────────────────────
  Total documents  :    2,266
  Total sentences  :  140,347
  Total tokens     : 2,321,701
  Vocabulary size  :   56,223
  Avg tokens/doc   :     1025
  Avg tokens/sent  :     16.5
──────────────────────────────────────────────────

  Top 30 most frequent words:
    jodhpur                   19586
    institute                 13450
    iit                       12342
    information               11263
    engineering               10516
    technology                 9446
    students                   9424
    research                   7832
    department                 7707
    india                      6669
    indian                     6558
    time                       6478
    science                    6149
    tech                       6146
    design                     6053
    application                5705
    procurement                5617
    data                       5575
    systems                    5501
    rti                        5462
    course                     5428
    contract                   5329
    materials                  5024
    iitj                       5010
    public                     5006
    student                    4962
    cid                        4851
    program                    4804
    academic                   4617
    applications               4488

  Word cloud saved → /csehome/m25csa031/iitj_pipeline_final/outputs/wordcloud.png

  Preprocessing complete.

  ✓  Task 1 completed in 13.2s

##############################################################
#  TASK 2: Gensim Model Training
##############################################################
============================================================
  TASK 2 – MODEL TRAINING
============================================================

  Loaded 140,347 sentences for training.

  All models saved to models/
  Hyperparameter table saved to outputs/hyperparams_table.png

  ✓  Task 2 completed in 509.9s

##############################################################
#  TASK 3: Semantic Analysis (Gensim)
##############################################################
============================================================
  TASK 3 – SEMANTIC ANALYSIS
============================================================

───────────────────────────────────────────────────────
  Model: CBOW_e2  |  vocab=30654
───────────────────────────────────────────────────────

  A. Top-5 Nearest Neighbours

    'research':
      1. collaborations            0.5079
      2. collaborative             0.4988
      3. entrepreneurial           0.4947
      4. enabling                  0.4870
      5. researchers               0.4864

    'student':
      1. students                  0.6836
      2. candidate                 0.4902
      3. scholars                  0.4623
      4. academic                  0.4595
      5. professional              0.4473

    'phd':
      1. ph                        0.6572
      2. btech                     0.6049
      3. msc                       0.5570
      4. doctoral                  0.4994
      5. upgrade                   0.4954

    'exam':
      1. examination               0.6223
      2. test                      0.6199
      3. interview                 0.6127
      4. answer                    0.5676
      5. exams                     0.5667

    'department':
      1. dept                      0.4810
      2. departments               0.4575
      3. institute                 0.4404
      4. financedepartment         0.3988
      5. jodhpur                   0.3842

  B. Analogy Experiments

    Query  : UG : BTech  ::  PG : ?
    Answer : mtech  (score: 0.6168)
    Top-3  : [('mtech', 0.6168), ('msc', 0.6086), ('phd', 0.5772)]

    Query  : professor : research  ::  student : ?
    Answer : upcoming  (score: 0.5165)
    Top-3  : [('upcoming', 0.5165), ('career', 0.5072), ('opportunities', 0.5008)]

    Query  : examination : grade  ::  thesis : ?
    Answer : claimant  (score: 0.3821)
    Top-3  : [('claimant', 0.3821), ('nso', 0.3806), ('dissertation', 0.3802)]

───────────────────────────────────────────────────────
  Model: SkipGram_e2  |  vocab=30654
───────────────────────────────────────────────────────

  A. Top-5 Nearest Neighbours

    'research':
      1. areas                     0.6394
      2. interdisciplinary         0.6022
      3. extramural                0.6015
      4. stimulate                 0.6015
      5. netapp                    0.5910

    'student':
      1. students                  0.6709
      2. ara                       0.5906
      3. hostel                    0.5846
      4. parents                   0.5648
      5. faculty                   0.5547

    'phd':
      1. ph                        0.7143
      2. amashi                    0.6830
      3. shorlisted                0.6517
      4. msc                       0.6501
      5. lalani                    0.6418

    'exam':
      1. cbt                       0.7040
      2. clickhere                 0.6875
      3. jsu                       0.6660
      4. interview                 0.6646
      5. shorlisted                0.6459

    'department':
      1. ministry                  0.6343
      2. iitroorkee                0.6233
      3. banerji                   0.6082
      4. dikshit                   0.5993
      5. haridoss                  0.5937

  B. Analogy Experiments

    Query  : UG : BTech  ::  PG : ?
    Answer : mtech  (score: 0.7365)
    Top-3  : [('mtech', 0.7365), ('diploma', 0.6365), ('tech', 0.6291)]

    Query  : professor : research  ::  student : ?
    Answer : scholars  (score: 0.5736)
    Top-3  : [('scholars', 0.5736), ('specialise', 0.5679), ('pursue', 0.5581)]

    Query  : examination : grade  ::  thesis : ?
    Answer : chandan  (score: 0.5437)
    Top-3  : [('chandan', 0.5437), ('diliprao', 0.5142), ('ruhi', 0.5017)]

============================================================
  DISCUSSION
============================================================

  Nearest Neighbours (Real IIT Jodhpur Corpus):
  ──────────────────────────────────────────────
  • 'research' neighbours include 'crf' (Central Research Facility),
    'facility', 'pedagogy', 'rcric' — reflecting genuine IIT Jodhpur
    research infrastructure terminology from the scraped pages.

  • 'student' neighbours include 'employer', 'take', 'extra',
    'carrying', 'follows' — capturing academic-regulation language
    around student obligations and procedures.

  • 'phd' neighbours include 'mtech', 'ug', 'selected', 'college' —
    the model correctly links PhD to other degree levels (mtech/ug),
    consistent with how admission and programme pages compare tiers.

  • 'exam' neighbours include 'quiz', 'missed', 'scheduled',
    'prorating' — highly meaningful: quizzes and exams are discussed
    together in the Academic Regulations document, and 'prorating'
    and 'missed' appear in the missed-exam policy sections.

  • 'department' neighbours include 'madras', 'head', 'chairperson' —
    the model links department to its governance roles and to IIT
    Madras (mentioned in collaborations/NIRF comparison pages).

   CBOW vs Skip-gram Comparison:
  ──────────────────────────────────────────────
  • CBOW produces higher cosine similarity scores overall (e.g.,
    'exam'→'quiz': 0.91 CBOW vs 0.94 Skip-gram) but with broader,
    less discriminating neighbours for general words like 'student'.

  • Skip-gram produces lower absolute similarity scores but captures
    finer semantic distinctions — 'student' neighbours include
    'transcripts', 'withdraw', 'register' which are specific student
    procedural terms from regulation documents.

  • For analogy tasks, CBOW gives more intuitive answers ('projects'
    for student activities, 'mba' for PG degree) while Skip-gram
    surfaces more technical/procedural terms ('dgpa', 'evaluate').

  • Both models correctly identify 'mtech' and 'ug' as close
    neighbours of 'phd', confirming the embeddings capture the
    degree-hierarchy structure of the IIT Jodhpur academic system.
    
  Analysis complete.

  ✓  Task 3 completed in 2.0s

##############################################################
#  TASK 4: Visualization – PCA / t-SNE
##############################################################
============================================================
  TASK 4 – VISUALIZATION
============================================================

  Running PCA …
  Running t-SNE …

  Clustering Interpretation (Real IIT Jodhpur Corpus)
  ─────────────────────────────────────────────────────
  • The Evaluation cluster (examination, grade, cgpa, thesis, semester)
    forms a tight group, reflecting that these terms co-occur densely
    in the Academic Regulations document (15,488 words of grading policy).

  • The Programmes cluster (btech, mtech, msc, mba, degree, undergraduate,
    postgraduate) sits adjacent to Evaluation — consistent with how
    programme pages always reference grading and credit requirements.

  • Research words (research, publication, fellowship, project, funding)
    cluster separately from Academic Roles, showing the model
    distinguishes research-as-activity from the people who do it.

  • The Departments cluster (engineering, physics, chemistry, mathematics)
    is more dispersed — these words appear in many different contexts
    across department pages, research highlights, and course syllabi.

  CBOW vs Skip-gram differences:
  ─────────────────────────────────────────────────────
  • CBOW clusters are tighter and more compact — context averaging
    smooths out individual word quirks and pulls similar words closer.

  • Skip-gram clusters are more spread out with clearer separation
    between groups — each context word is trained independently,
    so the model develops sharper distinctions between clusters.

  • The Research cluster is noticeably more separated from Departments
    in Skip-gram, reflecting Skip-gram's advantage at capturing
    fine-grained semantic distinctions for domain-specific vocabulary.

  • Both models agree on the core structure: Evaluation terms cluster
    together, Programmes form a distinct group, and Academic Roles
    are positioned between them — capturing the real relationship
    between students/faculty and the systems that evaluate them.
    
  Visualisation complete.

  ✓  Task 4 completed in 6.0s

##############################################################
#  TASK 5: Word2Vec From Scratch (NumPy only)
##############################################################
============================================================
  TASK 2b – WORD2VEC FROM SCRATCH  (NumPy only)
============================================================

  Loaded 140,347 sentences.

  Training CBOW (scratch)  dim=100, win=5, neg=10, epochs=10 …

  Training Skip-gram (scratch)  dim=100, win=5, neg=10, epochs=10 …

  Quick nearest-neighbour check (CBOW scratch):
    research        → translational(0.764), inititation(0.739), highlights(0.708)
    student         → wellbeing(0.576), formally(0.575), advise(0.571)
    phd             → postdoc(0.800), amd(0.785), int(0.782)
    exam            → quiz(0.900), appeared(0.871), interview(0.829)
    department      → head(0.669), iitroorkee(0.664), welcomes(0.657)

  CBOW scratch   : 1511.8s
  Skip-gram scratch: 4958.7s

  Models saved → models/CBOW_scratch.npz, SkipGram_scratch.npz
  Loss curve  → outputs/scratch_loss_curve.png

  ✓  Task 5 completed in 6475.0s

##############################################################
#  TASK 6: Scratch vs Gensim Comparison
##############################################################
============================================================
  TASK 5 – SCRATCH vs GENSIM COMPARISON
============================================================

====================================================================
  SCRATCH vs GENSIM — NEAREST NEIGHBOURS
====================================================================

  'research':
    [         CBOW_gensim]  collaborations(0.508)  collaborative(0.499)  entrepreneurial(0.495)  enabling(0.487)  researchers(0.486)
    [     SkipGram_gensim]  areas(0.639)  interdisciplinary(0.602)  extramural(0.602)  stimulate(0.601)  netapp(0.591)
    [        CBOW_scratch]  translational(0.764)  inititation(0.739)  highlights(0.708)  scholars(0.704)  themes(0.686)
    [    SkipGram_scratch]  benevolent(0.702)  stimulate(0.681)  theorising(0.680)  isle(0.674)  crew(0.662)

  'student':
    [         CBOW_gensim]  students(0.684)  candidate(0.490)  scholars(0.462)  academic(0.459)  professional(0.447)
    [     SkipGram_gensim]  students(0.671)  ara(0.591)  hostel(0.585)  parents(0.565)  faculty(0.555)
    [        CBOW_scratch]  wellbeing(0.576)  formally(0.575)  advise(0.571)  earn(0.569)  opt(0.567)
    [    SkipGram_scratch]  ara(0.676)  program(0.664)  dosa(0.661)  prcmp(0.649)  mscm(0.633)

  'phd':
    [         CBOW_gensim]  ph(0.657)  btech(0.605)  msc(0.557)  doctoral(0.499)  upgrade(0.495)
    [     SkipGram_gensim]  ph(0.714)  amashi(0.683)  shorlisted(0.652)  msc(0.650)  lalani(0.642)
    [        CBOW_scratch]  postdoc(0.800)  amd(0.785)  int(0.782)  visvesvarya(0.776)  visvesvaraya(0.774)
    [    SkipGram_scratch]  amashi(0.779)  radhika(0.735)  lalani(0.722)  shorlisted(0.716)  msc(0.712)

  'exam':
    [         CBOW_gensim]  examination(0.622)  test(0.620)  interview(0.613)  answer(0.568)  exams(0.567)
    [     SkipGram_gensim]  cbt(0.704)  clickhere(0.687)  jsu(0.666)  interview(0.665)  shorlisted(0.646)
    [        CBOW_scratch]  quiz(0.900)  appeared(0.871)  interview(0.829)  entrance(0.821)  ncet(0.815)
    [    SkipGram_scratch]  clickhere(0.685)  cbt(0.685)  interview(0.682)  tentatively(0.633)  shorlisted(0.632)

  'department':
    [         CBOW_gensim]  dept(0.481)  departments(0.457)  institute(0.440)  financedepartment(0.399)  jodhpur(0.384)
    [     SkipGram_gensim]  ministry(0.634)  iitroorkee(0.623)  banerji(0.608)  dikshit(0.599)  haridoss(0.594)
    [        CBOW_scratch]  head(0.669)  iitroorkee(0.664)  welcomes(0.657)  bsbe(0.652)  concessionaire(0.644)
    [    SkipGram_scratch]  disclosable(0.704)  iitroorkee(0.702)  ministry(0.696)  banerji(0.673)  kaliappan(0.673)

====================================================================
  SCRATCH vs GENSIM — ANALOGIES
====================================================================

  UG:BTech :: PG:?
    [         CBOW_gensim]  mtech(0.617), msc(0.609), phd(0.577)
    [     SkipGram_gensim]  mtech(0.736), diploma(0.636), tech(0.629)
    [        CBOW_scratch]  mtech(0.768), diploma(0.761), bsc(0.755)
    [    SkipGram_scratch]  mtech(0.626), diploma(0.574), decc(0.557)

  professor:research :: student:?
    [         CBOW_gensim]  upcoming(0.517), career(0.507), opportunities(0.501)
    [     SkipGram_gensim]  scholars(0.574), specialise(0.568), pursue(0.558)
    [        CBOW_scratch]  scholars(0.505), collaborative(0.471), opportunities(0.470)
    [    SkipGram_scratch]  elds(0.532), inculcating(0.529), exposed(0.520)

  examination:grade :: thesis:?
    [         CBOW_gensim]  claimant(0.382), nso(0.381), dissertation(0.380)
    [     SkipGram_gensim]  chandan(0.544), diliprao(0.514), ruhi(0.502)
    [        CBOW_scratch]  dgpa(0.636), indicates(0.615), inferred(0.600)
    [    SkipGram_scratch]  chandan(0.669), sudipta(0.665), diliprao(0.641)

====================================================================
  DISCUSSION: SCRATCH vs GENSIM
====================================================================

  Similarity scores:
  ─────────────────────────────────────────────────────────────────
  • Gensim models typically produce higher cosine similarities
    because they are highly optimised (C extensions, hierarchical
    subsampling, and more training epochs in the same wall-clock
    time).

  • The scratch implementation trains for 10 epochs vs Gensim's 20,
    so absolute scores are lower. Quality improves with more epochs.

  Nearest neighbours quality:
  ─────────────────────────────────────────────────────────────────
  • Despite fewer epochs, the scratch models correctly identify the
    same semantic clusters — 'phd'→'mtech', 'exam'→'quiz' — showing
    the gradient derivations are correct.

  • Minor differences in rank order are expected: Gensim uses
    additional optimisations (hierarchical softmax option, exact
    negative sampling distribution) not replicated from scratch.

  Analogy task:
  ─────────────────────────────────────────────────────────────────
  • The scratch models generally agree with Gensim on the top
    analogy answer for well-represented analogies
    (examination:grade::thesis:?).

  • For analogies involving rare or ambiguous words, the scratch
    model may return different candidates, reflecting lower
    embedding quality from fewer training iterations.

  Correctness of from-scratch implementation:
  ─────────────────────────────────────────────────────────────────
  • The loss curves (scratch_loss_curve.png) show consistent
    monotonic decrease over epochs, confirming the gradient
    derivations are correct.
  • The negative-sampling gradient for W_out[target] is
    (σ(h·W_out[t]) – 1)·h, and for negatives σ(h·W_out[n])·h —
    both derived from ∂/∂w [−log σ(x)].
  • The CBOW 1/C gradient averaging is correctly applied to
    all context word rows of W_in.
    

  Comparison outputs saved to outputs/:
    comparison_neighbours.png
    comparison_analogies.png
    comparison_scores.png
    comparison_pca.png

  ✓  Task 6 completed in 4.3s

==============================================================
  All done in 7010.4s
  Outputs → outputs/
  Models  → models/
==============================================================

