INFO  ============================================================
INFO    IIT Jodhpur Corpus Collector  (no Selenium needed)
INFO  ============================================================
INFO  
── Phase 1: HTML crawl ──────────────────────────────────
INFO  [HTML 1/1500] https://iitj.ac.in/
INFO    ✓ 472 words → __64bf6432.txt
INFO  [HTML 2/1500] https://iitj.ac.in/Recruitment/AdvNum?type=3052
WARNING    Too short (4 w), skip: https://iitj.ac.in/Recruitment/AdvNum?type=3052
INFO  [HTML 3/1500] https://iitj.ac.in/office-of-research-development/en/office-of-research-and-development
INFO    ✓ 438 words → _development_en_office_of_research_and_development_0ced5389.txt
INFO  [HTML 4/1500] https://www.iitj.ac.in/m/Index/schools-master%20of%20business%20administration?lg=en
INFO    ✓ 76 words → ex_schools_master_20of_20business_20administration_6fcb682c.txt
INFO  [HTML 5/1500] https://iitj.ac.in/main/en/important-links
INFO    ✓ 120 words → _main_en_important_links_67200bdf.txt
INFO  [HTML 6/1500] https://iitj.ac.in/main/hi/iitj
WARNING    Too short (13 w), skip: https://iitj.ac.in/main/hi/iitj
INFO  [HTML 7/1500] https://iitj.ac.in/m/Index/main-statutory bodies?lg=en
INFO    ✓ 72 words → _m_Index_main_statutory_bodies_1fa29c14.txt
INFO  [HTML 8/1500] https://old.iitj.ac.in/
WARNING    HTML fetch failed https://old.iitj.ac.in/: HTTPSConnectionPool(host='old.iitj.ac.in', port=443): Max retries exceeded with url: / (Caused by SSLError(SSLCertVerificationError(1, '[SSL: CERTIFICATE_VERIFY_FAILED] certificate verify failed: unable to get local issuer certificate (_ssl.c:1006)')))
INFO  [HTML 9/1500] https://iitj.ac.in/m/Index/main-centers?lg=en
INFO    ✓ 97 words → _m_Index_main_centers_7a42ed09.txt
INFO  [HTML 10/1500] https://iitj.ac.in/main/en/why-pursue-a-career-@-iit-jodhpur
INFO    ✓ 734 words → _main_en_why_pursue_a_career___iit_jodhpur_6db0615a.txt
INFO  [HTML 11/1500] https://iitj.ac.in/main/en/all-announcement
INFO    ✓ 165 words → _main_en_all_announcement_dc88643e.txt
INFO  [HTML 12/1500] https://iitj.ac.in/main/en/iitj
INFO    ✓ 472 words → _main_en_iitj_a5fdd3ef.txt
INFO  [HTML 13/1500] https://iitj.ac.in/main/en/research-highlight
INFO    ✓ 157 words → _main_en_research_highlight_317260e7.txt
INFO  [HTML 14/1500] https://iitj.ac.in/main/en/recruitments
INFO    ✓ 78 words → _main_en_recruitments_27183559.txt
INFO  [HTML 15/1500] https://iitj.ac.in/main/en/admission-links
INFO    ✓ 89 words → _main_en_admission_links_3b7f21f2.txt
INFO  [HTML 16/1500] https://iitj.ac.in/main/en/administrative-contact
INFO    ✓ 272 words → _main_en_administrative_contact_29618878.txt
INFO  [HTML 17/1500] https://iitj.ac.in/m/Index/main-key functionaries?lg=en
INFO    ✓ 71 words → _m_Index_main_key_functionaries_09847e4f.txt
INFO  [HTML 18/1500] https://iitj.ac.in/main/en/research-highlight?dsl=2&dslID=3647aa9a-ea25-41e5-9bc4-4f491beb5f4d
INFO    ✓ 524 words → _main_en_research_highlight_231dbc04.txt
INFO  [HTML 19/1500] https://iitj.ac.in/admission-postgraduate-programs/en/list-of-provisionally-selected-candidates
INFO    ✓ 185 words → grams_en_list_of_provisionally_selected_candidates_ba6d87de.txt
INFO  [HTML 20/1500] https://iitj.ac.in/main/en/chairman
INFO    ✓ 598 words → _main_en_chairman_f3b1ef9b.txt
INFO  [HTML 21/1500] https://iitj.ac.in/office-of-stores-purchase/en/tender-details
INFO    ✓ 82 words → _office_of_stores_purchase_en_tender_details_ccd191c8.txt
INFO  [HTML 22/1500] https://iitj.ac.in/office-of-administration/en/office-of-administration
INFO    ✓ 546 words → fice_of_administration_en_office_of_administration_b1a85bfe.txt
INFO  [HTML 23/1500] https://www.iitj.ac.in/admission-postgraduate-programs/en/msc-computational-social-science
INFO    ✓ 187 words → duate_programs_en_msc_computational_social_science_412baab1.txt
INFO  [HTML 24/1500] https://iitj.ac.in/m/Index/main-schools?lg=en
INFO    ✓ 79 words → _m_Index_main_schools_e2bb4a37.txt
INFO  [HTML 25/1500] https://iitj.ac.in/school-of-artificial-intelligence-data-science/en/Events?dsl=2&dslID=6bda9606-7644-4a40-b10c-fe0c914f4b3d
INFO    ✓ 109 words → _of_artificial_intelligence_data_science_en_Events_13302630.txt
INFO  [HTML 26/1500] https://iitj.ac.in/main/en/research-highlight?dsl=2&dslID=d747bac3-a0bd-4a6a-8843-6d33e721b331
INFO    ✓ 563 words → _main_en_research_highlight_edadf9cf.txt
INFO  [HTML 27/1500] https://iitj.ac.in/m/Index/main-institute?lg=en
INFO    ✓ 70 words → _m_Index_main_institute_35e5f918.txt
INFO  [HTML 28/1500] https://iitj.ac.in/correspondence
WARNING    Too short (0 w), skip: https://iitj.ac.in/correspondence
INFO  [HTML 29/1500] https://iitj.ac.in/office-of-academics/en/academics
INFO    ✓ 227 words → _office_of_academics_en_academics_03133826.txt
INFO  [HTML 30/1500] https://iitj.ac.in/aiot-fab-facility/en/aiot-fab-facility
INFO    ✓ 613 words → _aiot_fab_facility_en_aiot_fab_facility_f7ed7b84.txt
INFO  [HTML 31/1500] https://iitj.ac.in/main/en/adjunct-faculty-members
INFO    ✓ 169 words → _main_en_adjunct_faculty_members_47723c2d.txt
INFO  [HTML 32/1500] https://spc.iitj.ac.in/
WARNING    HTML fetch failed https://spc.iitj.ac.in/: HTTPSConnectionPool(host='spc.iitj.ac.in', port=443): Max retries exceeded with url: / (Caused by SSLError(SSLCertVerificationError(1, '[SSL: CERTIFICATE_VERIFY_FAILED] certificate verify failed: unable to get local issuer certificate (_ssl.c:1006)')))
INFO  [HTML 33/1500] https://iitj.ac.in/main/en/contact
INFO    ✓ 116 words → _main_en_contact_1f164aaf.txt
INFO  [HTML 34/1500] https://iitj.ac.in/electrical-engineering/en/Research-Highlights?dsl=2&dslID=45070ea5-4bdc-4e1f-a594-bb7c6cafa195
INFO    ✓ 128 words → _electrical_engineering_en_Research_Highlights_85f8b50b.txt
INFO  [HTML 35/1500] https://iitj.ac.in/main/en/events?dsl=2&dslID=651de5e6-905b-416b-95d8-9d221f39a4e5
INFO    ✓ 186 words → _main_en_events_2522cd21.txt
INFO  [HTML 36/1500] https://iitj.ac.in/office-of-students/en/campus-life
INFO    ✓ 265 words → _office_of_students_en_campus_life_99ec62f7.txt
INFO  [HTML 37/1500] https://iitj.ac.in/m/Index/main-departments?lg=en
INFO    ✓ 71 words → _m_Index_main_departments_934e6101.txt
INFO  [HTML 38/1500] https://iitj.ac.in/office-of-director/en/office-of-director
INFO    ✓ 455 words → _office_of_director_en_office_of_director_07548a98.txt
INFO  [HTML 39/1500] https://iitj.ac.in/rti
WARNING    Too short (0 w), skip: https://iitj.ac.in/rti
INFO  [HTML 40/1500] https://iitj.ac.in/office-of-corporate-relations/en/Donate
INFO    ✓ 374 words → _office_of_corporate_relations_en_Donate_802ffe97.txt
INFO  [HTML 41/1500] https://iitj.ac.in/office-of-registrar/en/office-of-registrar
INFO    ✓ 225 words → _office_of_registrar_en_office_of_registrar_0363b1b3.txt
INFO  [HTML 42/1500] https://iitj.ac.in/m/Index/main-outreach?lg=en
INFO    ✓ 84 words → _m_Index_main_outreach_92374e9a.txt
INFO  [HTML 43/1500] https://iitj.ac.in/m/Index/main-programs?lg=en
INFO    ✓ 86 words → _m_Index_main_programs_aa9a449c.txt
INFO  [HTML 44/1500] https://iitj.ac.in/main/en/faqs-applicants
INFO    ✓ 126 words → _main_en_faqs_applicants_48791340.txt
INFO  [HTML 45/1500] https://iitj.ac.in/main/en/news?dsl=2&dslID=e0f79fba-e306-49c8-9f2a-0df29de67bc1
INFO    ✓ 129 words → _main_en_news_26bee342.txt
INFO  [HTML 46/1500] https://iitj.ac.in/main/en/news?dsl=2&dslID=e68ae573-7d7e-4f5f-bf35-e3c801ac5f60
INFO    ✓ 147 words → _main_en_news_8aff9626.txt
INFO  [HTML 47/1500] https://iitj.ac.in/health-center/en/health-center
INFO    ✓ 632 words → _health_center_en_health_center_4ef603be.txt
INFO  [HTML 48/1500] https://alumni.iitj.ac.in/
WARNING    Too short (0 w), skip: https://alumni.iitj.ac.in/
INFO  [HTML 49/1500] https://iitj.ac.in/es/en/engineering-science
INFO    ✓ 506 words → _es_en_engineering_science_a3b95c44.txt
INFO  [HTML 50/1500] https://iitj.ac.in/admission-postgraduate-programs/en/list-of-shortlisted-candidates
INFO    ✓ 236 words → raduate_programs_en_list_of_shortlisted_candidates_ac33fd4e.txt
INFO  [HTML 51/1500] https://iitj.ac.in/main/en/introduction
INFO    ✓ 219 words → _main_en_introduction_a67015b7.txt
INFO  [HTML 52/1500] https://iitj.ac.in/main/en/Help
INFO    ✓ 195 words → _main_en_Help_3c4332f3.txt
INFO  [HTML 53/1500] https://iitj.ac.in/m/Index/schools-master%20of%20business%20administration?lg=en
INFO    ✓ 76 words → ex_schools_master_20of_20business_20administration_8f8c6158.txt
INFO  [HTML 54/1500] https://iitj.ac.in/main/en/events
INFO    ✓ 193 words → _main_en_events_289aecfa.txt
INFO  [HTML 55/1500] https://iitj.ac.in/office-of-deputy-director/en/office-of-deputy-director
INFO    ✓ 116 words → ce_of_deputy_director_en_office_of_deputy_director_c4fabc44.txt
INFO  [HTML 56/1500] https://iitj.ac.in/main/en/events?dsl=2&dslID=74ebb42f-9e61-47e6-bd93-defceeaa5e71
INFO    ✓ 76 words → _main_en_events_d3f17058.txt
INFO  [HTML 57/1500] https://iitj.ac.in/office-of-students/en/office-of-students
INFO    ✓ 547 words → _office_of_students_en_office_of_students_2dc43706.txt
INFO  [HTML 58/1500] https://iitj.ac.in/crf/en/crf
INFO    ✓ 362 words → _crf_en_crf_955e948f.txt
INFO  [HTML 59/1500] https://iitj.ac.in/m/Index/company-oversight?lg=en
INFO    ✓ 86 words → _m_Index_company_oversight_c19d3971.txt
INFO  [HTML 60/1500] https://iitj.ac.in/main/en/how-to-reach-iit-jodhpur
INFO    ✓ 372 words → _main_en_how_to_reach_iit_jodhpur_6ec0673d.txt
INFO  [HTML 61/1500] http://swc.iitj.ac.in/
INFO    ✓ 268 words → __6b70d911.txt
INFO  [HTML 62/1500] https://iitj.ac.in/techscape/en/Techscape
INFO    ✓ 364 words → _techscape_en_Techscape_90fdcceb.txt
INFO  [HTML 63/1500] https://iitj.ac.in/office-of-executive-education/en/office-of-executive-education
INFO    ✓ 451 words → ecutive_education_en_office_of_executive_education_f49bb8db.txt
INFO  [HTML 64/1500] https://iitj.ac.in/m/Index/main-various offices?lg=en
INFO    ✓ 185 words → _m_Index_main_various_offices_82ba7f59.txt
INFO  [HTML 65/1500] https://iitj.ac.in/main/en/visiting-faculty-members
INFO    ✓ 167 words → _main_en_visiting_faculty_members_4d721eb1.txt
INFO  [HTML 66/1500] https://iitj.ac.in/anti-sexual-harassment-policy/en/anti-sexual-harassment-policy
INFO    ✓ 208 words → harassment_policy_en_anti_sexual_harassment_policy_953bf5c2.txt
INFO  [HTML 67/1500] https://iitj.ac.in/feedback
INFO    ✓ 50 words → _feedback_dbfb7b41.txt
INFO  [HTML 68/1500] https://iitj.ac.in/institute-repository/en/nirf
INFO    ✓ 192 words → _institute_repository_en_nirf_64e9b51e.txt
INFO  [HTML 69/1500] https://iitj.ac.in/faculty-positions/en/faculty-positions
INFO    ✓ 214 words → _faculty_positions_en_faculty_positions_338e99b4.txt
INFO  [HTML 70/1500] https://iitj.ac.in/m/Index/main-idrps-idrcs?lg=en
INFO    ✓ 80 words → _m_Index_main_idrps_idrcs_457e3a88.txt
INFO  [HTML 71/1500] https://library.iitj.ac.in/
INFO    ✓ 268 words → __26f7f7e9.txt
INFO  [HTML 72/1500] https://iitj.ac.in/schools/en/cat-cut-offs
INFO    ✓ 98 words → _schools_en_cat_cut_offs_17ce0c57.txt
INFO  [HTML 73/1500] https://iitj.ac.in/main/en/web-information-manager
INFO    ✓ 112 words → _main_en_web_information_manager_dfabbc62.txt
INFO  [HTML 74/1500] https://iitj.ac.in/main/en/news
INFO    ✓ 295 words → _main_en_news_1170ed61.txt
INFO  [HTML 75/1500] https://iitj.ac.in/Search?lg=en
INFO    ✓ 60 words → _Search_ca71981f.txt
INFO  [HTML 76/1500] https://iitj.ac.in/main/en/director
INFO    ✓ 738 words → _main_en_director_d9eff198.txt
INFO  [HTML 77/1500] https://iitj.ac.in/main/en/web-policy
INFO    ✓ 3,548 words → _main_en_web_policy_03774d11.txt
INFO  [HTML 78/1500] https://iitj.ac.in/m/Index/main-infrastructure?lg=en
INFO    ✓ 63 words → _m_Index_main_infrastructure_52dcff7e.txt
INFO  [HTML 79/1500] https://iitj.ac.in/main/en/scholars-in-residence
INFO    ✓ 184 words → _main_en_scholars_in_residence_ec64f4dc.txt
INFO  [HTML 80/1500] https://iitj.ac.in/AtoZ?lg=en
INFO    ✓ 6,157 words → _AtoZ_734742a2.txt
INFO  [HTML 81/1500] https://iitj.ac.in/main/en/intranet-page
INFO    ✓ 85 words → _main_en_intranet_page_324bb57a.txt
INFO  [HTML 82/1500] https://iitj.ac.in/admission-postgraduate-programs/en/Admission-to-Postgraduate-Programs
INFO    ✓ 298 words → ate_programs_en_Admission_to_Postgraduate_Programs_12c8714a.txt
INFO  [HTML 83/1500] https://iitj.ac.in/Institute-Repository/en/Institute-Repository
INFO    ✓ 77 words → _Institute_Repository_en_Institute_Repository_934ab017.txt
INFO  [HTML 84/1500] https://iitj.ac.in/main/en/research-highlight?dsl=2&dslID=682d62af-b4b9-46d8-8130-a2144d06e003
INFO    ✓ 329 words → _main_en_research_highlight_7a01845b.txt
INFO  [HTML 85/1500] https://iitj.ac.in/dia/en/dia
INFO    ✓ 242 words → _dia_en_dia_42a9f1a4.txt
INFO  [HTML 86/1500] https://iitj.ac.in/Main/en/Help
INFO    ✓ 195 words → _Main_en_Help_46680f2b.txt
INFO  [HTML 87/1500] https://iitj.ac.in/main/en/faculty-members
INFO    ✓ 178 words → _main_en_faculty_members_98f3f465.txt
INFO  [HTML 88/1500] https://iitj.ac.in/Recruitment/Details?type=3052&level=54&AdvID=19&ar=
WARNING    Too short (7 w), skip: https://iitj.ac.in/Recruitment/Details?type=3052&level=54&AdvID=19&ar=
INFO  [HTML 89/1500] https://iitj.ac.in/Recruitment/Details?type=3052&level=3126&AdvID=24&ar=
WARNING    Too short (5 w), skip: https://iitj.ac.in/Recruitment/Details?type=3052&level=3126&AdvID=24&ar=
INFO  [HTML 90/1500] https://iitj.ac.in/Recruitment/Index
WARNING    Too short (0 w), skip: https://iitj.ac.in/Recruitment/Index
INFO  [HTML 91/1500] https://iitj.ac.in/Recruitment/Details?type=3052&level=0&AdvID=12&ar=
WARNING    Too short (6 w), skip: https://iitj.ac.in/Recruitment/Details?type=3052&level=0&AdvID=12&ar=
INFO  [HTML 92/1500] https://iitj.ac.in/Recruitment/Details?type=3052&level=54&AdvID=21&ar=
WARNING    Too short (5 w), skip: https://iitj.ac.in/Recruitment/Details?type=3052&level=54&AdvID=21&ar=
INFO  [HTML 93/1500] https://iitj.ac.in/Recruitment/Details?type=3052&level=0&AdvID=21&ar=
WARNING    Too short (5 w), skip: https://iitj.ac.in/Recruitment/Details?type=3052&level=0&AdvID=21&ar=
INFO  [HTML 94/1500] https://iitj.ac.in/Recruitment/Details?type=3052&level=0&AdvID=23&ar=
WARNING    Too short (5 w), skip: https://iitj.ac.in/Recruitment/Details?type=3052&level=0&AdvID=23&ar=
INFO  [HTML 95/1500] https://iitj.ac.in/Recruitment/Details?type=3052&level=0&AdvID=25&ar=
WARNING    Too short (5 w), skip: https://iitj.ac.in/Recruitment/Details?type=3052&level=0&AdvID=25&ar=
INFO  [HTML 96/1500] https://iitj.ac.in/Recruitment/Details?type=3052&level=54&AdvID=23&ar=
WARNING    Too short (5 w), skip: https://iitj.ac.in/Recruitment/Details?type=3052&level=54&AdvID=23&ar=
INFO  [HTML 97/1500] https://iitj.ac.in/Recruitment/Details?type=3052&level=3126&AdvID=12&ar=
WARNING    Too short (6 w), skip: https://iitj.ac.in/Recruitment/Details?type=3052&level=3126&AdvID=12&ar=
INFO  [HTML 98/1500] https://iitj.ac.in/Recruitment/Details?type=3052&level=54&AdvID=22&ar=
WARNING    Too short (6 w), skip: https://iitj.ac.in/Recruitment/Details?type=3052&level=54&AdvID=22&ar=
INFO  [HTML 99/1500] https://erponline.iitj.ac.in/CAREER/auth/onlineApplication.htm
WARNING    HTML fetch failed https://erponline.iitj.ac.in/CAREER/auth/onlineApplication.htm: HTTPSConnectionPool(host='erponline.iitj.ac.in', port=443): Max retries exceeded with url: /CAREER/auth/onlineApplication.htm (Caused by SSLError(SSLCertVerificationError(1, '[SSL: CERTIFICATE_VERIFY_FAILED] certificate verify failed: unable to get local issuer certificate (_ssl.c:1006)')))
INFO  [HTML 100/1500] https://iitj.ac.in/Recruitment/Details?type=3052&level=0&AdvID=22&ar=
WARNING    Too short (6 w), skip: https://iitj.ac.in/Recruitment/Details?type=3052&level=0&AdvID=22&ar=
INFO  [HTML 101/1500] https://iitj.ac.in/Recruitment/Details?type=3052&level=54&AdvID=20&ar=
WARNING    Too short (5 w), skip: https://iitj.ac.in/Recruitment/Details?type=3052&level=54&AdvID=20&ar=
INFO  [HTML 102/1500] https://iitj.ac.in/Recruitment/Details?type=3052&level=54&AdvID=25&ar=
WARNING    Too short (5 w), skip: https://iitj.ac.in/Recruitment/Details?type=3052&level=54&AdvID=25&ar=
INFO  [HTML 103/1500] https://iitj.ac.in/Recruitment/Details?type=3052&level=0&AdvID=20&ar=
WARNING    Too short (5 w), skip: https://iitj.ac.in/Recruitment/Details?type=3052&level=0&AdvID=20&ar=
INFO  [HTML 104/1500] https://iitj.ac.in/Recruitment/Details?type=3052&level=0&AdvID=19&ar=
WARNING    Too short (7 w), skip: https://iitj.ac.in/Recruitment/Details?type=3052&level=0&AdvID=19&ar=
INFO  [HTML 105/1500] https://iitj.ac.in/Recruitment/Details?type=3052&level=0&AdvID=24&ar=
WARNING    Too short (5 w), skip: https://iitj.ac.in/Recruitment/Details?type=3052&level=0&AdvID=24&ar=
INFO  [HTML 106/1500] https://iitj.ac.in/office-of-research-development/hi/office-of-research-and-development
WARNING    Too short (9 w), skip: https://iitj.ac.in/office-of-research-development/hi/office-of-research-and-development
INFO  [HTML 107/1500] https://iitj.ac.in/office-of-research-development/en/notification
INFO    ✓ 620 words → _office_of_research_development_en_notification_ff2d448a.txt
INFO  [HTML 108/1500] https://iitj.ac.in/office-of-research-development/en/forms
INFO    ✓ 114 words → _office_of_research_development_en_forms_c3af1e9e.txt
INFO  [HTML 109/1500] https://iitj.ac.in/office-of-research-development/en/project-staff-appointment
INFO    ✓ 121 words → _research_development_en_project_staff_appointment_e5e684e5.txt
INFO  [HTML 110/1500] https://iitj.ac.in/office-of-research-development/en/news
INFO    ✓ 80 words → _office_of_research_development_en_news_114427be.txt
INFO  [HTML 111/1500] https://iitj.ac.in/office-of-research-development/en/information
INFO    ✓ 241 words → _office_of_research_development_en_information_9f4da891.txt
INFO  [HTML 112/1500] https://iitj.ac.in/People?dept=office-of-research-development
WARNING    Too short (10 w), skip: https://iitj.ac.in/People?dept=office-of-research-development
INFO  [HTML 113/1500] http://intra.iitj.ac.in:8080/OA_Application/
WARNING    HTML fetch failed http://intra.iitj.ac.in:8080/OA_Application/: HTTPConnectionPool(host='intra.iitj.ac.in', port=8080): Max retries exceeded with url: /OA_Application/ (Caused by ConnectTimeoutError(<urllib3.connection.HTTPConnection object at 0x7f82fe916290>, 'Connection to intra.iitj.ac.in timed out. (connect timeout=15)'))
INFO  [HTML 114/1500] https://iitj.ac.in/office-of-research-development/en/projects
INFO    ✓ 69 words → _office_of_research_development_en_projects_24dae642.txt
INFO  [HTML 115/1500] https://iitj.ac.in/office-of-research-development/en/funding-opportunities
INFO    ✓ 135 words → e_of_research_development_en_funding_opportunities_4f84aa27.txt
INFO  [HTML 116/1500] https://iitj.ac.in/office-of-research-development/en/ipr
INFO    ✓ 120 words → _office_of_research_development_en_ipr_e04f517f.txt
INFO  [HTML 117/1500] https://iitj.ac.in/office-of-research-development/en/contact
INFO    ✓ 93 words → _office_of_research_development_en_contact_8623943a.txt
INFO  [HTML 118/1500] https://www.iitj.ac.in/schools/en/placement-process
INFO    ✓ 170 words → _schools_en_placement_process_abac3509.txt
INFO  [HTML 119/1500] https://www.iitj.ac.in/schools/en/cat-cut-offs
INFO    ✓ 98 words → _schools_en_cat_cut_offs_3c36c6fa.txt
INFO  [HTML 120/1500] https://www.iitj.ac.in/Institute-Repository/en/Institute-Repository
INFO    ✓ 77 words → _Institute_Repository_en_Institute_Repository_9242d522.txt
INFO  [HTML 121/1500] https://www.iitj.ac.in/Search?lg=en
INFO    ✓ 60 words → _Search_8aca70fc.txt
INFO  [HTML 122/1500] https://www.iitj.ac.in/m/Index/schools-executive program?lg=en
INFO    ✓ 61 words → _m_Index_schools_executive_program_a0c59a8e.txt
INFO  [HTML 123/1500] https://www.iitj.ac.in/m/Index/schools-mba in - fintech - cybersecurity?lg=en
INFO    ✓ 64 words → _m_Index_schools_mba_in___fintech___cybersecurity_2404e41b.txt
INFO  [HTML 124/1500] https://www.iitj.ac.in/schools/en/phd-students
INFO    ✓ 138 words → _schools_en_phd_students_75390368.txt
INFO  [HTML 125/1500] https://www.iitj.ac.in/rti
WARNING    Too short (0 w), skip: https://www.iitj.ac.in/rti
INFO  [HTML 126/1500] https://www.iitj.ac.in/schools/en/program-curriculum
INFO    ✓ 223 words → _schools_en_program_curriculum_87859e43.txt
INFO  [HTML 127/1500] https://www.iitj.ac.in/schools/en/eligibility-criteria-and-selection-process
INFO    ✓ 1,185 words → ools_en_eligibility_criteria_and_selection_process_f27719ee.txt
INFO  [HTML 128/1500] https://www.iitj.ac.in/main/en/Help
INFO    ✓ 195 words → _main_en_Help_d491c626.txt
INFO  [HTML 129/1500] https://www.iitj.ac.in/techscape/en/Techscape
INFO    ✓ 364 words → _techscape_en_Techscape_12a49682.txt
INFO  [HTML 130/1500] https://www.iitj.ac.in/main/en/contact
INFO    ✓ 116 words → _main_en_contact_6595ac7a.txt
INFO  [HTML 131/1500] https://www.iitj.ac.in/m/Index/schools-mba in fintech - cybersecurity?lg=en
INFO    ✓ 64 words → _m_Index_schools_mba_in_fintech___cybersecurity_174665b9.txt
INFO  [HTML 132/1500] https://www.iitj.ac.in/People/List?dept=schools&c=23b32e2c-8f6a-4ea7-876e-dfe4962714d9
WARNING    Too short (10 w), skip: https://www.iitj.ac.in/People/List?dept=schools&c=23b32e2c-8f6a-4ea7-876e-dfe4962714d9
INFO  [HTML 133/1500] https://www.iitj.ac.in/Main/en/Help
INFO    ✓ 195 words → _Main_en_Help_6b9f96ad.txt
INFO  [HTML 134/1500] https://www.iitj.ac.in/schools/en/final-placement
INFO    ✓ 612 words → _schools_en_final_placement_83d4a2d2.txt
INFO  [HTML 135/1500] https://www.iitj.ac.in/schools/en/phd
INFO    ✓ 767 words → _schools_en_phd_593db34e.txt
INFO  [HTML 136/1500] https://www.iitj.ac.in/schools/en/industry-interaction
INFO    ✓ 590 words → _schools_en_industry_interaction_a5620ad9.txt
INFO  [HTML 137/1500] https://www.iitj.ac.in/main/en/recruitments
INFO    ✓ 78 words → _main_en_recruitments_41e59684.txt
INFO  [HTML 138/1500] https://www.iitj.ac.in/main/en/web-policy
INFO    ✓ 3,548 words → _main_en_web_policy_7ac56845.txt
INFO  [HTML 139/1500] https://www.iitj.ac.in/schools/en/School-of-Management-&-Entrepreneurship
INFO    ✓ 584 words → schools_en_School_of_Management___Entrepreneurship_f8734193.txt
INFO  [HTML 140/1500] https://www.iitj.ac.in/schools/en/about-sme
INFO    ✓ 252 words → _schools_en_about_sme_d8f9ca25.txt
INFO  [HTML 141/1500] https://www.iitj.ac.in/AtoZ?lg=en
INFO    ✓ 6,157 words → _AtoZ_7da94680.txt
INFO  [HTML 142/1500] https://www.iitj.ac.in/schools/en/phd-program
INFO    ✓ 1,359 words → _schools_en_phd_program_642e7604.txt
INFO  [HTML 143/1500] https://www.iitj.ac.in/schools/en/faq-1
INFO    ✓ 744 words → _schools_en_faq_1_4d832434.txt
INFO  [HTML 144/1500] https://www.iitj.ac.in/anti-sexual-harassment-policy/en/anti-sexual-harassment-policy
INFO    ✓ 208 words → harassment_policy_en_anti_sexual_harassment_policy_5dced9be.txt
INFO  [HTML 145/1500] https://www.iitj.ac.in/correspondence
WARNING    Too short (0 w), skip: https://www.iitj.ac.in/correspondence
INFO  [HTML 146/1500] https://www.iitj.ac.in/schools/en/placement-brochure
INFO    ✓ 112 words → _schools_en_placement_brochure_cce572c8.txt
INFO  [HTML 147/1500] https://www.iitj.ac.in/office-of-stores-purchase/en/tender-details
INFO    ✓ 82 words → _office_of_stores_purchase_en_tender_details_01093aa7.txt
INFO  [HTML 148/1500] https://www.iitj.ac.in/schools/en/About-COE-IP
INFO    ✓ 650 words → _schools_en_About_COE_IP_9600b164.txt
INFO  [HTML 149/1500] https://www.iitj.ac.in/People?dept=schools
WARNING    Too short (10 w), skip: https://www.iitj.ac.in/People?dept=schools
INFO  [HTML 150/1500] https://www.iitj.ac.in/m/Index/84EF8F1A-3FF6-4AF1-AD38-2913EC4FBA09?lg=en
INFO    ✓ 64 words → _m_Index_84EF8F1A_3FF6_4AF1_AD38_2913EC4FBA09_1d4032e4.txt
INFO  [HTML 151/1500] https://www.iitj.ac.in/schools/en/fee-structure-student-intake
INFO    ✓ 331 words → _schools_en_fee_structure_student_intake_2b8832df.txt
INFO  [HTML 152/1500] https://www.iitj.ac.in/m/Index/schools-master of business administration?lg=en
INFO    ✓ 76 words → _m_Index_schools_master_of_business_administration_a3438997.txt
INFO  [HTML 153/1500] https://www.iitj.ac.in/m/Index/schools-mba & mba technology?lg=en
INFO    ✓ 63 words → _m_Index_schools_mba___mba_technology_979b4e1a.txt
INFO  [HTML 154/1500] https://www.iitj.ac.in/main/en/how-to-reach-iit-jodhpur
INFO    ✓ 372 words → _main_en_how_to_reach_iit_jodhpur_8a1ad0d2.txt
INFO  [HTML 155/1500] https://www.iitj.ac.in/schools/en/Minor-Programs
INFO    ✓ 493 words → _schools_en_Minor_Programs_a49a66ba.txt
INFO  [HTML 156/1500] https://www.iitj.ac.in/schools/en/projects
INFO    ✓ 400 words → _schools_en_projects_0b74255a.txt
INFO  [HTML 157/1500] https://www.iitj.ac.in/main/en/intranet-page
INFO    ✓ 85 words → _main_en_intranet_page_03a0bf50.txt
INFO  [HTML 158/1500] https://www.iitj.ac.in/schools/en/publications
INFO    ✓ 4,292 words → _schools_en_publications_f8a07078.txt
INFO  [HTML 159/1500] https://www.iitj.ac.in/schools/en/how-to-apply
INFO    ✓ 232 words → _schools_en_how_to_apply_73b1f9ca.txt
INFO  [HTML 160/1500] https://www.iitj.ac.in/feedback
INFO    ✓ 50 words → _feedback_9bb0e336.txt
INFO  [HTML 161/1500] https://www.iitj.ac.in/dia/en/dia
INFO    ✓ 242 words → _dia_en_dia_0ecd3240.txt
INFO  [HTML 162/1500] https://www.iitj.ac.in/schools/en/summer-internship
INFO    ✓ 434 words → _schools_en_summer_internship_7dd4e3f7.txt
INFO  [HTML 163/1500] https://www.iitj.ac.in/schools/en/contact
INFO    ✓ 133 words → _schools_en_contact_0288ce11.txt
INFO  [HTML 164/1500] https://www.iitj.ac.in/main/en/web-information-manager
INFO    ✓ 112 words → _main_en_web_information_manager_a08dfffd.txt
INFO  [HTML 165/1500] https://www.iitj.ac.in/
INFO    ✓ 472 words → __379cd79a.txt
INFO  [HTML 166/1500] https://www.iitj.ac.in/schools/en/mission-vision
INFO    ✓ 316 words → _schools_en_mission_vision_d8a44820.txt
INFO  [HTML 167/1500] https://www.iitj.ac.in/schools/en/mdp
INFO    ✓ 442 words → _schools_en_mdp_ea4f94f2.txt
INFO  [HTML 168/1500] https://www.iitj.ac.in/main/en/important-links
INFO    ✓ 120 words → _main_en_important_links_64c026b2.txt
INFO  [HTML 169/1500] https://www.iitj.ac.in/m/Index/schools-executive-program?lg=en
INFO    ✓ 64 words → _m_Index_schools_executive_program_a8dc2f4c.txt
INFO  [HTML 170/1500] https://www.iitj.ac.in/m/Index/1B66200D-9309-4212-AF0B-D98FA1D9C356?lg=en
INFO    ✓ 76 words → _m_Index_1B66200D_9309_4212_AF0B_D98FA1D9C356_f0d0bea8.txt
INFO  [HTML 171/1500] https://www.iitj.ac.in/m/Index/schools-dual degree?lg=en
INFO    ✓ 64 words → _m_Index_schools_dual_degree_57d2b406.txt
INFO  [HTML 172/1500] https://www.iitj.ac.in/schools/en/live-project
INFO    ✓ 303 words → _schools_en_live_project_7d354d9a.txt
INFO  [HTML 173/1500] https://www.iitj.ac.in/institute-repository/en/nirf
INFO    ✓ 192 words → _institute_repository_en_nirf_0ef5cc51.txt
INFO  [HTML 174/1500] https://www.iitj.ac.in/office-of-corporate-relations/en/Donate
INFO    ✓ 374 words → _office_of_corporate_relations_en_Donate_e00b6e00.txt
INFO  [HTML 175/1500] https://www.iitj.ac.in/m/Index/schools-master of business administration?lg=hi
WARNING    Too short (0 w), skip: https://www.iitj.ac.in/m/Index/schools-master of business administration?lg=hi
INFO  [HTML 176/1500] https://iitj.ac.in/office-of-security-transports/en/transport
INFO    ✓ 371 words → _office_of_security_transports_en_transport_aeb1c121.txt
INFO  [HTML 177/1500] https://iitj.ac.in/post-doctoral-fellows/en/PDF
INFO    ✓ 202 words → _post_doctoral_fellows_en_PDF_a43dbdd8.txt
INFO  [HTML 178/1500] https://iitj.ac.in/inclusivity-cell/en/inclusivity-cell
INFO    ✓ 331 words → _inclusivity_cell_en_inclusivity_cell_a3b666e9.txt
INFO  [HTML 179/1500] https://iitj.ac.in/sc-and-st-helpdesk/en/sc-and-st-helpdesk
INFO    ✓ 143 words → _sc_and_st_helpdesk_en_sc_and_st_helpdesk_f07f2c62.txt
INFO  [HTML 180/1500] https://iitj.ac.in/main/hi/important-links
WARNING    Too short (9 w), skip: https://iitj.ac.in/main/hi/important-links
INFO  [HTML 181/1500] https://iitj.ac.in/main/en/grievance-redressal-committee
INFO    ✓ 233 words → _main_en_grievance_redressal_committee_02d49c2d.txt
INFO  [HTML 182/1500] https://iitj.ac.in/main/en/companies-oversight
INFO    ✓ 86 words → _main_en_companies_oversight_82c646aa.txt
INFO  [HTML 183/1500] https://iitj.ac.in/office-of-corporate-relations/en/Office-of-Corporate-Relations
INFO    ✓ 883 words → rporate_relations_en_Office_of_Corporate_Relations_818f965d.txt
INFO  [HTML 184/1500] https://iitj.ac.in/main/en/house-allotment-rules-for-employee
INFO    ✓ 87 words → _main_en_house_allotment_rules_for_employee_4dcb88de.txt
INFO  [HTML 185/1500] https://erp.iitj.ac.in/
WARNING    Too short (13 w), skip: https://erp.iitj.ac.in/
INFO  [HTML 186/1500] https://iitj.ac.in/support-iit-jodhpur/en/friends-of-iitj
INFO    ✓ 857 words → _support_iit_jodhpur_en_friends_of_iitj_d5b4082d.txt
INFO  [HTML 187/1500] https://iitj.ac.in/main/en/joint-consultative-committee
INFO    ✓ 206 words → _main_en_joint_consultative_committee_99e65f7b.txt
INFO  [HTML 188/1500] https://scholar.iitj.ac.in/home
WARNING    HTML fetch failed https://scholar.iitj.ac.in/home: HTTPSConnectionPool(host='scholar.iitj.ac.in', port=443): Read timed out. (read timeout=15)
INFO  [HTML 189/1500] https://erponline.iitj.ac.in/exapp/auth/apps.htm
WARNING    HTML fetch failed https://erponline.iitj.ac.in/exapp/auth/apps.htm: HTTPSConnectionPool(host='erponline.iitj.ac.in', port=443): Max retries exceeded with url: /exapp/auth/apps.htm (Caused by SSLError(SSLCertVerificationError(1, '[SSL: CERTIFICATE_VERIFY_FAILED] certificate verify failed: unable to get local issuer certificate (_ssl.c:1006)')))
INFO  [HTML 190/1500] https://iitj.ac.in/main/en/vigilance-policy
INFO    ✓ 169 words → _main_en_vigilance_policy_8b660cc7.txt
INFO  [HTML 191/1500] https://iitj.ac.in/office-of-international-relations/en/Office-of-International-Relations
INFO    ✓ 491 words → nal_relations_en_Office_of_International_Relations_ef894a8a.txt
INFO  [HTML 192/1500] https://iitj.ac.in/main/hi/events?dsl=2&dslID=651de5e6-905b-416b-95d8-9d221f39a4e5
WARNING    Too short (9 w), skip: https://iitj.ac.in/main/hi/events?dsl=2&dslID=651de5e6-905b-416b-95d8-9d221f39a4e5
INFO  [HTML 193/1500] https://www.iitj.ac.in/admission-postgraduate-programs/en/list-of-provisionally-selected-candidates
INFO    ✓ 185 words → grams_en_list_of_provisionally_selected_candidates_1bf20b37.txt
INFO  [HTML 194/1500] https://iitj.ac.in/m/Index/main-institute?lg=hi
WARNING    Too short (0 w), skip: https://iitj.ac.in/m/Index/main-institute?lg=hi
INFO  [HTML 195/1500] https://iitj.ac.in/office-of-stores-purchase/hi/tender-details
WARNING    Too short (9 w), skip: https://iitj.ac.in/office-of-stores-purchase/hi/tender-details
INFO  [HTML 196/1500] https://iitj.ac.in/main/hi/recruitments
WARNING    Too short (9 w), skip: https://iitj.ac.in/main/hi/recruitments
INFO  [HTML 197/1500] https://iitj.ac.in/main/hi/visiting-faculty-members
WARNING    Too short (9 w), skip: https://iitj.ac.in/main/hi/visiting-faculty-members
INFO  [HTML 198/1500] https://iitj.ac.in/m/Index/main-departments?lg=hi
WARNING    Too short (0 w), skip: https://iitj.ac.in/m/Index/main-departments?lg=hi
INFO  [HTML 199/1500] https://iitj.ac.in/m/Index/main-key functionaries?lg=hi
WARNING    Too short (0 w), skip: https://iitj.ac.in/m/Index/main-key functionaries?lg=hi
INFO  [HTML 200/1500] https://iitj.ac.in/faculty-positions/hi/faculty-positions
WARNING    Too short (9 w), skip: https://iitj.ac.in/faculty-positions/hi/faculty-positions
INFO  [HTML 201/1500] https://iitj.ac.in/office-of-director/hi/office-of-director
WARNING    Too short (9 w), skip: https://iitj.ac.in/office-of-director/hi/office-of-director
INFO  [HTML 202/1500] https://iitj.ac.in/AtoZ?lg=hi
WARNING    Too short (26 w), skip: https://iitj.ac.in/AtoZ?lg=hi
INFO  [HTML 203/1500] https://iitj.ac.in/main/hi/admission-links
WARNING    Too short (28 w), skip: https://iitj.ac.in/main/hi/admission-links
INFO  [HTML 204/1500] https://iitj.ac.in/main/hi/Help
WARNING    Too short (9 w), skip: https://iitj.ac.in/main/hi/Help
INFO  [HTML 205/1500] https://iitj.ac.in/health-center/hi/health-center
WARNING    Too short (9 w), skip: https://iitj.ac.in/health-center/hi/health-center
INFO  [HTML 206/1500] https://iitj.ac.in/techscape/hi/Techscape
INFO    ✓ 112 words → _techscape_hi_Techscape_d7bce432.txt
INFO  [HTML 207/1500] https://iitj.ac.in/main/hi/why-pursue-a-career-@-iit-jodhpur
WARNING    Too short (9 w), skip: https://iitj.ac.in/main/hi/why-pursue-a-career-@-iit-jodhpur
INFO  [HTML 208/1500] https://iitj.ac.in/main/hi/events
WARNING    Too short (0 w), skip: https://iitj.ac.in/main/hi/events
INFO  [HTML 209/1500] https://iitj.ac.in/crf/hi/crf
WARNING    Too short (9 w), skip: https://iitj.ac.in/crf/hi/crf
INFO  [HTML 210/1500] https://iitj.ac.in/school-of-artificial-intelligence-data-science/hi/Events?dsl=2&dslID=6bda9606-7644-4a40-b10c-fe0c914f4b3d
WARNING    Too short (12 w), skip: https://iitj.ac.in/school-of-artificial-intelligence-data-science/hi/Events?dsl=2&dslID=6bda9606-7644-4a40-b10c-fe0c914f4b3d
INFO  [HTML 211/1500] https://iitj.ac.in/main/hi/research-highlight?dsl=2&dslID=d747bac3-a0bd-4a6a-8843-6d33e721b331
WARNING    Too short (9 w), skip: https://iitj.ac.in/main/hi/research-highlight?dsl=2&dslID=d747bac3-a0bd-4a6a-8843-6d33e721b331
INFO  [HTML 212/1500] https://iitj.ac.in/main/hi/director
WARNING    Too short (9 w), skip: https://iitj.ac.in/main/hi/director
INFO  [HTML 213/1500] https://iitj.ac.in/office-of-administration/hi/office-of-administration
WARNING    Too short (16 w), skip: https://iitj.ac.in/office-of-administration/hi/office-of-administration
INFO  [HTML 214/1500] https://iitj.ac.in/m/Index/main-programs?lg=hi
WARNING    Too short (0 w), skip: https://iitj.ac.in/m/Index/main-programs?lg=hi
INFO  [HTML 215/1500] https://iitj.ac.in/main/hi/introduction
WARNING    Too short (9 w), skip: https://iitj.ac.in/main/hi/introduction
INFO  [HTML 216/1500] https://iitj.ac.in/electrical-engineering/hi/Research-Highlights?dsl=2&dslID=45070ea5-4bdc-4e1f-a594-bb7c6cafa195
WARNING    Too short (9 w), skip: https://iitj.ac.in/electrical-engineering/hi/Research-Highlights?dsl=2&dslID=45070ea5-4bdc-4e1f-a594-bb7c6cafa195
INFO  [HTML 217/1500] https://iitj.ac.in/admission-postgraduate-programs/hi/list-of-shortlisted-candidates
INFO    ✓ 269 words → raduate_programs_hi_list_of_shortlisted_candidates_402d50e4.txt
INFO  [HTML 218/1500] https://iitj.ac.in/main/hi/administrative-contact
INFO    ✓ 211 words → _main_hi_administrative_contact_6889c77c.txt
INFO  [HTML 219/1500] https://iitj.ac.in/office-of-students/hi/campus-life
WARNING    Too short (9 w), skip: https://iitj.ac.in/office-of-students/hi/campus-life
INFO  [HTML 220/1500] https://iitj.ac.in/es/hi/engineering-science
WARNING    Too short (9 w), skip: https://iitj.ac.in/es/hi/engineering-science
INFO  [HTML 221/1500] https://iitj.ac.in/main/hi/faculty-members
INFO    ✓ 94 words → _main_hi_faculty_members_4b334b75.txt
INFO  [HTML 222/1500] https://iitj.ac.in/main/hi/scholars-in-residence
WARNING    Too short (9 w), skip: https://iitj.ac.in/main/hi/scholars-in-residence
INFO  [HTML 223/1500] https://iitj.ac.in/m/Index/company-oversight?lg=hi
WARNING    Too short (0 w), skip: https://iitj.ac.in/m/Index/company-oversight?lg=hi
INFO  [HTML 224/1500] https://iitj.ac.in/m/Index/main-schools?lg=hi
WARNING    Too short (0 w), skip: https://iitj.ac.in/m/Index/main-schools?lg=hi
INFO  [HTML 225/1500] https://iitj.ac.in/main/hi/research-highlight?dsl=2&dslID=682d62af-b4b9-46d8-8130-a2144d06e003
WARNING    Too short (9 w), skip: https://iitj.ac.in/main/hi/research-highlight?dsl=2&dslID=682d62af-b4b9-46d8-8130-a2144d06e003
INFO  [HTML 226/1500] https://iitj.ac.in/main/hi/all-announcement
WARNING    Too short (9 w), skip: https://iitj.ac.in/main/hi/all-announcement
INFO  [HTML 227/1500] https://iitj.ac.in/main/hi/research-highlight
WARNING    Too short (0 w), skip: https://iitj.ac.in/main/hi/research-highlight
INFO  [HTML 228/1500] https://iitj.ac.in/admission-postgraduate-programs/hi/Admission-to-Postgraduate-Programs
INFO    ✓ 223 words → ate_programs_hi_Admission_to_Postgraduate_Programs_12404223.txt
INFO  [HTML 229/1500] https://iitj.ac.in/m/Index/main-idrps-idrcs?lg=hi
WARNING    Too short (3 w), skip: https://iitj.ac.in/m/Index/main-idrps-idrcs?lg=hi
INFO  [HTML 230/1500] https://iitj.ac.in/dia/hi/dia
WARNING    Too short (9 w), skip: https://iitj.ac.in/dia/hi/dia
INFO  [HTML 231/1500] https://iitj.ac.in/main/hi/chairman
WARNING    Too short (9 w), skip: https://iitj.ac.in/main/hi/chairman
INFO  [HTML 232/1500] https://iitj.ac.in/main/hi/adjunct-faculty-members
WARNING    Too short (9 w), skip: https://iitj.ac.in/main/hi/adjunct-faculty-members
INFO  [HTML 233/1500] https://iitj.ac.in/main/hi/contact
WARNING    Too short (13 w), skip: https://iitj.ac.in/main/hi/contact
INFO  [HTML 234/1500] https://iitj.ac.in/office-of-corporate-relations/hi/Donate
INFO    ✓ 315 words → _office_of_corporate_relations_hi_Donate_5dfc54b7.txt
INFO  [HTML 235/1500] https://iitj.ac.in/m/Index/main-infrastructure?lg=hi
WARNING    Too short (0 w), skip: https://iitj.ac.in/m/Index/main-infrastructure?lg=hi
INFO  [HTML 236/1500] https://iitj.ac.in/m/Index/main-outreach?lg=hi
WARNING    Too short (0 w), skip: https://iitj.ac.in/m/Index/main-outreach?lg=hi
INFO  [HTML 237/1500] https://iitj.ac.in/m/Index/main-centers?lg=hi
WARNING    Too short (0 w), skip: https://iitj.ac.in/m/Index/main-centers?lg=hi
INFO  [HTML 238/1500] https://iitj.ac.in/main/hi/news?dsl=2&dslID=e0f79fba-e306-49c8-9f2a-0df29de67bc1
WARNING    Too short (9 w), skip: https://iitj.ac.in/main/hi/news?dsl=2&dslID=e0f79fba-e306-49c8-9f2a-0df29de67bc1
INFO  [HTML 239/1500] https://iitj.ac.in/main/hi/faqs-applicants
WARNING    Too short (9 w), skip: https://iitj.ac.in/main/hi/faqs-applicants
INFO  [HTML 240/1500] https://iitj.ac.in/main/hi/news?dsl=2&dslID=e68ae573-7d7e-4f5f-bf35-e3c801ac5f60
WARNING    Too short (9 w), skip: https://iitj.ac.in/main/hi/news?dsl=2&dslID=e68ae573-7d7e-4f5f-bf35-e3c801ac5f60
INFO  [HTML 241/1500] https://iitj.ac.in/admission-postgraduate-programs/hi/list-of-provisionally-selected-candidates
INFO    ✓ 114 words → grams_hi_list_of_provisionally_selected_candidates_2ca5dd88.txt
INFO  [HTML 242/1500] https://iitj.ac.in/main/hi/web-information-manager
WARNING    Too short (9 w), skip: https://iitj.ac.in/main/hi/web-information-manager
INFO  [HTML 243/1500] https://iitj.ac.in/main/hi/news
WARNING    Too short (0 w), skip: https://iitj.ac.in/main/hi/news
INFO  [HTML 244/1500] https://iitj.ac.in/Institute-Repository/hi/Institute-Repository
WARNING    Too short (9 w), skip: https://iitj.ac.in/Institute-Repository/hi/Institute-Repository
INFO  [HTML 245/1500] https://iitj.ac.in/m/Index/main-various offices?lg=hi
WARNING    Too short (0 w), skip: https://iitj.ac.in/m/Index/main-various offices?lg=hi
INFO  [HTML 246/1500] https://iitj.ac.in/m/Index/main-statutory bodies?lg=hi
WARNING    Too short (0 w), skip: https://iitj.ac.in/m/Index/main-statutory bodies?lg=hi
INFO  [HTML 247/1500] https://iitj.ac.in/office-of-registrar/hi/office-of-registrar
WARNING    Too short (9 w), skip: https://iitj.ac.in/office-of-registrar/hi/office-of-registrar
INFO  [HTML 248/1500] https://iitj.ac.in/main/hi/how-to-reach-iit-jodhpur
WARNING    Too short (9 w), skip: https://iitj.ac.in/main/hi/how-to-reach-iit-jodhpur
INFO  [HTML 249/1500] https://iitj.ac.in/institute-repository/hi/nirf
WARNING    Too short (9 w), skip: https://iitj.ac.in/institute-repository/hi/nirf
INFO  [HTML 250/1500] https://iitj.ac.in/main/hi/intranet-page
WARNING    Too short (19 w), skip: https://iitj.ac.in/main/hi/intranet-page
INFO  [HTML 251/1500] https://iitj.ac.in/office-of-students/hi/office-of-students
WARNING    Too short (9 w), skip: https://iitj.ac.in/office-of-students/hi/office-of-students
INFO  [HTML 252/1500] https://iitj.ac.in/Search?lg=hi
WARNING    Too short (0 w), skip: https://iitj.ac.in/Search?lg=hi
INFO  [HTML 253/1500] https://iitj.ac.in/anti-sexual-harassment-policy/hi/anti-sexual-harassment-policy
WARNING    Too short (9 w), skip: https://iitj.ac.in/anti-sexual-harassment-policy/hi/anti-sexual-harassment-policy
INFO  [HTML 254/1500] https://iitj.ac.in/main/hi/events?dsl=2&dslID=74ebb42f-9e61-47e6-bd93-defceeaa5e71
WARNING    Too short (9 w), skip: https://iitj.ac.in/main/hi/events?dsl=2&dslID=74ebb42f-9e61-47e6-bd93-defceeaa5e71
INFO  [HTML 255/1500] https://iitj.ac.in/main/hi/research-highlight?dsl=2&dslID=3647aa9a-ea25-41e5-9bc4-4f491beb5f4d
WARNING    Too short (9 w), skip: https://iitj.ac.in/main/hi/research-highlight?dsl=2&dslID=3647aa9a-ea25-41e5-9bc4-4f491beb5f4d
INFO  [HTML 256/1500] https://iitj.ac.in/aiot-fab-facility/hi/aiot-fab-facility
WARNING    Too short (9 w), skip: https://iitj.ac.in/aiot-fab-facility/hi/aiot-fab-facility
INFO  [HTML 257/1500] https://iitj.ac.in/office-of-deputy-director/hi/office-of-deputy-director
WARNING    Too short (9 w), skip: https://iitj.ac.in/office-of-deputy-director/hi/office-of-deputy-director
INFO  [HTML 258/1500] https://iitj.ac.in/main/hi/web-policy
WARNING    Too short (9 w), skip: https://iitj.ac.in/main/hi/web-policy
INFO  [HTML 259/1500] https://iitj.ac.in/main/en/building-works-committee
INFO    ✓ 161 words → _main_en_building_works_committee_01bd2157.txt
INFO  [HTML 260/1500] https://iitj.ac.in/main/en/introduction-to-statutory-bodies
INFO    ✓ 111 words → _main_en_introduction_to_statutory_bodies_893fbf03.txt
INFO  [HTML 261/1500] https://iitj.ac.in/m/Index/9da8544e-d5ab-45e2-9f65-ae73bf62b83f
INFO    ✓ 77 words → _m_Index_9da8544e_d5ab_45e2_9f65_ae73bf62b83f_d4d9e76d.txt
INFO  [HTML 262/1500] https://iitj.ac.in/m/Index/84703b05-1e9b-4f58-896e-6fb5d01f599c
INFO    ✓ 116 words → _m_Index_84703b05_1e9b_4f58_896e_6fb5d01f599c_4d5c86c6.txt
INFO  [HTML 263/1500] https://iitj.ac.in/m/Index/A524D520-FFFB-4C8A-9327-ECD4E4A95FC1?lg=en
INFO    ✓ 61 words → _m_Index_A524D520_FFFB_4C8A_9327_ECD4E4A95FC1_2a8e35e0.txt
INFO  [HTML 264/1500] https://iitj.ac.in/m/Index/88632FD5-B442-4BB0-A390-0C7338FD5B6B?lg=en
INFO    ✓ 72 words → _m_Index_88632FD5_B442_4BB0_A390_0C7338FD5B6B_ea8e5056.txt
INFO  [HTML 265/1500] https://iitj.ac.in/main/en/list-of-members-of-the-finance-committee
INFO    ✓ 205 words → _main_en_list_of_members_of_the_finance_committee_80f6127a.txt
INFO  [HTML 266/1500] https://iitj.ac.in/center-for-technology-foresight-and-policy/
INFO    ✓ 104 words → _center_for_technology_foresight_and_policy__10946b03.txt
INFO  [HTML 267/1500] https://iitj.ac.in/manekshaw-centre/en/Manekshaw-Centre
INFO    ✓ 302 words → _manekshaw_centre_en_Manekshaw_Centre_7747dec8.txt
INFO  [HTML 268/1500] https://iitj.ac.in/m/Index/AB99D4DA-35B6-40F6-BCD5-B549C8B309C1?lg=en
INFO    ✓ 97 words → _m_Index_AB99D4DA_35B6_40F6_BCD5_B549C8B309C1_7affa19a.txt
INFO  [HTML 269/1500] https://iitj.ac.in/m/Index/3D1303DA-B189-4443-8E0E-4ABE2E50FFA1?lg=en
INFO    ✓ 68 words → _m_Index_3D1303DA_B189_4443_8E0E_4ABE2E50FFA1_8c600ef1.txt
INFO  [HTML 270/1500] https://iitj.ac.in/rcrice/
INFO    ✓ 272 words → _rcrice__898ab315.txt
INFO  [HTML 271/1500] https://iitj.ac.in/cetsd/en/cetsd/
INFO    ✓ 390 words → _cetsd_en_cetsd__d7ff8ac2.txt
INFO  [HTML 272/1500] https://iitj.ac.in/medical-technologies/en/medical-technologies
INFO    ✓ 348 words → _medical_technologies_en_medical_technologies_d8fc7b05.txt
INFO  [HTML 273/1500] https://iitj.ac.in/cete/en/cete
INFO    ✓ 318 words → _cete_en_cete_fe4e36c4.txt
INFO  [HTML 274/1500] https://iitj.ac.in/m/Index/37B5E15F-A653-4C72-8604-DE296A2114C1?lg=en
INFO    ✓ 73 words → _m_Index_37B5E15F_A653_4C72_8604_DE296A2114C1_eb720437.txt
INFO  [HTML 275/1500] https://iitj.ac.in/Recruitment/AdvNum?type=3052&level=54
WARNING    Too short (4 w), skip: https://iitj.ac.in/Recruitment/AdvNum?type=3052&level=54
INFO  [HTML 276/1500] https://old.iitj.ac.in/events/index.php?id=latest@iit_jodhpur
WARNING    HTML fetch failed https://old.iitj.ac.in/events/index.php?id=latest@iit_jodhpur: HTTPSConnectionPool(host='old.iitj.ac.in', port=443): Max retries exceeded with url: /events/index.php?id=latest@iit_jodhpur (Caused by SSLError(SSLCertVerificationError(1, '[SSL: CERTIFICATE_VERIFY_FAILED] certificate verify failed: unable to get local issuer certificate (_ssl.c:1006)')))
INFO  [HTML 277/1500] https://iitj.ac.in/Faculty-Positions/en/Faculty-Positions
INFO    ✓ 214 words → _Faculty_Positions_en_Faculty_Positions_d130043a.txt
INFO  [HTML 278/1500] https://iitj.ac.in/bachelor-of-technology/en/important-dates
INFO    ✓ 119 words → _bachelor_of_technology_en_important_dates_3674796a.txt
INFO  [HTML 279/1500] https://iitj.ac.in/main/en/research-highlight?dsl=2&dslID=cb60d9b9-c1fb-4e86-a75e-1a80010fd3e2
INFO    ✓ 717 words → _main_en_research_highlight_3a9d8c7f.txt
INFO  [HTML 280/1500] https://iitj.ac.in/main/en/research-highlight?dsl=1&dslArchive=1
INFO    ✓ 76 words → _main_en_research_highlight_f52f7962.txt
INFO  [HTML 281/1500] https://iitj.ac.in/main/en/research-highlight?dsl=2&dslID=fc0f191d-4d20-4b42-8012-24087a4b174a
INFO    ✓ 628 words → _main_en_research_highlight_97aa7384.txt
INFO  [HTML 282/1500] https://iitj.ac.in/main/en/research-highlight?dsl=2&dslID=8147fa40-508b-42e9-b6ef-6b489f8f8d61
INFO    ✓ 124 words → _main_en_research_highlight_673b256a.txt
INFO  [HTML 283/1500] https://iitj.ac.in/main/en/research-highlight?dsl=2&dslID=8d7527fa-9c50-4864-b374-03c2c649a1de
INFO    ✓ 435 words → _main_en_research_highlight_25b3e951.txt
INFO  [HTML 284/1500] https://iitj.ac.in/main/en/research-highlight?dsl=2&dslID=b2f05f6e-32d9-4575-9540-db7e6642eb3c
INFO    ✓ 672 words → _main_en_research_highlight_d72e73b4.txt
INFO  [HTML 285/1500] https://iitj.ac.in/main/en/research-highlight?dsl=2&dslID=e12c5ea7-867e-473b-bea1-a24e044a5082
INFO    ✓ 327 words → _main_en_research_highlight_6d1304c5.txt
INFO  [HTML 286/1500] https://iitj.ac.in/office-of-recruitment-nf/en/non-teaching-staff-recruitment
INFO    ✓ 179 words → f_recruitment_nf_en_non_teaching_staff_recruitment_e9270086.txt
INFO  [HTML 287/1500] https://iitj.ac.in/post-doctoral-fellows/en/pdf-positions
INFO    ✓ 102 words → _post_doctoral_fellows_en_pdf_positions_731debc0.txt
INFO  [HTML 288/1500] https://iitj.ac.in/admission-postgraduate-programs/en/advertisements
INFO    ✓ 185 words → _admission_postgraduate_programs_en_advertisements_c7ff5305.txt
INFO  [HTML 289/1500] https://iitj.ac.in/GIAN/en/Courses
INFO    ✓ 282 words → _GIAN_en_Courses_c792fb73.txt
INFO  [HTML 290/1500] https://iitj.ac.in/itep/en/admissions
INFO    ✓ 472 words → _itep_en_admissions_5b6f2c1a.txt
INFO  [HTML 291/1500] https://iitj.ac.in/m/Index/7B1B9D8D-C52B-4AF9-80FD-CBE275F8CBED?lg=en
INFO    ✓ 64 words → _m_Index_7B1B9D8D_C52B_4AF9_80FD_CBE275F8CBED_59bb43c0.txt
INFO  [HTML 292/1500] https://iitj.ac.in/schools/en/how-to-apply
INFO    ✓ 232 words → _schools_en_how_to_apply_db2cfd96.txt
INFO  [HTML 293/1500] https://www.iitj.ac.in/bachelor-of-technology/en/apply-online
INFO    ✓ 85 words → _bachelor_of_technology_en_apply_online_43009bc1.txt
INFO  [HTML 294/1500] https://iitj.ac.in/main/en/pmrf
INFO    ✓ 685 words → _main_en_pmrf_f16eacb6.txt
INFO  [HTML 295/1500] https://iitj.ac.in/admission-postgraduate-programs/en/Advertisements
INFO    ✓ 185 words → _admission_postgraduate_programs_en_Advertisements_86a20a7a.txt
INFO  [HTML 296/1500] https://iitj.ac.in/People?dept=office-of-alumni-affairs
WARNING    Too short (9 w), skip: https://iitj.ac.in/People?dept=office-of-alumni-affairs
INFO  [HTML 297/1500] https://iitj.ac.in/People?dept=manekshaw-centre
WARNING    Too short (8 w), skip: https://iitj.ac.in/People?dept=manekshaw-centre
INFO  [HTML 298/1500] https://iitj.ac.in/People/?dept=iot
WARNING    Too short (10 w), skip: https://iitj.ac.in/People/?dept=iot
INFO  [HTML 299/1500] https://iitj.ac.in/People?dept=dh
WARNING    Too short (7 w), skip: https://iitj.ac.in/People?dept=dh
INFO  [HTML 300/1500] https://iitj.ac.in/People?dept=rm
WARNING    Too short (9 w), skip: https://iitj.ac.in/People?dept=rm
INFO  [HTML 301/1500] https://iitj.ac.in/People?dept=Metallurgical-and-Materials-Engineering
WARNING    Too short (5 w), skip: https://iitj.ac.in/People?dept=Metallurgical-and-Materials-Engineering
INFO  [HTML 302/1500] https://iitj.ac.in/People/?dept=school-of-design
WARNING    Too short (8 w), skip: https://iitj.ac.in/People/?dept=school-of-design
INFO  [HTML 303/1500] https://iitj.ac.in/People?dept=office-of-director
WARNING    Too short (8 w), skip: https://iitj.ac.in/People?dept=office-of-director
INFO  [HTML 304/1500] https://iitj.ac.in/People?dept=office-of-establishment-e-I
WARNING    Too short (11 w), skip: https://iitj.ac.in/People?dept=office-of-establishment-e-I
INFO  [HTML 305/1500] https://iitj.ac.in/People?dept=dia
WARNING    Too short (10 w), skip: https://iitj.ac.in/People?dept=dia
INFO  [HTML 306/1500] https://iitj.ac.in/People/?dept=schools
WARNING    Too short (10 w), skip: https://iitj.ac.in/People/?dept=schools
INFO  [HTML 307/1500] https://iitj.ac.in/People?dept=hindi-cell
WARNING    Too short (7 w), skip: https://iitj.ac.in/People?dept=hindi-cell
INFO  [HTML 308/1500] https://iitj.ac.in/People?dept=Civil-and-Infrastructure-Engineering
WARNING    Too short (9 w), skip: https://iitj.ac.in/People?dept=Civil-and-Infrastructure-Engineering
INFO  [HTML 309/1500] https://iitj.ac.in/People?dept=office-of-students
WARNING    Too short (8 w), skip: https://iitj.ac.in/People?dept=office-of-students
INFO  [HTML 310/1500] https://iitj.ac.in/People?dept=cetsd
WARNING    Too short (12 w), skip: https://iitj.ac.in/People?dept=cetsd
INFO  [HTML 311/1500] https://iitj.ac.in/People?dept=green-cell
WARNING    Too short (7 w), skip: https://iitj.ac.in/People?dept=green-cell
INFO  [HTML 312/1500] https://iitj.ac.in/People?dept=Office-of-Deputy-Director
WARNING    Too short (9 w), skip: https://iitj.ac.in/People?dept=Office-of-Deputy-Director
INFO  [HTML 313/1500] https://iitj.ac.in/People?dept=office-of-registrar
WARNING    Too short (8 w), skip: https://iitj.ac.in/People?dept=office-of-registrar
INFO  [HTML 314/1500] https://iitj.ac.in/People?dept=office-of-iitj-connect-pro
WARNING    Too short (11 w), skip: https://iitj.ac.in/People?dept=office-of-iitj-connect-pro
INFO  [HTML 315/1500] https://iitj.ac.in/People?dept=office-of-stores-purchase
WARNING    Too short (10 w), skip: https://iitj.ac.in/People?dept=office-of-stores-purchase
INFO  [HTML 316/1500] https://iitj.ac.in/People?dept=health-center
WARNING    Too short (7 w), skip: https://iitj.ac.in/People?dept=health-center
INFO  [HTML 317/1500] https://iitj.ac.in/People?dept=aiot-fab-facility
WARNING    Too short (12 w), skip: https://iitj.ac.in/People?dept=aiot-fab-facility
INFO  [HTML 318/1500] https://iitj.ac.in/People?dept=office-of-international-relations
WARNING    Too short (9 w), skip: https://iitj.ac.in/People?dept=office-of-international-relations
INFO  [HTML 319/1500] https://iitj.ac.in/People?dept=bioscience-bioengineering
WARNING    Too short (8 w), skip: https://iitj.ac.in/People?dept=bioscience-bioengineering
INFO  [HTML 320/1500] https://iitj.ac.in/People?dept=Office-of-Academics
WARNING    Too short (9 w), skip: https://iitj.ac.in/People?dept=Office-of-Academics
INFO  [HTML 321/1500] https://iitj.ac.in/People?dept=rti-cell
WARNING    Too short (7 w), skip: https://iitj.ac.in/People?dept=rti-cell
INFO  [HTML 322/1500] https://iitj.ac.in/People?dept=office-of-training-and-placement
WARNING    Too short (10 w), skip: https://iitj.ac.in/People?dept=office-of-training-and-placement
INFO  [HTML 323/1500] https://iitj.ac.in/People?dept=sst
WARNING    Too short (7 w), skip: https://iitj.ac.in/People?dept=sst
INFO  [HTML 324/1500] https://iitj.ac.in/People/?dept=crf
WARNING    Too short (9 w), skip: https://iitj.ac.in/People/?dept=crf
INFO  [HTML 325/1500] https://iitj.ac.in/People?dept=office-of-estate
WARNING    Too short (8 w), skip: https://iitj.ac.in/People?dept=office-of-estate
INFO  [HTML 326/1500] https://iitj.ac.in/People?dept=Office-of-Administration
WARNING    Too short (8 w), skip: https://iitj.ac.in/People?dept=Office-of-Administration
INFO  [HTML 327/1500] https://iitj.ac.in/People?dept=office-of-accounts
WARNING    Too short (8 w), skip: https://iitj.ac.in/People?dept=office-of-accounts
INFO  [HTML 328/1500] https://iitj.ac.in/People?dept=office-of-establishment-nf
WARNING    Too short (9 w), skip: https://iitj.ac.in/People?dept=office-of-establishment-nf
INFO  [HTML 329/1500] https://iitj.ac.in/People?dept=Electrical-Engineering
WARNING    Too short (7 w), skip: https://iitj.ac.in/People?dept=Electrical-Engineering
INFO  [HTML 330/1500] https://iitj.ac.in/People?dept=Centre-for-Continuing-Education
WARNING    Too short (10 w), skip: https://iitj.ac.in/People?dept=Centre-for-Continuing-Education
INFO  [HTML 331/1500] https://iitj.ac.in/People/?dept=school-of-liberal-arts
WARNING    Too short (9 w), skip: https://iitj.ac.in/People/?dept=school-of-liberal-arts
INFO  [HTML 332/1500] https://iitj.ac.in/People?dept=Physics
WARNING    Too short (6 w), skip: https://iitj.ac.in/People?dept=Physics
INFO  [HTML 333/1500] https://iitj.ac.in/People/?dept=school-of-artificial-intelligence-data-science
WARNING    Too short (12 w), skip: https://iitj.ac.in/People/?dept=school-of-artificial-intelligence-data-science
INFO  [HTML 334/1500] https://iitj.ac.in/People?dept=office-of-infrastructure-engineering
WARNING    Too short (9 w), skip: https://iitj.ac.in/People?dept=office-of-infrastructure-engineering
INFO  [HTML 335/1500] https://iitj.ac.in/People?dept=office-of-internal-audit
WARNING    Too short (9 w), skip: https://iitj.ac.in/People?dept=office-of-internal-audit
INFO  [HTML 336/1500] https://iitj.ac.in/People/?dept=mechanical-engineering
WARNING    Too short (7 w), skip: https://iitj.ac.in/People/?dept=mechanical-engineering
INFO  [HTML 337/1500] https://iitj.ac.in/People?dept=Mathematics
WARNING    Too short (6 w), skip: https://iitj.ac.in/People?dept=Mathematics
INFO  [HTML 338/1500] https://iitj.ac.in/m/Index/75AB8EFC-DBC4-4BE7-985B-50A3DC0CF2CD?lg=en
INFO    ✓ 73 words → _m_Index_75AB8EFC_DBC4_4BE7_985B_50A3DC0CF2CD_ee8265e3.txt
INFO  [HTML 339/1500] https://iitj.ac.in/People?dept=qic
WARNING    Too short (9 w), skip: https://iitj.ac.in/People?dept=qic
INFO  [HTML 340/1500] https://iitj.ac.in/cete/en/People
INFO    ✓ 285 words → _cete_en_People_c9aade60.txt
INFO  [HTML 341/1500] https://iitj.ac.in/People?dept=office-of-security-transports
WARNING    Too short (10 w), skip: https://iitj.ac.in/People?dept=office-of-security-transports
INFO  [HTML 342/1500] https://library.iitj.ac.in/team.html
INFO    ✓ 54 words → _team_html_4aad1eba.txt
INFO  [HTML 343/1500] https://iitj.ac.in/People?dept=legal-cell
WARNING    Too short (7 w), skip: https://iitj.ac.in/People?dept=legal-cell
INFO  [HTML 344/1500] https://iitj.ac.in/People?dept=Computer-Science-Engineering
WARNING    Too short (9 w), skip: https://iitj.ac.in/People?dept=Computer-Science-Engineering
INFO  [HTML 345/1500] https://iitj.ac.in/People?dept=office-of-corporate-relations
WARNING    Too short (9 w), skip: https://iitj.ac.in/People?dept=office-of-corporate-relations
INFO  [HTML 346/1500] https://iitj.ac.in/People?dept=office-of-executive-education
WARNING    Too short (9 w), skip: https://iitj.ac.in/People?dept=office-of-executive-education
INFO  [HTML 347/1500] https://iitj.ac.in/People?dept=Center-for-Technology-Foresight-and-Policy
WARNING    Too short (11 w), skip: https://iitj.ac.in/People?dept=Center-for-Technology-Foresight-and-Policy
INFO  [HTML 348/1500] https://iitj.ac.in/People?dept=Medical-Technologies
WARNING    Too short (7 w), skip: https://iitj.ac.in/People?dept=Medical-Technologies
INFO  [HTML 349/1500] https://iitj.ac.in/People?dept=office-of-recruitment-nf
WARNING    Too short (9 w), skip: https://iitj.ac.in/People?dept=office-of-recruitment-nf
INFO  [HTML 350/1500] https://iitj.ac.in/People?dept=cdh
WARNING    Too short (9 w), skip: https://iitj.ac.in/People?dept=cdh
INFO  [HTML 351/1500] https://iitj.ac.in/People?dept=Chemical-Engineering
WARNING    Too short (7 w), skip: https://iitj.ac.in/People?dept=Chemical-Engineering
INFO  [HTML 352/1500] https://iitj.ac.in/People?dept=transit-accommodation-guest-house
WARNING    Too short (7 w), skip: https://iitj.ac.in/People?dept=transit-accommodation-guest-house
INFO  [HTML 353/1500] https://iitj.ac.in/People?dept=Chemistry
WARNING    Too short (6 w), skip: https://iitj.ac.in/People?dept=Chemistry
INFO  [HTML 354/1500] https://iitj.ac.in/main/en/deans-associate-deans
INFO    ✓ 218 words → _main_en_deans_associate_deans_10c6bf7d.txt
INFO  [HTML 355/1500] https://iitj.ac.in/main/en/registrar
INFO    ✓ 85 words → _main_en_registrar_82d60995.txt
INFO  [HTML 356/1500] https://iitj.ac.in/main/en/wardens
INFO    ✓ 190 words → _main_en_wardens_91b6052a.txt
INFO  [HTML 357/1500] https://iitj.ac.in/main/en/advisors
INFO    ✓ 84 words → _main_en_advisors_7464a5a4.txt
INFO  [HTML 358/1500] https://iitj.ac.in/main/en/chairpersons-coordinators-of-committees
INFO    ✓ 266 words → _main_en_chairpersons_coordinators_of_committees_d072bc6a.txt
INFO  [HTML 359/1500] https://iitj.ac.in/main/en/deputy-director
INFO    ✓ 89 words → _main_en_deputy_director_6e84d9e0.txt
INFO  [HTML 360/1500] https://iitj.ac.in/main/en/officers
INFO    ✓ 230 words → _main_en_officers_5ba739b7.txt
INFO  [HTML 361/1500] https://iitj.ac.in/m/Index/BBEDC153-4C92-4C4D-98C9-68E5AC662BBF?lg=en
INFO    ✓ 71 words → _m_Index_BBEDC153_4C92_4C4D_98C9_68E5AC662BBF_c7071c0e.txt
INFO  [HTML 362/1500] https://iitj.ac.in/main/en/professor-in-charge
INFO    ✓ 150 words → _main_en_professor_in_charge_fa4f6800.txt
INFO  [HTML 363/1500] https://iitj.ac.in/admission-postgraduate-programs/en/schedule-for-written-test-interview
INFO    ✓ 97 words → te_programs_en_schedule_for_written_test_interview_a5d8bb09.txt
INFO  [HTML 364/1500] https://iitj.ac.in/admission-postgraduate-programs/en/admission-to-postgraduate-programs
INFO    ✓ 298 words → ate_programs_en_admission_to_postgraduate_programs_35f9dec7.txt
INFO  [HTML 365/1500] https://iitj.ac.in/admission-postgraduate-programs/en/contact
INFO    ✓ 338 words → _admission_postgraduate_programs_en_contact_4a10c270.txt
INFO  [HTML 366/1500] https://iitj.ac.in/admission-postgraduate-programs/en/list-of-candidates-in-waiting-list
INFO    ✓ 107 words → ate_programs_en_list_of_candidates_in_waiting_list_47527803.txt
INFO  [HTML 367/1500] https://iitj.ac.in/admission-postgraduate-programs/en/information-regarding-accommodation-for-candidates
INFO    ✓ 81 words → information_regarding_accommodation_for_candidates_3be4386d.txt
INFO  [HTML 368/1500] https://iitj.ac.in/m/Index/D703241F-8F53-4F58-A749-C1DCF394E0A6?lg=en
INFO    ✓ 91 words → _m_Index_D703241F_8F53_4F58_A749_C1DCF394E0A6_2604f1d4.txt
INFO  [HTML 369/1500] https://iitj.ac.in/admission-postgraduate-programs/en/shortlisting-criteria-and-syllabus-for-written-test-interview
INFO    ✓ 123 words → g_criteria_and_syllabus_for_written_test_interview_5ef3cd5b.txt
INFO  [HTML 370/1500] https://old.iitj.ac.in/tenders/index.php?id=equipment
WARNING    HTML fetch failed https://old.iitj.ac.in/tenders/index.php?id=equipment: HTTPSConnectionPool(host='old.iitj.ac.in', port=443): Max retries exceeded with url: /tenders/index.php?id=equipment (Caused by SSLError(SSLCertVerificationError(1, '[SSL: CERTIFICATE_VERIFY_FAILED] certificate verify failed: unable to get local issuer certificate (_ssl.c:1006)')))
INFO  [HTML 371/1500] https://iitj.ac.in/office-of-stores-purchase/en/office-of-stores-and-purchase
INFO    ✓ 187 words → f_stores_purchase_en_office_of_stores_and_purchase_865635a3.txt
INFO  [HTML 372/1500] https://iitj.ac.in/Tenders
WARNING    Too short (0 w), skip: https://iitj.ac.in/Tenders
INFO  [HTML 373/1500] https://iitj.ac.in/download?dept=office-of-stores-purchase&c=Tenders-Announcement
WARNING    Too short (7 w), skip: https://iitj.ac.in/download?dept=office-of-stores-purchase&c=Tenders-Announcement
INFO  [HTML 374/1500] https://iitj.ac.in/office-of-stores-purchase/en/Contact
INFO    ✓ 87 words → _office_of_stores_purchase_en_Contact_e628672b.txt
INFO  [HTML 375/1500] https://iitj.ac.in/office-of-stores-purchase/en/Manual
INFO    ✓ 78 words → _office_of_stores_purchase_en_Manual_2d85c620.txt
INFO  [HTML 376/1500] https://iitj.ac.in/office-of-internal-audit/en/office-of-internal-audit
INFO    ✓ 407 words → fice_of_internal_audit_en_office_of_internal_audit_a1be2531.txt
INFO  [HTML 377/1500] https://iitj.ac.in/green-cell/en/green-cell
INFO    ✓ 72 words → _green_cell_en_green_cell_2035c3e0.txt
INFO  [HTML 378/1500] https://intranet.iitj.ac.in/correspondences/index.php?id=Office_of_administration_form
INFO    ✓ 50 words → _correspondences_index_php_551ca756.txt
INFO  [HTML 379/1500] https://iitj.ac.in/office-of-administration/en/about-dean-of-administration
INFO    ✓ 489 words → _of_administration_en_about_dean_of_administration_d0f0342e.txt
INFO  [HTML 380/1500] https://intranet.iitj.ac.in/correspondences/index.php?id=Office_of_administration_notification
INFO    ✓ 191 words → _correspondences_index_php_8a820719.txt
INFO  [HTML 381/1500] https://iitj.ac.in/office-of-establishment-nf/en/office-of-establishment-nf
INFO    ✓ 166 words → _of_establishment_nf_en_office_of_establishment_nf_4b9f277a.txt
INFO  [HTML 382/1500] https://iitj.ac.in/office-of-administration/en/contact
INFO    ✓ 92 words → _office_of_administration_en_contact_d957023a.txt
INFO  [HTML 383/1500] https://iitj.ac.in/office-of-security-transports/en/office-of-security-transports
INFO    ✓ 378 words → curity_transports_en_office_of_security_transports_adf35b8c.txt
INFO  [HTML 384/1500] https://iitj.ac.in/transit-accommodation-guest-house/en/transit-accommodation-guest-house
INFO    ✓ 270 words → n_guest_house_en_transit_accommodation_guest_house_f4cb9665.txt
INFO  [HTML 385/1500] https://iitj.ac.in/office-of-recruitment-nf/en/office-of-recruitment-nf
INFO    ✓ 94 words → fice_of_recruitment_nf_en_office_of_recruitment_nf_e4317001.txt
INFO  [HTML 386/1500] https://www.iitj.ac.in/admission-postgraduate-programs/en/advertisements
INFO    ✓ 185 words → _admission_postgraduate_programs_en_advertisements_ff946207.txt
INFO  [HTML 387/1500] https://erponline.iitj.ac.in/Admission/index?admiss_ch=46
WARNING    HTML fetch failed https://erponline.iitj.ac.in/Admission/index?admiss_ch=46: HTTPSConnectionPool(host='erponline.iitj.ac.in', port=443): Max retries exceeded with url: /Admission/index?admiss_ch=46 (Caused by SSLError(SSLCertVerificationError(1, '[SSL: CERTIFICATE_VERIFY_FAILED] certificate verify failed: unable to get local issuer certificate (_ssl.c:1006)')))
INFO  [HTML 388/1500] https://www.iitj.ac.in/admission-postgraduate-programs/en/information-regarding-accommodation-for-candidates
INFO    ✓ 81 words → information_regarding_accommodation_for_candidates_b57193a3.txt
INFO  [HTML 389/1500] https://www.iitj.ac.in/admission-postgraduate-programs/en/shortlisting-criteria-and-syllabus-for-written-test-interview
INFO    ✓ 123 words → g_criteria_and_syllabus_for_written_test_interview_b814201a.txt
INFO  [HTML 390/1500] https://www.iitj.ac.in/admission-postgraduate-programs/en/admission-to-postgraduate-programs
INFO    ✓ 298 words → ate_programs_en_admission_to_postgraduate_programs_a82eeed5.txt
INFO  [HTML 391/1500] https://erponline.iitj.ac.in/Admission/index?admiss_ch=53
WARNING    HTML fetch failed https://erponline.iitj.ac.in/Admission/index?admiss_ch=53: HTTPSConnectionPool(host='erponline.iitj.ac.in', port=443): Max retries exceeded with url: /Admission/index?admiss_ch=53 (Caused by SSLError(SSLCertVerificationError(1, '[SSL: CERTIFICATE_VERIFY_FAILED] certificate verify failed: unable to get local issuer certificate (_ssl.c:1006)')))
INFO  [HTML 392/1500] https://www.iitj.ac.in/admission-postgraduate-programs/en/list-of-shortlisted-candidates
INFO    ✓ 236 words → raduate_programs_en_list_of_shortlisted_candidates_084a0e4d.txt
INFO  [HTML 393/1500] https://www.iitj.ac.in/admission-postgraduate-programs/en/schedule-for-written-test-interview
INFO    ✓ 97 words → te_programs_en_schedule_for_written_test_interview_d101ca8e.txt
INFO  [HTML 394/1500] https://www.iitj.ac.in/admission-postgraduate-programs/en/contact
INFO    ✓ 338 words → _admission_postgraduate_programs_en_contact_925a5434.txt
INFO  [HTML 395/1500] https://www.iitj.ac.in/admission-postgraduate-programs/en/list-of-candidates-in-waiting-list
INFO    ✓ 107 words → ate_programs_en_list_of_candidates_in_waiting_list_5137798a.txt
INFO  [HTML 396/1500] https://www.iitj.ac.in/admission-postgraduate-programs/hi/msc-computational-social-science
INFO    ✓ 117 words → duate_programs_hi_msc_computational_social_science_5f65fd28.txt
INFO  [HTML 397/1500] https://iitj.ac.in/school-of-liberal-arts/
INFO    ✓ 851 words → _school_of_liberal_arts__e511fc5e.txt
INFO  [HTML 398/1500] https://iitj.ac.in/schools/
INFO    ✓ 584 words → _schools__85340736.txt
INFO  [HTML 399/1500] https://iitj.ac.in/m/Index/765F3F7B-09D5-42E5-B376-4E72EE5C5A21?lg=en
INFO    ✓ 79 words → _m_Index_765F3F7B_09D5_42E5_B376_4E72EE5C5A21_e5c22302.txt
INFO  [HTML 400/1500] https://iitj.ac.in/school-of-artificial-intelligence-data-science/en/school-of-artificial-intelligence-and-data-science
INFO    ✓ 234 words → school_of_artificial_intelligence_and_data_science_00f0cf82.txt
INFO  [HTML 401/1500] https://iitj.ac.in/school-of-design/
INFO    ✓ 475 words → _school_of_design__7eeeb78b.txt
INFO  [HTML 402/1500] https://ayurtech.iitj.ac.in/
INFO    ✓ 182 words → __c86bec38.txt
INFO  [HTML 403/1500] https://iitj.ac.in/school-of-artificial-intelligence-data-science/en/campus
INFO    ✓ 358 words → _of_artificial_intelligence_data_science_en_campus_235fea17.txt
INFO  [HTML 404/1500] https://iitj.ac.in/school-of-artificial-intelligence-data-science/en/internship-irograms
INFO    ✓ 242 words → l_intelligence_data_science_en_internship_irograms_968ac267.txt
INFO  [HTML 405/1500] https://iitj.ac.in/school-of-artificial-intelligence-data-science/en/ai-and-ds-ecosystem
INFO    ✓ 705 words → l_intelligence_data_science_en_ai_and_ds_ecosystem_9c991d50.txt
INFO  [HTML 406/1500] https://iitj.ac.in/school-of-artificial-intelligence-data-science/en/admissions
INFO    ✓ 177 words → artificial_intelligence_data_science_en_admissions_41e9197f.txt
INFO  [HTML 407/1500] https://iitj.ac.in/People?dept=School-of-Artificial-Intelligence-Data-Science
WARNING    Too short (12 w), skip: https://iitj.ac.in/People?dept=School-of-Artificial-Intelligence-Data-Science
INFO  [HTML 408/1500] https://iitj.ac.in/school-of-artificial-intelligence-data-science/hi/Events
WARNING    Too short (0 w), skip: https://iitj.ac.in/school-of-artificial-intelligence-data-science/hi/Events
INFO  [HTML 409/1500] https://iitj.ac.in/school-of-artificial-intelligence-data-science/en/facilities-labs
INFO    ✓ 161 words → icial_intelligence_data_science_en_facilities_labs_fb1bd49b.txt
INFO  [HTML 410/1500] https://iitj.ac.in/school-of-artificial-intelligence-data-science/en/administration
INFO    ✓ 184 words → ficial_intelligence_data_science_en_administration_17019da8.txt
INFO  [HTML 411/1500] https://iitj.ac.in/school-of-artificial-intelligence-data-science/en/faculty-positions
INFO    ✓ 366 words → ial_intelligence_data_science_en_faculty_positions_9a35f3c4.txt
INFO  [HTML 412/1500] https://iitj.ac.in/school-of-artificial-intelligence-data-science/en/students
INFO    ✓ 370 words → f_artificial_intelligence_data_science_en_students_8f3f4bbf.txt
INFO  [HTML 413/1500] https://iitj.ac.in/school-of-artificial-intelligence-data-science/en/alumni
INFO    ✓ 71 words → _of_artificial_intelligence_data_science_en_alumni_d3e6adbe.txt
INFO  [HTML 414/1500] https://iitj.ac.in/school-of-artificial-intelligence-data-science/en/About-CoEs
INFO    ✓ 318 words → artificial_intelligence_data_science_en_About_CoEs_ff8334b9.txt
INFO  [HTML 415/1500] https://iitj.ac.in/school-of-artificial-intelligence-data-science/en/faqs
INFO    ✓ 1,230 words → ol_of_artificial_intelligence_data_science_en_faqs_ec5bbc97.txt
INFO  [HTML 416/1500] https://iitj.ac.in/school-of-artificial-intelligence-data-science/en/publications
INFO    ✓ 1,365 words → tificial_intelligence_data_science_en_publications_715a41b4.txt
INFO  [HTML 417/1500] https://iitj.ac.in/school-of-artificial-intelligence-data-science/en/directory
INFO    ✓ 258 words → _artificial_intelligence_data_science_en_directory_6f27058d.txt
INFO  [HTML 418/1500] https://iitj.ac.in/school-of-artificial-intelligence-data-science/en/postdoc-positions
INFO    ✓ 137 words → ial_intelligence_data_science_en_postdoc_positions_f158e77f.txt
INFO  [HTML 419/1500] https://iitj.ac.in/school-of-artificial-intelligence-data-science/en/executive-programs
INFO    ✓ 242 words → al_intelligence_data_science_en_executive_programs_0125e2d5.txt
INFO  [HTML 420/1500] https://iitj.ac.in/school-of-artificial-intelligence-data-science/en/projects
INFO    ✓ 513 words → f_artificial_intelligence_data_science_en_projects_f288b7a0.txt
INFO  [HTML 421/1500] https://iitj.ac.in/school-of-artificial-intelligence-data-science/en/School-of-Artificial-Intelligence-and-Data-Science
INFO    ✓ 234 words → School_of_Artificial_Intelligence_and_Data_Science_39229d1c.txt
INFO  [HTML 422/1500] https://iitj.ac.in/school-of-artificial-intelligence-data-science/en/outreach
INFO    ✓ 315 words → f_artificial_intelligence_data_science_en_outreach_993a58cd.txt
INFO  [HTML 423/1500] https://iitj.ac.in/school-of-artificial-intelligence-data-science/en/phd
INFO    ✓ 471 words → ool_of_artificial_intelligence_data_science_en_phd_f3f80206.txt
INFO  [HTML 424/1500] https://iitj.ac.in/school-of-artificial-intelligence-data-science/en/about-research
INFO    ✓ 416 words → ficial_intelligence_data_science_en_about_research_a75c9086.txt
INFO  [HTML 425/1500] https://iitj.ac.in/school-of-artificial-intelligence-data-science/en/courses
INFO    ✓ 254 words → of_artificial_intelligence_data_science_en_courses_1e7e5b14.txt
INFO  [HTML 426/1500] https://iitj.ac.in/school-of-artificial-intelligence-data-science/en/ms-program
INFO    ✓ 206 words → artificial_intelligence_data_science_en_ms_program_1a60d6d8.txt
INFO  [HTML 427/1500] https://iitj.ac.in/school-of-artificial-intelligence-data-science/en/project-positions
INFO    ✓ 205 words → ial_intelligence_data_science_en_project_positions_d964e555.txt
INFO  [HTML 428/1500] https://iitj.ac.in/school-of-artificial-intelligence-data-science/en/mission-and-vision
INFO    ✓ 155 words → al_intelligence_data_science_en_mission_and_vision_b96f7681.txt
INFO  [HTML 429/1500] https://iitj.ac.in/school-of-artificial-intelligence-data-science/en/btech
INFO    ✓ 177 words → l_of_artificial_intelligence_data_science_en_btech_b2bf1094.txt
INFO  [HTML 430/1500] https://iitj.ac.in/school-of-artificial-intelligence-data-science/en/mtech
INFO    ✓ 166 words → l_of_artificial_intelligence_data_science_en_mtech_ef1afeaf.txt
INFO  [HTML 431/1500] https://iitj.ac.in/school-of-artificial-intelligence-data-science/en/themes
INFO    ✓ 96 words → _of_artificial_intelligence_data_science_en_themes_1f5f2ef5.txt
INFO  [HTML 432/1500] https://iitj.ac.in/school-of-artificial-intelligence-data-science/en/contact
INFO    ✓ 94 words → of_artificial_intelligence_data_science_en_contact_7119219b.txt
INFO  [HTML 433/1500] https://iitj.ac.in/main/en/acts-statutes
INFO    ✓ 140 words → _main_en_acts_statutes_5eeda8b5.txt
INFO  [HTML 434/1500] https://iitj.ac.in/main/en/history
INFO    ✓ 361 words → _main_en_history_1881eab8.txt
INFO  [HTML 435/1500] https://iitj.ac.in/main/en/institute-logo
INFO    ✓ 85 words → _main_en_institute_logo_aecac31f.txt
INFO  [HTML 436/1500] https://iitj.ac.in/m/Index/B3A85DF9-7350-46C0-A967-A48DBDEED8C7?lg=en
INFO    ✓ 70 words → _m_Index_B3A85DF9_7350_46C0_A967_A48DBDEED8C7_70a28335.txt
INFO  [HTML 437/1500] https://iitj.ac.in/main/en/vision-and-mission
INFO    ✓ 508 words → _main_en_vision_and_mission_3aeff3af.txt
INFO  [HTML 438/1500] https://iitj.ac.in/main/en/institute-reports
INFO    ✓ 157 words → _main_en_institute_reports_2a8c14f2.txt
INFO  [HTML 439/1500] https://iitj.ac.in/Correspondence/index?ar=archive
WARNING    Too short (0 w), skip: https://iitj.ac.in/Correspondence/index?ar=archive
INFO  [HTML 440/1500] https://iitj.ac.in/office-of-academics/en/ph.d.-thesis-defense
INFO    ✓ 3,700 words → _office_of_academics_en_ph_d__thesis_defense_0934dc66.txt
INFO  [HTML 441/1500] https://iitj.ac.in/office-of-academics/en/academic-programs?ep=fw
INFO    ✓ 95 words → _office_of_academics_en_academic_programs_b8b1a4f3.txt
INFO  [HTML 442/1500] https://iitj.ac.in/m/Index/765f3f7b-09d5-42e5-b376-4e72ee5c5a21?lg=en
INFO    ✓ 79 words → _m_Index_765f3f7b_09d5_42e5_b376_4e72ee5c5a21_5500d8c7.txt
INFO  [HTML 443/1500] https://iitj.ac.in/office-of-academics/en/download-forms
INFO    ✓ 1,113 words → _office_of_academics_en_download_forms_84ba6db8.txt
INFO  [HTML 444/1500] https://iitj.ac.in/office-of-academics/en/academic-regulations
INFO    ✓ 15,488 words → _office_of_academics_en_academic_regulations_b538276e.txt
INFO  [HTML 445/1500] https://iitj.ac.in/office-of-academics/en/list-of-holidays
INFO    ✓ 84 words → _office_of_academics_en_list_of_holidays_612e4529.txt
INFO  [HTML 446/1500] https://iitj.ac.in/office-of-academics/en/transcripts
INFO    ✓ 220 words → _office_of_academics_en_transcripts_e2e0bb22.txt
INFO  [HTML 447/1500] https://iitj.ac.in/m/Index/1afa243f-2cf8-49ec-b8c3-e00f3ad1627d?lg=en
INFO    ✓ 80 words → _m_Index_1afa243f_2cf8_49ec_b8c3_e00f3ad1627d_f40460c7.txt
INFO  [HTML 448/1500] https://iitj.ac.in/office-of-academics/en/m.sc.
INFO    ✓ 79 words → _office_of_academics_en_m_sc__96250bab.txt
INFO  [HTML 449/1500] https://iitj.ac.in/office-of-academics/en/specialization-minor-dual-degree
INFO    ✓ 1,669 words → e_of_academics_en_specialization_minor_dual_degree_cd300352.txt
INFO  [HTML 450/1500] https://iitj.ac.in/office-of-academics/en/scholarships
INFO    ✓ 214 words → _office_of_academics_en_scholarships_a01f14ca.txt
INFO  [HTML 451/1500] https://iitj.ac.in/office-of-academics/en/program-Structure
INFO    ✓ 509 words → _office_of_academics_en_program_Structure_36e71070.txt
INFO  [HTML 452/1500] https://iitj.ac.in/office-of-academics/hi/academics
WARNING    Too short (9 w), skip: https://iitj.ac.in/office-of-academics/hi/academics
INFO  [HTML 453/1500] https://iitj.ac.in/Office-of-Academics/en/Academic-Calendar
INFO    ✓ 160 words → _Office_of_Academics_en_Academic_Calendar_275ab910.txt
INFO  [HTML 454/1500] https://iitj.ac.in/office-of-academics/en/fee-structure
INFO    ✓ 88 words → _office_of_academics_en_fee_structure_bebc8564.txt
INFO  [HTML 455/1500] https://iitj.ac.in/office-of-academics/en/b.tech.
INFO    ✓ 95 words → _office_of_academics_en_b_tech__94b5ea49.txt
INFO  [HTML 456/1500] https://iitj.ac.in/office-of-academics/en/list-of-academic-programs
INFO    ✓ 562 words → _office_of_academics_en_list_of_academic_programs_53ceb52f.txt
INFO  [HTML 457/1500] https://iitj.ac.in/m/Index/ab99d4da-35b6-40f6-bcd5-b549c8b309c1?lg=en
INFO    ✓ 97 words → _m_Index_ab99d4da_35b6_40f6_bcd5_b549c8b309c1_30a6be2d.txt
INFO  [HTML 458/1500] https://iitj.ac.in/office-of-academics/en/contact
INFO    ✓ 88 words → _office_of_academics_en_contact_b0ed27ad.txt
INFO  [HTML 459/1500] https://iitj.ac.in/office-of-academics/en/circulars
INFO    ✓ 544 words → _office_of_academics_en_circulars_8e037f39.txt
INFO  [HTML 460/1500] https://iitj.ac.in/office-of-academics/en/cgpa-conversion-medium-of-teaching
INFO    ✓ 85 words → of_academics_en_cgpa_conversion_medium_of_teaching_cd95df38.txt
INFO  [HTML 461/1500] https://iitj.ac.in/office-of-academics/en/curriculum
INFO    ✓ 851 words → _office_of_academics_en_curriculum_67f55a85.txt
INFO  [HTML 462/1500] https://iitj.ac.in/office-of-academics/en/ug-registration-guidelines
INFO    ✓ 216 words → _office_of_academics_en_ug_registration_guidelines_81c82764.txt
INFO  [HTML 463/1500] https://iitj.ac.in/office-of-academics/en/collaborations
INFO    ✓ 74 words → _office_of_academics_en_collaborations_da055040.txt
INFO  [HTML 464/1500] https://iitj.ac.in/office-of-academics/en/ph.d.
INFO    ✓ 243 words → _office_of_academics_en_ph_d__6ca5d079.txt
INFO  [HTML 465/1500] https://iitj.ac.in/office-of-academics/en/discontinued-program
INFO    ✓ 346 words → _office_of_academics_en_discontinued_program_2262e174.txt
INFO  [HTML 466/1500] https://iitj.ac.in/Office-of-Academics/en/Download-Forms
INFO    ✓ 1,113 words → _Office_of_Academics_en_Download_Forms_29e59676.txt
INFO  [HTML 467/1500] https://iitj.ac.in/office-of-academics/en/first-year-class-time-table
INFO    ✓ 1,592 words → office_of_academics_en_first_year_class_time_table_ef4de984.txt
INFO  [HTML 468/1500] https://iitj.ac.in/office-of-academics/en/convocation
INFO    ✓ 274 words → _office_of_academics_en_convocation_27f3f8e4.txt
INFO  [HTML 469/1500] https://iitj.ac.in/office-of-academics/en/bs
INFO    ✓ 79 words → _office_of_academics_en_bs_4afc7bb6.txt
INFO  [HTML 470/1500] https://iitj.ac.in/office-of-academics/en/m.tech.
INFO    ✓ 128 words → _office_of_academics_en_m_tech__336f2f27.txt
INFO  [HTML 471/1500] https://iitj.ac.in/office-of-academics/en/academic-calendar
INFO    ✓ 160 words → _office_of_academics_en_academic_calendar_3db33f58.txt
INFO  [HTML 472/1500] https://iitj.ac.in/office-of-academics/en/engineering-science
INFO    ✓ 2,468 words → _office_of_academics_en_engineering_science_ba848541.txt
INFO  [HTML 473/1500] https://iitj.ac.in/office-of-academics/en/m.sc.-m.tech.
INFO    ✓ 91 words → _office_of_academics_en_m_sc__m_tech__2a9325fd.txt
INFO  [HTML 474/1500] https://iitj.ac.in/office-of-academics/en/mdes
INFO    ✓ 76 words → _office_of_academics_en_mdes_e4080ba6.txt
INFO  [HTML 475/1500] https://iitj.ac.in/office-of-academics/en/mba
INFO    ✓ 83 words → _office_of_academics_en_mba_c78c4d5e.txt
INFO  [HTML 476/1500] https://iitj.ac.in/m/Index/e1ec016d-ad3e-4a5a-bfbe-831afdd32b38?lg=en
INFO    ✓ 71 words → _m_Index_e1ec016d_ad3e_4a5a_bfbe_831afdd32b38_df577cba.txt
INFO  [HTML 477/1500] https://iitj.ac.in/aiot-fab-facility/en/contact
INFO    ✓ 102 words → _aiot_fab_facility_en_contact_c9a76463.txt
INFO  [HTML 478/1500] https://iitj.ac.in/aiot-fab-facility/en/facilities
INFO    ✓ 76 words → _aiot_fab_facility_en_facilities_547fdc6b.txt
INFO  [HTML 479/1500] https://iitj.ac.in/aiot-fab-facility/en/usage-charges
INFO    ✓ 349 words → _aiot_fab_facility_en_usage_charges_5ec8597a.txt
INFO  [HTML 480/1500] https://iitj.ac.in/People/List?dept=schools&c=f3e9fe15-3a79-42e6-aef0-2a369782c302
WARNING    Too short (10 w), skip: https://iitj.ac.in/People/List?dept=schools&c=f3e9fe15-3a79-42e6-aef0-2a369782c302
INFO  [HTML 481/1500] https://iitj.ac.in/People/List?dept=materials-engineering&c=f3e9fe15-3a79-42e6-aef0-2a369782c302&ln=en
WARNING    Too short (7 w), skip: https://iitj.ac.in/People/List?dept=materials-engineering&c=f3e9fe15-3a79-42e6-aef0-2a369782c302&ln=en
INFO  [HTML 482/1500] https://iitj.ac.in/People/List?dept=physics&c=f3e9fe15-3a79-42e6-aef0-2a369782c302&ln=en
WARNING    Too short (6 w), skip: https://iitj.ac.in/People/List?dept=physics&c=f3e9fe15-3a79-42e6-aef0-2a369782c302&ln=en
INFO  [HTML 483/1500] https://iitj.ac.in/People/List?dept=chemistry&c=f3e9fe15-3a79-42e6-aef0-2a369782c302&ln=en
WARNING    Too short (6 w), skip: https://iitj.ac.in/People/List?dept=chemistry&c=f3e9fe15-3a79-42e6-aef0-2a369782c302&ln=en
INFO  [HTML 484/1500] https://iitj.ac.in/People/List?dept=school-of-liberal-arts&c=f3e9fe15-3a79-42e6-aef0-2a369782c302&ln=en
WARNING    Too short (9 w), skip: https://iitj.ac.in/People/List?dept=school-of-liberal-arts&c=f3e9fe15-3a79-42e6-aef0-2a369782c302&ln=en
INFO  [HTML 485/1500] https://iitj.ac.in/People/List?dept=school-of-artificial-intelligence-data-science&c=f3e9fe15-3a79-42e6-aef0-2a369782c302&ln=en
WARNING    Too short (12 w), skip: https://iitj.ac.in/People/List?dept=school-of-artificial-intelligence-data-science&c=f3e9fe15-3a79-42e6-aef0-2a369782c302&ln=en
INFO  [HTML 486/1500] https://iitj.ac.in/People/List?dept=chemical-engineering&c=f3e9fe15-3a79-42e6-aef0-2a369782c302
WARNING    Too short (7 w), skip: https://iitj.ac.in/People/List?dept=chemical-engineering&c=f3e9fe15-3a79-42e6-aef0-2a369782c302
INFO  [HTML 487/1500] https://iitj.ac.in/People/List?dept=cetsd&c=f3e9fe15-3a79-42e6-aef0-2a369782c302&ln=en
WARNING    Too short (12 w), skip: https://iitj.ac.in/People/List?dept=cetsd&c=f3e9fe15-3a79-42e6-aef0-2a369782c302&ln=en
INFO  [HTML 488/1500] https://iitj.ac.in/People/List?dept=civil-and-infrastructure-engineering&c=f3e9fe15-3a79-42e6-aef0-2a369782c302&ln=en
WARNING    Too short (9 w), skip: https://iitj.ac.in/People/List?dept=civil-and-infrastructure-engineering&c=f3e9fe15-3a79-42e6-aef0-2a369782c302&ln=en
INFO  [HTML 489/1500] https://iitj.ac.in/People/List?dept=bioscience-bioengineering&c=f3e9fe15-3a79-42e6-aef0-2a369782c302
WARNING    Too short (8 w), skip: https://iitj.ac.in/People/List?dept=bioscience-bioengineering&c=f3e9fe15-3a79-42e6-aef0-2a369782c302
INFO  [HTML 490/1500] https://iitj.ac.in/People/List?dept=computer-science-engineering&c=f3e9fe15-3a79-42e6-aef0-2a369782c302&ln=en
WARNING    Too short (9 w), skip: https://iitj.ac.in/People/List?dept=computer-science-engineering&c=f3e9fe15-3a79-42e6-aef0-2a369782c302&ln=en
INFO  [HTML 491/1500] https://iitj.ac.in/People/List?dept=school-of-design&c=f3e9fe15-3a79-42e6-aef0-2a369782c302&ln=en
WARNING    Too short (8 w), skip: https://iitj.ac.in/People/List?dept=school-of-design&c=f3e9fe15-3a79-42e6-aef0-2a369782c302&ln=en
INFO  [HTML 492/1500] https://iitj.ac.in/People/List?dept=rcrice&c=f3e9fe15-3a79-42e6-aef0-2a369782c302&ln=en
WARNING    Too short (15 w), skip: https://iitj.ac.in/People/List?dept=rcrice&c=f3e9fe15-3a79-42e6-aef0-2a369782c302&ln=en
INFO  [HTML 493/1500] https://iitj.ac.in/People/List?dept=electrical-engineering&c=f3e9fe15-3a79-42e6-aef0-2a369782c302&ln=en
WARNING    Too short (7 w), skip: https://iitj.ac.in/People/List?dept=electrical-engineering&c=f3e9fe15-3a79-42e6-aef0-2a369782c302&ln=en
INFO  [HTML 494/1500] https://iitj.ac.in/Main/en/Administrative-Contact
INFO    ✓ 272 words → _Main_en_Administrative_Contact_4647b755.txt
INFO  [HTML 495/1500] https://iitj.ac.in/electrical-engineering/en/faculty-members
INFO    ✓ 206 words → _electrical_engineering_en_faculty_members_99df4cbb.txt
INFO  [HTML 496/1500] https://iitj.ac.in/electrical-engineering/en/ongoing-projects
INFO    ✓ 794 words → _electrical_engineering_en_ongoing_projects_25ca53e1.txt
INFO  [HTML 497/1500] https://iitj.ac.in/electrical-engineering/en/doctoral-program
INFO    ✓ 331 words → _electrical_engineering_en_doctoral_program_3856a3ca.txt
INFO  [HTML 498/1500] https://iitj.ac.in/electrical-engineering/en/contact
INFO    ✓ 83 words → _electrical_engineering_en_contact_5d21ffa8.txt
INFO  [HTML 499/1500] https://iitj.ac.in/electrical-engineering/en/collaborations
INFO    ✓ 569 words → _electrical_engineering_en_collaborations_ea1aaa67.txt
INFO  [HTML 500/1500] https://iitj.ac.in/electrical-engineering/en/undergraduate-program
INFO    ✓ 1,269 words → _electrical_engineering_en_undergraduate_program_f053dfd8.txt
INFO  [HTML 501/1500] https://iitj.ac.in/electrical-engineering/hi/Research-Highlights
WARNING    Too short (0 w), skip: https://iitj.ac.in/electrical-engineering/hi/Research-Highlights
INFO  [HTML 502/1500] https://iitj.ac.in/Recruitment/
WARNING    Too short (0 w), skip: https://iitj.ac.in/Recruitment/
INFO  [HTML 503/1500] https://iitj.ac.in/electrical-engineering/en/project-staff-members
INFO    ✓ 110 words → _electrical_engineering_en_project_staff_members_db4a01c8.txt
INFO  [HTML 504/1500] https://iitj.ac.in/electrical-engineering/en/curriculum
INFO    ✓ 207 words → _electrical_engineering_en_curriculum_63e3418f.txt
INFO  [HTML 505/1500] https://iitj.ac.in/electrical-engineering/en/post-doctoral-fellows
INFO    ✓ 128 words → _electrical_engineering_en_post_doctoral_fellows_028ecc1b.txt
INFO  [HTML 506/1500] https://iitj.ac.in/electrical-engineering/en/electrical-engineering
INFO    ✓ 549 words → _electrical_engineering_en_electrical_engineering_382951ad.txt
INFO  [HTML 507/1500] https://iitj.ac.in/electrical-engineering/en/postgraduate-program
INFO    ✓ 150 words → _electrical_engineering_en_postgraduate_program_9c860f96.txt
INFO  [HTML 508/1500] https://iitj.ac.in/electrical-engineering/en/completed-projects
INFO    ✓ 341 words → _electrical_engineering_en_completed_projects_32dd4809.txt
INFO  [HTML 509/1500] https://iitj.ac.in/electrical-engineering/en/calender
INFO    ✓ 66 words → _electrical_engineering_en_calender_7ebbfba5.txt
INFO  [HTML 510/1500] https://iitj.ac.in/electrical-engineering/en/laboratories
INFO    ✓ 81 words → _electrical_engineering_en_laboratories_a408879a.txt
INFO  [HTML 511/1500] https://iitj.ac.in/electrical-engineering/en/research-overview
INFO    ✓ 567 words → _electrical_engineering_en_research_overview_6e268017.txt
INFO  [HTML 512/1500] https://ignus.iitj.ac.in/
WARNING    Too short (0 w), skip: https://ignus.iitj.ac.in/
INFO  [HTML 513/1500] https://iitj.ac.in/office-of-students/en/Academics
INFO    ✓ 205 words → _office_of_students_en_Academics_78037c8d.txt
INFO  [HTML 514/1500] https://iitj.ac.in/office-of-students/en/Facilities
INFO    ✓ 413 words → _office_of_students_en_Facilities_2962db99.txt
INFO  [HTML 515/1500] https://iitj.ac.in/office-of-students/en/Student-Life-@-IIT-Jodhpur
INFO    ✓ 428 words → _office_of_students_en_Student_Life___IIT_Jodhpur_06c60fc9.txt
INFO  [HTML 516/1500] https://iitj.ac.in/office-of-students/en/verification
INFO    ✓ 309 words → _office_of_students_en_verification_0b224cb1.txt
INFO  [HTML 517/1500] https://iitj.ac.in/office-of-students/en/Scholarships-and-Placements
INFO    ✓ 177 words → _office_of_students_en_Scholarships_and_Placements_18282fbd.txt
INFO  [HTML 518/1500] https://iitj.ac.in/office-of-students/en/Orientation
INFO    ✓ 67 words → _office_of_students_en_Orientation_76822c31.txt
INFO  [HTML 519/1500] https://iitj.ac.in/office-of-students/en/virasat
INFO    ✓ 67 words → _office_of_students_en_virasat_26cce26f.txt
INFO  [HTML 520/1500] https://iitj.ac.in/office-of-students/en/scholarships
INFO    ✓ 270 words → _office_of_students_en_scholarships_b1e9f813.txt
INFO  [HTML 521/1500] https://iitj.ac.in/office-of-students/en/ta-ship
INFO    ✓ 119 words → _office_of_students_en_ta_ship_3c141ec3.txt
INFO  [HTML 522/1500] https://iitj.ac.in/office-of-students/en/courses-(social-connect-responsibility)
INFO    ✓ 228 words → tudents_en_courses__social_connect_responsibility__af208153.txt
INFO  [HTML 523/1500] https://iitj.ac.in/office-of-students/en/contact
INFO    ✓ 79 words → _office_of_students_en_contact_3f383e81.txt
INFO  [HTML 524/1500] https://iitj.ac.in/m/Index/E1EC016D-AD3E-4A5A-BFBE-831AFDD32B38?lg=en
INFO    ✓ 71 words → _m_Index_E1EC016D_AD3E_4A5A_BFBE_831AFDD32B38_c8e42e7e.txt
INFO  [HTML 525/1500] https://iitj.ac.in/mechanical-engineering/
INFO    ✓ 576 words → _mechanical_engineering__6f8e19bd.txt
INFO  [HTML 526/1500] https://iitj.ac.in/physics/
INFO    ✓ 972 words → _physics__091dbe14.txt
INFO  [HTML 527/1500] https://iitj.ac.in/computer-science-engineering/
INFO    ✓ 680 words → _computer_science_engineering__db8c21a5.txt
INFO  [HTML 528/1500] https://iitj.ac.in/electrical-engineering/
INFO    ✓ 549 words → _electrical_engineering__0955289d.txt
INFO  [HTML 529/1500] https://iitj.ac.in/chemical-engineering/
INFO    ✓ 539 words → _chemical_engineering__6514df23.txt
INFO  [HTML 530/1500] https://iitj.ac.in/bioscience-bioengineering
INFO    ✓ 639 words → _bioscience_bioengineering_ec266ccd.txt
INFO  [HTML 531/1500] https://iitj.ac.in/civil-and-infrastructure-engineering/
INFO    ✓ 732 words → _civil_and_infrastructure_engineering__d588e674.txt
INFO  [HTML 532/1500] https://iitj.ac.in/materials-engineering/en/materials-engineering
INFO    ✓ 545 words → _materials_engineering_en_materials_engineering_fc952e8c.txt
INFO  [HTML 533/1500] https://iitj.ac.in/chemistry/en/chemistry
INFO    ✓ 636 words → _chemistry_en_chemistry_2fcc8df7.txt
INFO  [HTML 534/1500] https://iitj.ac.in/mathematics/
INFO    ✓ 610 words → _mathematics__902bf654.txt
INFO  [HTML 535/1500] https://iitj.ac.in/office-of-director/en/contact
INFO    ✓ 83 words → _office_of_director_en_contact_df33add8.txt
INFO  [HTML 536/1500] https://iitj.ac.in/office-of-director/en/about-director
INFO    ✓ 734 words → _office_of_director_en_about_director_ad659ea1.txt
INFO  [HTML 537/1500] https://iitj.ac.in/RTI/Index?type=a2af235a-4128-439e-b06e-2a072e80ddf5
WARNING    Too short (0 w), skip: https://iitj.ac.in/RTI/Index?type=a2af235a-4128-439e-b06e-2a072e80ddf5
INFO  [HTML 538/1500] https://iitj.ac.in/RTI/Index?type=22beda5e-8cd7-42f2-b198-06ee1868ca77
WARNING    Too short (0 w), skip: https://iitj.ac.in/RTI/Index?type=22beda5e-8cd7-42f2-b198-06ee1868ca77
INFO  [HTML 539/1500] https://iitj.ac.in/RTI/Index?type=44adc1ac-6022-4208-838a-c5c8cc83019c
WARNING    Too short (0 w), skip: https://iitj.ac.in/RTI/Index?type=44adc1ac-6022-4208-838a-c5c8cc83019c
INFO  [HTML 540/1500] https://iitj.ac.in/RTI/Index?type=9888830c-8d54-4700-9f3b-63f375968115
WARNING    Too short (0 w), skip: https://iitj.ac.in/RTI/Index?type=9888830c-8d54-4700-9f3b-63f375968115
INFO  [HTML 541/1500] https://iitj.ac.in/office-of-corporate-relations/en/office-of-corporate-relations/en/happening-now
WARNING    Too short (9 w), skip: https://iitj.ac.in/office-of-corporate-relations/en/office-of-corporate-relations/en/happening-now
INFO  [HTML 542/1500] https://iitj.ac.in/office-of-corporate-relations/en/happening-now
INFO    ✓ 904 words → _office_of_corporate_relations_en_happening_now_108fdb33.txt
INFO  [HTML 543/1500] https://iitj.ac.in/office-of-corporate-relations/en/donate
INFO    ✓ 374 words → _office_of_corporate_relations_en_donate_62cc30f4.txt
INFO  [HTML 544/1500] https://iitj.ac.in/office-of-corporate-relations/en/strength-areas
INFO    ✓ 136 words → _office_of_corporate_relations_en_strength_areas_8745cf55.txt
INFO  [HTML 545/1500] https://iitj.ac.in/office-of-corporate-relations/hi/donate
INFO    ✓ 315 words → _office_of_corporate_relations_hi_donate_24733290.txt
INFO  [HTML 546/1500] https://iitj.ac.in/office-of-corporate-relations/en/office-of-corporate-relations/
INFO    ✓ 883 words → porate_relations_en_office_of_corporate_relations__9144020b.txt
INFO  [HTML 547/1500] https://iitj.ac.in/office-of-corporate-relations/en/contact
INFO    ✓ 86 words → _office_of_corporate_relations_en_contact_0a686903.txt
INFO  [HTML 548/1500] https://iitj.ac.in/office-of-corporate-relations/en/office-of-corporate-relations
INFO    ✓ 883 words → rporate_relations_en_office_of_corporate_relations_5c8387e9.txt
INFO  [HTML 549/1500] https://intranet.iitj.ac.in/correspondences/index.php?id=Office_of_Registrar
INFO    ✓ 1,492 words → _correspondences_index_php_49ecea7c.txt
INFO  [HTML 550/1500] https://iitj.ac.in/office-of-registrar/en/Contact
INFO    ✓ 79 words → _office_of_registrar_en_Contact_2a1d42d2.txt
INFO  [HTML 551/1500] https://iitj.ac.in/office-of-registrar/en/broad-functions-of-the-office-of-registrar
INFO    ✓ 198 words → trar_en_broad_functions_of_the_office_of_registrar_92643cdb.txt
INFO  [HTML 552/1500] https://iitj.ac.in/People/List?dept=office-of-registrar&c=46859201-ac72-434a-a5aa-e512e9fdb25b&ln=en
WARNING    Too short (8 w), skip: https://iitj.ac.in/People/List?dept=office-of-registrar&c=46859201-ac72-434a-a5aa-e512e9fdb25b&ln=en
INFO  [HTML 553/1500] https://iitj.ac.in/lecture-series/en/lecture-series
INFO    ✓ 113 words → _lecture_series_en_lecture_series_32287330.txt
INFO  [HTML 554/1500] https://iitj.ac.in/unnat-bharat-abhiyan/en/unnat-bharat-abhiyan
INFO    ✓ 652 words → _unnat_bharat_abhiyan_en_unnat_bharat_abhiyan_bc7bf683.txt
INFO  [HTML 555/1500] https://iitj.ac.in/ishaan-vikaas-program/en/ishaan-vikaas-program
INFO    ✓ 309 words → _ishaan_vikaas_program_en_ishaan_vikaas_program_40b64d55.txt
INFO  [HTML 556/1500] https://iitj.ac.in/vigyan-jyoti-program/en/vigyan-jyoti-program
INFO    ✓ 162 words → _vigyan_jyoti_program_en_vigyan_jyoti_program_5ec4add4.txt
INFO  [HTML 557/1500] https://iitj.ac.in/gian/en/gian
INFO    ✓ 177 words → _gian_en_gian_07425cfd.txt
INFO  [HTML 558/1500] https://iitj.ac.in/rashtriya-avishkar-abhiyan/en/rashtriya-avishkar-abhiyan
INFO    ✓ 178 words → iya_avishkar_abhiyan_en_rashtriya_avishkar_abhiyan_beb3d0fb.txt
INFO  [HTML 559/1500] https://iitj.ac.in/m/Index/0F2B53C7-7953-4F42-B172-FC4397E13AAB?lg=en
INFO    ✓ 84 words → _m_Index_0F2B53C7_7953_4F42_B172_FC4397E13AAB_63a14065.txt
INFO  [HTML 560/1500] https://iitj.ac.in/imprint-india/en/imprint-india
INFO    ✓ 150 words → _imprint_india_en_imprint_india_c865dca6.txt
INFO  [HTML 561/1500] https://iitj.ac.in/ek-bharat-shreshtha-bharat/en/ek-bharat-shreshtha-bharat
INFO    ✓ 488 words → rat_shreshtha_bharat_en_ek_bharat_shreshtha_bharat_c987e22a.txt
INFO  [HTML 562/1500] https://iitj.ac.in/office-of-executive-education/en/Program-Portfolio
INFO    ✓ 694 words → office_of_executive_education_en_Program_Portfolio_1105d698.txt
INFO  [HTML 563/1500] https://iitj.ac.in/Doctor-of-Philosophy/en/Doctor-of-Philosophy
INFO    ✓ 223 words → _Doctor_of_Philosophy_en_Doctor_of_Philosophy_9edc9a4f.txt
INFO  [HTML 564/1500] https://www.iitj.ac.in/school-of-design/en/masters-of-design-(mdes)-2025
INFO    ✓ 415 words → _school_of_design_en_masters_of_design__mdes__2025_c568545f.txt
INFO  [HTML 565/1500] https://iitj.ac.in/m/Index/8009454C-7333-408E-8E1D-27C822A929E6?lg=en
INFO    ✓ 86 words → _m_Index_8009454C_7333_408E_8E1D_27C822A929E6_6225dae2.txt
INFO  [HTML 566/1500] https://iitj.ac.in/suraj/en/suraj
INFO    ✓ 403 words → _suraj_en_suraj_81d1f18c.txt
INFO  [HTML 567/1500] https://iitj.ac.in/Master-of-Technology/en/Master-of-Technology
INFO    ✓ 131 words → _Master_of_Technology_en_Master_of_Technology_324a7e87.txt
INFO  [HTML 568/1500] https://iitj.ac.in/itep/
INFO    ✓ 1,065 words → _itep__3b60cdd5.txt
INFO  [HTML 569/1500] https://iitj.ac.in/Bachelor-of-Technology/en/Bachelor-of-Technology
INFO    ✓ 1,116 words → _Bachelor_of_Technology_en_Bachelor_of_Technology_234ed1c3.txt
INFO  [HTML 570/1500] https://iitj.ac.in/Master-of-Science/en/Master-of-Science
INFO    ✓ 86 words → _Master_of_Science_en_Master_of_Science_f2abf57d.txt
INFO  [HTML 571/1500] https://iitj.ac.in/Main/en/Life-@-IIT-Jodhpur
INFO    ✓ 1,209 words → _Main_en_Life___IIT_Jodhpur_df29d5cf.txt
INFO  [HTML 572/1500] https://iitj.ac.in/Main/en/IT-Jodhpur-Surroundings
INFO    ✓ 788 words → _Main_en_IT_Jodhpur_Surroundings_207b4ea8.txt
INFO  [HTML 573/1500] https://iitj.ac.in/Main/en/Recruitment
INFO    ✓ 469 words → _Main_en_Recruitment_43fdbd04.txt
INFO  [HTML 574/1500] https://iitj.ac.in/Main/en/Professional-Development
INFO    ✓ 277 words → _Main_en_Professional_Development_611b0329.txt
INFO  [HTML 575/1500] https://iitj.ac.in/health-center/en/empanelled-hospitals
INFO    ✓ 162 words → _health_center_en_empanelled_hospitals_64cdcda8.txt
INFO  [HTML 576/1500] https://iitj.ac.in/health-center/en/services
INFO    ✓ 363 words → _health_center_en_services_a340dc67.txt
INFO  [HTML 577/1500] https://iitj.ac.in/health-center/en/doctors-schedule
INFO    ✓ 67 words → _health_center_en_doctors_schedule_d5ad8ee5.txt
INFO  [HTML 578/1500] https://iitj.ac.in/health-center/en/contact
INFO    ✓ 122 words → _health_center_en_contact_053f375b.txt
INFO  [HTML 579/1500] https://iitj.ac.in/es/en/Contact
INFO    ✓ 81 words → _es_en_Contact_ee5a1d8b.txt
INFO  [HTML 580/1500] https://iitj.ac.in/People?dept=es
WARNING    Too short (7 w), skip: https://iitj.ac.in/People?dept=es
INFO  [HTML 581/1500] https://iitj.ac.in/schools/en/publications
INFO    ✓ 4,292 words → _schools_en_publications_df146673.txt
INFO  [HTML 582/1500] https://iitj.ac.in/schools/en/industry-interaction
INFO    ✓ 590 words → _schools_en_industry_interaction_7b4e98fa.txt
INFO  [HTML 583/1500] https://iitj.ac.in/schools/en/final-placement
INFO    ✓ 612 words → _schools_en_final_placement_c6ca4d02.txt
INFO  [HTML 584/1500] https://iitj.ac.in/schools/en/live-project
INFO    ✓ 303 words → _schools_en_live_project_f92f8705.txt
INFO  [HTML 585/1500] https://iitj.ac.in/schools/en/about-sme
INFO    ✓ 252 words → _schools_en_about_sme_d6fc7511.txt
INFO  [HTML 586/1500] https://iitj.ac.in/m/Index/schools-dual degree?lg=en
INFO    ✓ 64 words → _m_Index_schools_dual_degree_4d27ec49.txt
INFO  [HTML 587/1500] https://iitj.ac.in/m/Index/schools-executive program?lg=en
INFO    ✓ 61 words → _m_Index_schools_executive_program_50783c3f.txt
INFO  [HTML 588/1500] https://iitj.ac.in/People?dept=schools
WARNING    Too short (10 w), skip: https://iitj.ac.in/People?dept=schools
INFO  [HTML 589/1500] https://iitj.ac.in/schools/en/phd-program
INFO    ✓ 1,359 words → _schools_en_phd_program_68d36a23.txt
INFO  [HTML 590/1500] https://iitj.ac.in/schools/en/summer-internship
INFO    ✓ 434 words → _schools_en_summer_internship_d6347836.txt
INFO  [HTML 591/1500] https://iitj.ac.in/m/Index/schools-mba in - fintech - cybersecurity?lg=en
INFO    ✓ 64 words → _m_Index_schools_mba_in___fintech___cybersecurity_eba9a8c7.txt
INFO  [HTML 592/1500] https://iitj.ac.in/schools/en/projects
INFO    ✓ 400 words → _schools_en_projects_31a15862.txt
INFO  [HTML 593/1500] https://iitj.ac.in/schools/en/About-COE-IP
INFO    ✓ 650 words → _schools_en_About_COE_IP_31fc3d4d.txt
INFO  [HTML 594/1500] https://iitj.ac.in/m/Index/1B66200D-9309-4212-AF0B-D98FA1D9C356?lg=en
INFO    ✓ 76 words → _m_Index_1B66200D_9309_4212_AF0B_D98FA1D9C356_cc208e70.txt
INFO  [HTML 595/1500] https://iitj.ac.in/m/Index/schools-mba in fintech - cybersecurity?lg=en
INFO    ✓ 64 words → _m_Index_schools_mba_in_fintech___cybersecurity_dca26c77.txt
INFO  [HTML 596/1500] https://iitj.ac.in/m/Index/schools-mba & mba technology?lg=en
INFO    ✓ 63 words → _m_Index_schools_mba___mba_technology_9f3a4b3b.txt
INFO  [HTML 597/1500] https://iitj.ac.in/schools/en/mdp
INFO    ✓ 442 words → _schools_en_mdp_7d256a31.txt
INFO  [HTML 598/1500] https://iitj.ac.in/schools/en/program-curriculum
INFO    ✓ 223 words → _schools_en_program_curriculum_8deca335.txt
INFO  [HTML 599/1500] https://iitj.ac.in/schools/en/phd
INFO    ✓ 767 words → _schools_en_phd_a42909a1.txt
INFO  [HTML 600/1500] https://iitj.ac.in/schools/en/placement-process
INFO    ✓ 170 words → _schools_en_placement_process_22b7c7bd.txt
INFO  [HTML 601/1500] https://iitj.ac.in/m/Index/84EF8F1A-3FF6-4AF1-AD38-2913EC4FBA09?lg=en
INFO    ✓ 64 words → _m_Index_84EF8F1A_3FF6_4AF1_AD38_2913EC4FBA09_93c1008e.txt
INFO  [HTML 602/1500] https://iitj.ac.in/schools/en/fee-structure-student-intake
INFO    ✓ 331 words → _schools_en_fee_structure_student_intake_4019c34b.txt
INFO  [HTML 603/1500] https://iitj.ac.in/People/List?dept=schools&c=23b32e2c-8f6a-4ea7-876e-dfe4962714d9
WARNING    Too short (10 w), skip: https://iitj.ac.in/People/List?dept=schools&c=23b32e2c-8f6a-4ea7-876e-dfe4962714d9
INFO  [HTML 604/1500] https://iitj.ac.in/schools/en/phd-students
INFO    ✓ 138 words → _schools_en_phd_students_dc7baa61.txt
INFO  [HTML 605/1500] https://iitj.ac.in/schools/en/Minor-Programs
INFO    ✓ 493 words → _schools_en_Minor_Programs_9b034fd7.txt
INFO  [HTML 606/1500] https://iitj.ac.in/schools/en/faq-1
INFO    ✓ 744 words → _schools_en_faq_1_6ec4f3f1.txt
INFO  [HTML 607/1500] https://iitj.ac.in/schools/en/School-of-Management-&-Entrepreneurship
INFO    ✓ 584 words → schools_en_School_of_Management___Entrepreneurship_5e8dc6dd.txt
INFO  [HTML 608/1500] https://iitj.ac.in/schools/en/eligibility-criteria-and-selection-process
INFO    ✓ 1,185 words → ools_en_eligibility_criteria_and_selection_process_6e52a786.txt
INFO  [HTML 609/1500] https://iitj.ac.in/m/Index/schools-master of business administration?lg=hi
WARNING    Too short (0 w), skip: https://iitj.ac.in/m/Index/schools-master of business administration?lg=hi
INFO  [HTML 610/1500] https://iitj.ac.in/m/Index/schools-master of business administration?lg=en
INFO    ✓ 76 words → _m_Index_schools_master_of_business_administration_aefd1e81.txt
INFO  [HTML 611/1500] https://iitj.ac.in/schools/en/contact
INFO    ✓ 133 words → _schools_en_contact_8ae437bd.txt
INFO  [HTML 612/1500] https://iitj.ac.in/m/Index/schools-executive-program?lg=en
INFO    ✓ 64 words → _m_Index_schools_executive_program_04d54efd.txt
INFO  [HTML 613/1500] https://iitj.ac.in/schools/en/placement-brochure
INFO    ✓ 112 words → _schools_en_placement_brochure_4d5db9fb.txt
INFO  [HTML 614/1500] https://iitj.ac.in/schools/en/mission-vision
INFO    ✓ 316 words → _schools_en_mission_vision_826d2dd0.txt
INFO  [HTML 615/1500] https://iitj.ac.in/main/en/events?dsl=2&dslID=11101c33-1810-4d4d-a9b5-1bcc488ef6ba
INFO    ✓ 175 words → _main_en_events_f4ec6f24.txt
INFO  [HTML 616/1500] https://iitj.ac.in/main/en/events?dsl=2&dslID=35aab9b8-60e9-4582-a97a-39d5cf1c538f
INFO    ✓ 304 words → _main_en_events_a16cd35c.txt
INFO  [HTML 617/1500] https://iitj.ac.in/main/en/events?dsl=2&dslID=05f6a269-250b-4f3a-b677-a94373e17679
INFO    ✓ 112 words → _main_en_events_b7da25d9.txt
INFO  [HTML 618/1500] https://iitj.ac.in/main/en/events?dsl=2&dslID=b6f757d3-431b-4b51-af30-ffabc5e5dfcc
INFO    ✓ 108 words → _main_en_events_c2058b45.txt
INFO  [HTML 619/1500] https://iitj.ac.in/main/en/events?dsl=2&dslID=954cc52b-ed5e-4554-a610-f1db8668ac8b
INFO    ✓ 108 words → _main_en_events_a0f93b05.txt
INFO  [HTML 620/1500] https://iitj.ac.in/main/en/events?dsl=1&dslArchive=1
INFO    ✓ 74 words → _main_en_events_6cdf9a5f.txt
INFO  [HTML 621/1500] https://iitj.ac.in/main/en/events?dsl=2&dslID=33052fbe-3def-4ab2-b16c-d3e7f1c0e912
INFO    ✓ 100 words → _main_en_events_3b1f0353.txt
INFO  [HTML 622/1500] https://iitj.ac.in/main/en/events?dsl=2&dslID=dcaf0a39-2abf-443c-8b62-b57af3717766
INFO    ✓ 115 words → _main_en_events_374f4fad.txt
INFO  [HTML 623/1500] https://iitj.ac.in/main/en/events?dsl=2&dslID=9577ad52-5cfd-4ef8-b3a0-4941aa73bb74
INFO    ✓ 84 words → _main_en_events_91e7fc7e.txt
INFO  [HTML 624/1500] https://iitj.ac.in/main/en/events?dsl=2&dslID=4a902212-3426-4504-8788-31ec59195276
INFO    ✓ 115 words → _main_en_events_43f3e397.txt
INFO  [HTML 625/1500] https://iitj.ac.in/office-of-deputy-director/en/contact
INFO    ✓ 85 words → _office_of_deputy_director_en_contact_01b541f5.txt
INFO  [HTML 626/1500] https://iitj.ac.in/Main/en/Deputy-Director
INFO    ✓ 89 words → _Main_en_Deputy_Director_57a51dc9.txt
INFO  [HTML 627/1500] https://iitj.ac.in/crf/en/booking-for-internal-sample
INFO    ✓ 627 words → _crf_en_booking_for_internal_sample_0fd67554.txt
INFO  [HTML 628/1500] https://iitj.ac.in/crf/en/publications
INFO    ✓ 2,413 words → _crf_en_publications_b8301ad1.txt
INFO  [HTML 629/1500] https://iitj.ac.in/People?dept=crf
WARNING    Too short (9 w), skip: https://iitj.ac.in/People?dept=crf
INFO  [HTML 630/1500] https://iitj.ac.in/crf/en/academic-users
INFO    ✓ 314 words → _crf_en_academic_users_1cefeec8.txt
INFO  [HTML 631/1500] https://iitj.ac.in/crf/en/coordination-committee
INFO    ✓ 195 words → _crf_en_coordination_committee_28eda67c.txt
INFO  [HTML 632/1500] https://iitj.ac.in/crf/en/booking-for-external-sample
INFO    ✓ 302 words → _crf_en_booking_for_external_sample_c3d40cfa.txt
INFO  [HTML 633/1500] https://iitj.ac.in/crf/en/contact
INFO    ✓ 102 words → _crf_en_contact_7efebdc2.txt
INFO  [HTML 634/1500] https://iitj.ac.in/crf/en/industry-users
INFO    ✓ 165 words → _crf_en_industry_users_dfcbfbc0.txt
INFO  [HTML 635/1500] https://iitj.ac.in/crf/en/instruments
INFO    ✓ 179 words → _crf_en_instruments_2deb1ee3.txt
INFO  [HTML 636/1500] https://marudhara.iitj.ac.in/
INFO    ✓ 174 words → __7e5bae2b.txt
INFO  [HTML 637/1500] https://jckif.iitj.ac.in/
WARNING    HTML fetch failed https://jckif.iitj.ac.in/: HTTPSConnectionPool(host='jckif.iitj.ac.in', port=443): Max retries exceeded with url: / (Caused by SSLError(SSLCertVerificationError(1, '[SSL: CERTIFICATE_VERIFY_FAILED] certificate verify failed: unable to get local issuer certificate (_ssl.c:1006)')))
INFO  [HTML 638/1500] https://iitj.ac.in/tisc
INFO    ✓ 430 words → _tisc_6538f099.txt
INFO  [HTML 639/1500] https://iitj.ac.in/m/Index/FF2A6213-1EB5-4F80-9462-0710941BF418?lg=en
INFO    ✓ 68 words → _m_Index_FF2A6213_1EB5_4F80_9462_0710941BF418_1e8d4410.txt
INFO  [HTML 640/1500] https://www.iitj.ac.in/m/Index/company-oversight?lg=en
INFO    ✓ 86 words → _m_Index_company_oversight_4e8103a9.txt
INFO  [HTML 641/1500] https://iitj.ac.in/dia-coe/
INFO    ✓ 352 words → _dia_coe__4f89bcb0.txt
INFO  [HTML 642/1500] https://iitj.ac.in/m/Index/3FEDC1FD-0382-4B45-A383-E0F4F628FAF3?lg=en
INFO    ✓ 86 words → _m_Index_3FEDC1FD_0382_4B45_A383_E0F4F628FAF3_251aabeb.txt
INFO  [HTML 643/1500] http://swc.iitj.ac.in/counsellors_team.php
INFO    ✓ 152 words → _counsellors_team_php_27e278ed.txt
INFO  [HTML 644/1500] http://swc.iitj.ac.in/orientation.php
INFO    ✓ 774 words → _orientation_php_caf827cb.txt
INFO  [HTML 645/1500] http://iitj.ac.in/
INFO    ✓ 472 words → __2a38622c.txt
INFO  [HTML 646/1500] http://swc.iitj.ac.in/fiesta.php
INFO    ✓ 194 words → _fiesta_php_7e58a945.txt
INFO  [HTML 647/1500] http://home.iitj.ac.in/~ankitasharma
WARNING    HTML fetch failed http://home.iitj.ac.in/~ankitasharma: 403 Client Error: Forbidden for url: https://home.iitj.ac.in/
INFO  [HTML 648/1500] http://swc.iitj.ac.in/general_faqs.php
INFO    ✓ 1,945 words → _general_faqs_php_af53fd91.txt
INFO  [HTML 649/1500] http://swc.iitj.ac.in/cs_team_ug_2024.php
INFO    ✓ 921 words → _cs_team_ug_2024_php_59a012b0.txt
INFO  [HTML 650/1500] http://swc.iitj.ac.in/activities_pmr.php
INFO    ✓ 2,593 words → _activities_pmr_php_2c4db4cc.txt
INFO  [HTML 651/1500] http://swc.iitj.ac.in/cs_team_ug_2025.php
INFO    ✓ 896 words → _cs_team_ug_2025_php_7b0504d4.txt
INFO  [HTML 652/1500] http://swc.iitj.ac.in/festivals.php
INFO    ✓ 785 words → _festivals_php_f9732acc.txt
INFO  [HTML 653/1500] http://swc.iitj.ac.in/cs_team_pg_2025.php
INFO    ✓ 502 words → _cs_team_pg_2025_php_4e1f8743.txt
INFO  [HTML 654/1500] http://academic.iitj.ac.in/?page_id=528
WARNING    HTML fetch failed http://academic.iitj.ac.in/?page_id=528: HTTPConnectionPool(host='academic.iitj.ac.in', port=80): Max retries exceeded with url: /?page_id=528 (Caused by NameResolutionError("<urllib3.connection.HTTPConnection object at 0x7f82fe994850>: Failed to resolve 'academic.iitj.ac.in' ([Errno -2] Name or service not known)"))
INFO  [HTML 655/1500] http://swc.iitj.ac.in/bus_schedule.php
WARNING    Too short (0 w), skip: http://swc.iitj.ac.in/bus_schedule.php
INFO  [HTML 656/1500] http://swc.iitj.ac.in/map/index.html
WARNING    Too short (12 w), skip: http://swc.iitj.ac.in/map/index.html
INFO  [HTML 657/1500] http://swc.iitj.ac.in/hostel.php
INFO    ✓ 72 words → _hostel_php_abd9baa2.txt
INFO  [HTML 658/1500] http://swc.iitj.ac.in/registration_faqs.php
INFO    ✓ 261 words → _registration_faqs_php_b994e862.txt
INFO  [HTML 659/1500] http://swc.iitj.ac.in/orientation_formal.php
INFO    ✓ 273 words → _orientation_formal_php_7c493234.txt
INFO  [HTML 660/1500] http://swc.iitj.ac.in/student_exp.php
INFO    ✓ 813 words → _student_exp_php_4dd6c41b.txt
INFO  [HTML 661/1500] http://swc.iitj.ac.in/mr_msfreshers.php
INFO    ✓ 227 words → _mr_msfreshers_php_f09cd645.txt
INFO  [HTML 662/1500] http://swc.iitj.ac.in/hostel_mess_faqs.php
INFO    ✓ 335 words → _hostel_mess_faqs_php_5660a9ee.txt
INFO  [HTML 663/1500] http://swc.iitj.ac.in/misc_faqs.php
INFO    ✓ 715 words → _misc_faqs_php_ec443d9d.txt
INFO  [HTML 664/1500] http://swc.iitj.ac.in/gallery.php
WARNING    Too short (5 w), skip: http://swc.iitj.ac.in/gallery.php
INFO  [HTML 665/1500] http://swc.iitj.ac.in/freshers_grp_performance.php
INFO    ✓ 661 words → _freshers_grp_performance_php_fc5f1020.txt
INFO  [HTML 666/1500] http://swc.iitj.ac.in/index.php
INFO    ✓ 268 words → _index_php_bc07e8d8.txt
INFO  [HTML 667/1500] http://swc.iitj.ac.in/faculty_advisors.php
INFO    ✓ 130 words → _faculty_advisors_php_1afb4aa6.txt
INFO  [HTML 668/1500] http://spc.iitj.ac.in/
WARNING    HTML fetch failed http://spc.iitj.ac.in/: HTTPSConnectionPool(host='spc.iitj.ac.in', port=443): Max retries exceeded with url: / (Caused by SSLError(SSLCertVerificationError(1, '[SSL: CERTIFICATE_VERIFY_FAILED] certificate verify failed: unable to get local issuer certificate (_ssl.c:1006)')))
INFO  [HTML 669/1500] http://swc.iitj.ac.in/academics_faqs.php
INFO    ✓ 667 words → _academics_faqs_php_7b114a1c.txt
INFO  [HTML 670/1500] https://iitj.ac.in/techscape/en/all-issues
INFO    ✓ 108 words → _techscape_en_all_issues_eb3a0a77.txt
INFO  [HTML 671/1500] https://iitj.ac.in/techscape
INFO    ✓ 364 words → _techscape_81d5c4a3.txt
INFO  [HTML 672/1500] https://iitj.ac.in/techscape/en/Information-for-Authors
INFO    ✓ 1,163 words → _techscape_en_Information_for_Authors_769b4bf5.txt
INFO  [HTML 673/1500] https://iitj.ac.in/techscape/en/editorial-board
INFO    ✓ 377 words → _techscape_en_editorial_board_76ce6930.txt
INFO  [HTML 674/1500] https://iitj.ac.in/techscape/en/information-for-authors
INFO    ✓ 1,163 words → _techscape_en_information_for_authors_14472842.txt
INFO  [HTML 675/1500] https://iitj.ac.in/techscape/vol05/issue01/
WARNING    Too short (9 w), skip: https://iitj.ac.in/techscape/vol05/issue01/
INFO  [HTML 676/1500] https://iitj.ac.in/techscape/en/contact
INFO    ✓ 108 words → _techscape_en_contact_8fe584d6.txt
INFO  [HTML 677/1500] https://iitj.ac.in/office-of-executive-education/en/registration
INFO    ✓ 1,199 words → _office_of_executive_education_en_registration_b143d417.txt
INFO  [HTML 678/1500] https://iitj.ac.in/office-of-executive-education/en/contact
INFO    ✓ 91 words → _office_of_executive_education_en_contact_40ef43d0.txt
INFO  [HTML 679/1500] https://iitj.ac.in/office-of-executive-education/en/operational-model
INFO    ✓ 217 words → office_of_executive_education_en_operational_model_08e82ebf.txt
INFO  [HTML 680/1500] https://iitj.ac.in/office-of-executive-education/en/program-delivery-infrastructure
INFO    ✓ 475 words → utive_education_en_program_delivery_infrastructure_9c31c218.txt
INFO  [HTML 681/1500] https://iitj.ac.in/office-of-executive-education/en/industry-collaboration-strategic-partnerships
INFO    ✓ 77 words → n_en_industry_collaboration_strategic_partnerships_5d368b1c.txt
INFO  [HTML 682/1500] https://iitj.ac.in/office-of-executive-education/en/program-portfolio
INFO    ✓ 694 words → office_of_executive_education_en_program_portfolio_92c67b78.txt
INFO  [HTML 683/1500] https://iitj.ac.in/office-of-executive-education/hi/office-of-executive-education
WARNING    Too short (9 w), skip: https://iitj.ac.in/office-of-executive-education/hi/office-of-executive-education
INFO  [HTML 684/1500] https://iitj.ac.in/office-of-executive-education/en/news-updates
INFO    ✓ 73 words → _office_of_executive_education_en_news_updates_edf19908.txt
INFO  [HTML 685/1500] https://iitj.ac.in/office-of-executive-education/en/testimonials
INFO    ✓ 68 words → _office_of_executive_education_en_testimonials_704cccec.txt
INFO  [HTML 686/1500] https://iitj.ac.in/office-of-executive-education/en/executive-alumni-network-lifelong-learning
INFO    ✓ 119 words → tion_en_executive_alumni_network_lifelong_learning_bc5f6fbf.txt
INFO  [HTML 687/1500] https://iitj.ac.in/office-of-executive-education/en/faculty
INFO    ✓ 354 words → _office_of_executive_education_en_faculty_3e971333.txt
INFO  [HTML 688/1500] https://iitj.ac.in/hindi-cell/hi/hindi-cell
WARNING    Too short (9 w), skip: https://iitj.ac.in/hindi-cell/hi/hindi-cell
INFO  [HTML 689/1500] https://iitj.ac.in/office-of-accounts/en/Accounts-Home
INFO    ✓ 300 words → _office_of_accounts_en_Accounts_Home_4e32d20d.txt
INFO  [HTML 690/1500] https://iitj.ac.in/Office-of-Administration/en/Office-of-Administration
INFO    ✓ 546 words → fice_of_Administration_en_Office_of_Administration_1005e486.txt
INFO  [HTML 691/1500] https://iitj.ac.in/centre-for-continuing-education/en/centre-for-continuing-education
INFO    ✓ 222 words → nuing_education_en_centre_for_continuing_education_b0f2a052.txt
INFO  [HTML 692/1500] https://iitj.ac.in/office-of-international-relations/en/office-of-international-relations
INFO    ✓ 491 words → nal_relations_en_office_of_international_relations_e9d7e7b9.txt
INFO  [HTML 693/1500] https://iitj.ac.in/office-of-establishment-e-I/en/Office-of-Establishment-(E-I)
INFO    ✓ 293 words → establishment_e_I_en_Office_of_Establishment__E_I__caf448c0.txt
INFO  [HTML 694/1500] https://iitj.ac.in/rti-cell/en/rti-cell
INFO    ✓ 290 words → _rti_cell_en_rti_cell_4f9ee45a.txt
INFO  [HTML 695/1500] https://iitj.ac.in/office-of-alumni-affairs/en/Office-of-Alumni-Affairs
INFO    ✓ 278 words → fice_of_alumni_affairs_en_Office_of_Alumni_Affairs_3ff5c72a.txt
INFO  [HTML 696/1500] https://iitj.ac.in/office-of-director/en/Office-of-Director
INFO    ✓ 455 words → _office_of_director_en_Office_of_Director_67e557ca.txt
INFO  [HTML 697/1500] https://iitj.ac.in/legal-cell/en/Legal-Cell
INFO    ✓ 264 words → _legal_cell_en_Legal_Cell_8d9af7d2.txt
INFO  [HTML 698/1500] https://iitj.ac.in/vtu/en/vtu
INFO    ✓ 174 words → _vtu_en_vtu_b7dc4be1.txt
INFO  [HTML 699/1500] https://iitj.ac.in/Office-of-Deputy-Director/en/Office-of-Deputy-Director
INFO    ✓ 116 words → ce_of_Deputy_Director_en_Office_of_Deputy_Director_d69301a2.txt
INFO  [HTML 700/1500] https://iitj.ac.in/m/Index/36046C31-E4D5-49F8-A527-1B2C71AC5752?lg=en
INFO    ✓ 185 words → _m_Index_36046C31_E4D5_49F8_A527_1B2C71AC5752_cf9bb0f1.txt
INFO  [HTML 701/1500] https://iitj.ac.in/office-of-registrar/en/Office-of-Registrar
INFO    ✓ 225 words → _office_of_registrar_en_Office_of_Registrar_94f69d6b.txt
INFO  [HTML 702/1500] https://iitj.ac.in/office-of-training-and-placement/en/Office-of-Training-and-Placement
INFO    ✓ 354 words → _and_placement_en_Office_of_Training_and_Placement_f80d9d60.txt
INFO  [HTML 703/1500] https://iitj.ac.in/office-of-iitj-connect-pro/en/office-of-iitj-connect-pro
INFO    ✓ 293 words → _of_iitj_connect_pro_en_office_of_iitj_connect_pro_0bada5bf.txt
INFO  [HTML 704/1500] https://iitj.ac.in/office-of-infrastructure-engineering/en/Office-of-Infrastructure-Engineering
INFO    ✓ 215 words → ngineering_en_Office_of_Infrastructure_Engineering_ddf0f69a.txt
INFO  [HTML 705/1500] https://iitj.ac.in/dora/en/dora
INFO    ✓ 430 words → _dora_en_dora_86a69a62.txt
INFO  [HTML 706/1500] https://iitj.ac.in/office-of-estate/en/Office-of-Estate
INFO    ✓ 342 words → _office_of_estate_en_Office_of_Estate_868c2a04.txt
INFO  [HTML 707/1500] https://iitj.ac.in/lf/en/lf
INFO    ✓ 176 words → _lf_en_lf_88d89a34.txt
INFO  [HTML 708/1500] https://iitj.ac.in/office-of-internal-audit/en/Office-of-Internal-Audit
INFO    ✓ 407 words → fice_of_internal_audit_en_Office_of_Internal_Audit_826abcef.txt
INFO  [HTML 709/1500] https://iitj.ac.in/People/List?dept=chemical-engineering&c=5d7f9d14-e38b-4860-9029-0208fc12b899&ln=en
WARNING    Too short (7 w), skip: https://iitj.ac.in/People/List?dept=chemical-engineering&c=5d7f9d14-e38b-4860-9029-0208fc12b899&ln=en
INFO  [HTML 710/1500] https://iitj.ac.in/People/List?dept=physics&c=05491c37-c674-4509-8f97-b600cc67b9d5&ln=en
WARNING    Too short (6 w), skip: https://iitj.ac.in/People/List?dept=physics&c=05491c37-c674-4509-8f97-b600cc67b9d5&ln=en
INFO  [HTML 711/1500] https://iitj.ac.in/People/List?dept=school-of-liberal-arts&c=5d7f9d14-e38b-4860-9029-0208fc12b899&ln=en
WARNING    Too short (9 w), skip: https://iitj.ac.in/People/List?dept=school-of-liberal-arts&c=5d7f9d14-e38b-4860-9029-0208fc12b899&ln=en
INFO  [HTML 712/1500] https://iitj.ac.in/People/List?dept=medical-technologies&c=5d7f9d14-e38b-4860-9029-0208fc12b899&ln=en
WARNING    Too short (7 w), skip: https://iitj.ac.in/People/List?dept=medical-technologies&c=5d7f9d14-e38b-4860-9029-0208fc12b899&ln=en
INFO  [HTML 713/1500] https://iitj.ac.in/anti-sexual-harassment-policy/en/guidelines
INFO    ✓ 102 words → _anti_sexual_harassment_policy_en_guidelines_1eb42889.txt
INFO  [HTML 714/1500] https://iitj.ac.in/anti-sexual-harassment-policy/en/how-to-make-a-complaint
INFO    ✓ 159 words → exual_harassment_policy_en_how_to_make_a_complaint_eb77ce15.txt
INFO  [HTML 715/1500] https://iitj.ac.in/anti-sexual-harassment-policy/en/what-can-be-termed-as-sexual-harassment
INFO    ✓ 155 words → _policy_en_what_can_be_termed_as_sexual_harassment_e9a8c501.txt
INFO  [HTML 716/1500] https://iitj.ac.in/anti-sexual-harassment-policy/en/people
INFO    ✓ 193 words → _anti_sexual_harassment_policy_en_people_3a4ec4f6.txt
INFO  [HTML 717/1500] https://iitj.ac.in/anti-sexual-harassment-policy/en/important-contacts
INFO    ✓ 75 words → nti_sexual_harassment_policy_en_important_contacts_fb5b24c0.txt
INFO  [HTML 718/1500] https://iitj.ac.in/anti-sexual-harassment-policy/en/suggestions
INFO    ✓ 77 words → _anti_sexual_harassment_policy_en_suggestions_bd913455.txt
INFO  [HTML 719/1500] https://iitj.ac.in/Main/en/Minutes-of-the-Meetings
INFO    ✓ 691 words → _Main_en_Minutes_of_the_Meetings_0fd0a188.txt
INFO  [HTML 720/1500] https://iitj.ac.in/institute-repository/en/brochure
INFO    ✓ 123 words → _institute_repository_en_brochure_75b8aa6f.txt
INFO  [HTML 721/1500] https://iitj.ac.in/institute-repository/en/institute-repository
INFO    ✓ 77 words → _institute_repository_en_institute_repository_6717bd45.txt
INFO  [HTML 722/1500] https://iitj.ac.in/institute-repository/en/Vanguard-Lectures
INFO    ✓ 234 words → _institute_repository_en_Vanguard_Lectures_e7da13c9.txt
INFO  [HTML 723/1500] https://iitj.ac.in/institute-repository/en/Newsletter
INFO    ✓ 66 words → _institute_repository_en_Newsletter_607566ab.txt
INFO  [HTML 724/1500] https://iitj.ac.in/Main/en/Minutes-of-the-Meetings-Senate
INFO    ✓ 621 words → _Main_en_Minutes_of_the_Meetings_Senate_8b48f62f.txt
INFO  [HTML 725/1500] https://iitj.ac.in/computer-science-engineering
INFO    ✓ 680 words → _computer_science_engineering_ea15907d.txt
INFO  [HTML 726/1500] https://iitj.ac.in/chemistry
INFO    ✓ 636 words → _chemistry_29c66927.txt
INFO  [HTML 727/1500] https://iitj.ac.in/physics
INFO    ✓ 972 words → _physics_75091315.txt
INFO  [HTML 728/1500] https://iitj.ac.in/faculty-positions/en/applicant's-qualifications
INFO    ✓ 413 words → _faculty_positions_en_applicant_s_qualifications_82f050aa.txt
INFO  [HTML 729/1500] https://iitj.ac.in/faculty-positions/en/scale-of-pay
INFO    ✓ 195 words → _faculty_positions_en_scale_of_pay_4f8f8220.txt
INFO  [HTML 730/1500] https://iitj.ac.in/school-of-liberal-arts
INFO    ✓ 851 words → _school_of_liberal_arts_0d15a450.txt
INFO  [HTML 731/1500] https://iitj.ac.in/metallurgical-and-materials-engineering
INFO    ✓ 573 words → _metallurgical_and_materials_engineering_8e9a76af.txt
INFO  [HTML 732/1500] https://iitj.ac.in/mechanical-engineering
INFO    ✓ 576 words → _mechanical_engineering_e3808fe3.txt
INFO  [HTML 733/1500] https://erponline.iitj.ac.in/Jobs/auth/facapps.htm
WARNING    HTML fetch failed https://erponline.iitj.ac.in/Jobs/auth/facapps.htm: HTTPSConnectionPool(host='erponline.iitj.ac.in', port=443): Max retries exceeded with url: /Jobs/auth/facapps.htm (Caused by SSLError(SSLCertVerificationError(1, '[SSL: CERTIFICATE_VERIFY_FAILED] certificate verify failed: unable to get local issuer certificate (_ssl.c:1006)')))
INFO  [HTML 734/1500] https://iitj.ac.in/chemical-engineering
INFO    ✓ 539 words → _chemical_engineering_677b2284.txt
INFO  [HTML 735/1500] https://iitj.ac.in/schools
INFO    ✓ 584 words → _schools_9f59294a.txt
INFO  [HTML 736/1500] https://iitj.ac.in/school-of-design
INFO    ✓ 475 words → _school_of_design_4d2e9d09.txt
INFO  [HTML 737/1500] https://iitj.ac.in/mathematics
INFO    ✓ 610 words → _mathematics_3729a0a8.txt
INFO  [HTML 738/1500] https://iitj.ac.in/faculty-positions/en/general-instructions-to-applicants
INFO    ✓ 389 words → ty_positions_en_general_instructions_to_applicants_58ae63b5.txt
INFO  [HTML 739/1500] https://iitj.ac.in/electrical-engineering
INFO    ✓ 549 words → _electrical_engineering_d2ed80b0.txt
INFO  [HTML 740/1500] https://iitj.ac.in/civil-and-infrastructure-engineering
INFO    ✓ 732 words → _civil_and_infrastructure_engineering_43d84fb5.txt
INFO  [HTML 741/1500] https://iitj.ac.in/sst
INFO    ✓ 404 words → _sst_4a8ef1b8.txt
INFO  [HTML 742/1500] https://iitj.ac.in/iot
INFO    ✓ 458 words → _iot_06ab98d2.txt
INFO  [HTML 743/1500] https://iitj.ac.in/m/Index/1AFA243F-2CF8-49EC-B8C3-E00F3AD1627D?lg=en
INFO    ✓ 80 words → _m_Index_1AFA243F_2CF8_49EC_B8C3_E00F3AD1627D_0e610b97.txt
INFO  [HTML 744/1500] https://iitj.ac.in/dh
INFO    ✓ 339 words → _dh_a38279f6.txt
INFO  [HTML 745/1500] https://iitj.ac.in/qic
INFO    ✓ 257 words → _qic_1ac4f961.txt
INFO  [HTML 746/1500] https://iitj.ac.in/cdh
INFO    ✓ 515 words → _cdh_12e4334e.txt
INFO  [HTML 747/1500] https://iitj.ac.in/rm
INFO    ✓ 207 words → _rm_abb41cf3.txt
INFO  [HTML 748/1500] https://library.iitj.ac.in/staticBackdrop3
WARNING    HTML fetch failed https://library.iitj.ac.in/staticBackdrop3: 404 Client Error: Not Found for url: https://library.iitj.ac.in/staticBackdrop3
INFO  [HTML 749/1500] https://library.iitj.ac.in/ssp/subjects/databases.php?letter=bytype&type=eBooks
INFO    ✓ 179 words → _ssp_subjects_databases_php_1694bb87.txt
INFO  [HTML 750/1500] https://library.iitj.ac.in/video_guide.html
INFO    ✓ 108 words → _video_guide_html_6481620e.txt
INFO  [HTML 751/1500] https://library.iitj.ac.in/ssp/subjects/databases.php?letter=All
INFO    ✓ 2,606 words → _ssp_subjects_databases_php_32d3cbb1.txt
INFO  [HTML 752/1500] https://library.iitj.ac.in/staticBackdrop4
WARNING    HTML fetch failed https://library.iitj.ac.in/staticBackdrop4: 404 Client Error: Not Found for url: https://library.iitj.ac.in/staticBackdrop4
INFO  [HTML 753/1500] https://library.iitj.ac.in/qrcodes.html
WARNING    Too short (21 w), skip: https://library.iitj.ac.in/qrcodes.html
INFO  [HTML 754/1500] https://library.iitj.ac.in/events.php
WARNING    Too short (0 w), skip: https://library.iitj.ac.in/events.php
INFO  [HTML 755/1500] https://library.iitj.ac.in/ssp/subjects/databases.php?letter=bytype&type=archive
INFO    ✓ 437 words → _ssp_subjects_databases_php_ae9660ba.txt
INFO  [HTML 756/1500] https://library.iitj.ac.in/staticBackdrop5
WARNING    HTML fetch failed https://library.iitj.ac.in/staticBackdrop5: 404 Client Error: Not Found for url: https://library.iitj.ac.in/staticBackdrop5
INFO  [HTML 757/1500] https://library.iitj.ac.in/ssp/subjects/databases.php?letter=bytype&type=Research_Support_Tools
INFO    ✓ 106 words → _ssp_subjects_databases_php_5c7c4f29.txt
INFO  [HTML 758/1500] https://libraryopac.iitj.ac.in/
WARNING    HTML fetch failed https://libraryopac.iitj.ac.in/: HTTPSConnectionPool(host='libraryopac.iitj.ac.in', port=443): Max retries exceeded with url: / (Caused by SSLError(SSLCertVerificationError(1, '[SSL: CERTIFICATE_VERIFY_FAILED] certificate verify failed: unable to get local issuer certificate (_ssl.c:1006)')))
INFO  [HTML 759/1500] https://ir.iitj.ac.in/home
INFO    ✓ 2,436 words → _home_60f1a1f0.txt
INFO  [HTML 760/1500] https://libraryopac.iitj.ac.in:8000
WARNING    HTML fetch failed https://libraryopac.iitj.ac.in:8000: HTTPSConnectionPool(host='libraryopac.iitj.ac.in', port=8000): Max retries exceeded with url: / (Caused by ConnectTimeoutError(<urllib3.connection.HTTPSConnection object at 0x7f8300ffccd0>, 'Connection to libraryopac.iitj.ac.in timed out. (connect timeout=15)'))
INFO  [HTML 761/1500] https://library.iitj.ac.in/assets/Library App/Mobile App/SRRLH.apk
INFO  [HTML 762/1500] https://library.iitj.ac.in/ssp/subjects/guide.php?subject=RG
INFO    ✓ 3,983 words → _ssp_subjects_guide_php_a36e8229.txt
INFO  [HTML 763/1500] https://library.iitj.ac.in/ssp/subjects/databases.php?letter=bytype&type=Magazines
INFO    ✓ 220 words → _ssp_subjects_databases_php_5993df4a.txt
INFO  [HTML 764/1500] https://library.iitj.ac.in/ssp/subjects/guide.php?subject=OER
INFO    ✓ 1,256 words → _ssp_subjects_guide_php_a49e53bb.txt
INFO  [HTML 765/1500] https://librdv.iitj.ac.in/dashboard.py/
WARNING    HTML fetch failed https://librdv.iitj.ac.in/dashboard.py/: HTTPSConnectionPool(host='librdv.iitj.ac.in', port=443): Read timed out. (read timeout=15)
INFO  [HTML 766/1500] https://erp.iitj.ac.in
WARNING    Too short (13 w), skip: https://erp.iitj.ac.in
INFO  [HTML 767/1500] https://library.iitj.ac.in/ssp/subjects/faq.php
INFO    ✓ 861 words → _ssp_subjects_faq_php_ab5615ef.txt
INFO  [HTML 768/1500] https://library.iitj.ac.in/ssp/subjects/databases.php?letter=bytype&type=Research_Database
INFO    ✓ 576 words → _ssp_subjects_databases_php_1c5f8f5f.txt
INFO  [HTML 769/1500] https://iitj.ac.in/schools/hi/cat-cut-offs
WARNING    Too short (9 w), skip: https://iitj.ac.in/schools/hi/cat-cut-offs
INFO  [HTML 770/1500] https://iitj.ac.in/main/en/news?dsl=2&dslID=4100d6e8-109b-4dac-9bc9-507ea43a727d
INFO    ✓ 225 words → _main_en_news_365a5975.txt
INFO  [HTML 771/1500] https://iitj.ac.in/main/en/news?dsl=2&dslID=4cfae408-a661-456d-b259-82106d406d22
INFO    ✓ 122 words → _main_en_news_eaf7fc12.txt
INFO  [HTML 772/1500] https://iitj.ac.in/main/en/news?dsl=2&dslID=dc034f1b-9f1b-4c1e-be89-63f6ec868128
INFO    ✓ 163 words → _main_en_news_c34d1a86.txt
INFO  [HTML 773/1500] https://iitj.ac.in/main/en/news?dsl=2&dslID=066573e2-e265-4f34-8e47-275cffbf4964
INFO    ✓ 233 words → _main_en_news_5010494f.txt
INFO  [HTML 774/1500] https://iitj.ac.in/main/en/news?dsl=2&dslID=5ca0ceb8-0b9d-4b39-9dc8-5132a986b67a
INFO    ✓ 177 words → _main_en_news_0aa74407.txt
INFO  [HTML 775/1500] https://iitj.ac.in/main/en/news?dsl=1&dslArchive=1
INFO    ✓ 112 words → _main_en_news_f19e9eaf.txt
INFO  [HTML 776/1500] https://iitj.ac.in/main/en/news?dsl=2&dslID=d5070816-a49d-4275-b6ab-99bf4eb06a97
INFO    ✓ 118 words → _main_en_news_9cd2876a.txt
INFO  [HTML 777/1500] https://iitj.ac.in/main/en/news?dsl=2&dslID=f148f215-cbee-4932-bc99-422785868889
INFO    ✓ 120 words → _main_en_news_6088db16.txt
INFO  [HTML 778/1500] https://iitj.ac.in/main/en/news?dsl=2&dslID=50cb8410-2829-4b6b-a845-7499ff273f80
INFO    ✓ 171 words → _main_en_news_35ee868c.txt
INFO  [HTML 779/1500] https://iitj.ac.in/main/en/news?dsl=2&dslID=ef02db94-b6ab-4a3a-a067-c59051df42ab
INFO    ✓ 140 words → _main_en_news_ee129df1.txt
INFO  [HTML 780/1500] https://iitj.ac.in/main/en/news?dsl=2&dslID=18556b60-e96c-4721-a0e7-06f9c3ecb48e
INFO    ✓ 120 words → _main_en_news_fcdf9c11.txt
INFO  [HTML 781/1500] https://iitj.ac.in/main/en/news?dsl=2&dslID=8207e54c-f0ab-4797-a350-ee887225bb33
INFO    ✓ 235 words → _main_en_news_b7e5a0d0.txt
INFO  [HTML 782/1500] https://iitj.ac.in/main/en/news?dsl=2&dslID=cf7c9db6-174a-4ede-8ef9-d0c09fb94f60
INFO    ✓ 176 words → _main_en_news_8a74839e.txt
INFO  [HTML 783/1500] https://iitj.ac.in/main/hi/-
WARNING    Too short (9 w), skip: https://iitj.ac.in/main/hi/-
INFO  [HTML 784/1500] https://iitj.ac.in/main/en/campus-infrastructure
INFO    ✓ 471 words → _main_en_campus_infrastructure_f18eeac0.txt
INFO  [HTML 785/1500] https://iitj.ac.in/m/Index/2FF9DBA0-6F41-48FB-9E39-2EE58419FE24?lg=en
INFO    ✓ 63 words → _m_Index_2FF9DBA0_6F41_48FB_9E39_2EE58419FE24_1e8b0a7f.txt
INFO  [HTML 786/1500] https://iitj.ac.in/main/en/sustainability-policy
INFO    ✓ 868 words → _main_en_sustainability_policy_09ce74cc.txt
INFO  [HTML 787/1500] https://iitj.ac.in/People/List?dept=schools&c=cae2ac26-b7f5-4fda-9966-9a4bf16a746b&ln=en
WARNING    Too short (10 w), skip: https://iitj.ac.in/People/List?dept=schools&c=cae2ac26-b7f5-4fda-9966-9a4bf16a746b&ln=en
INFO  [HTML 788/1500] https://iitj.ac.in/People/List?dept=chemical-engineering&c=cae2ac26-b7f5-4fda-9966-9a4bf16a746b
WARNING    Too short (7 w), skip: https://iitj.ac.in/People/List?dept=chemical-engineering&c=cae2ac26-b7f5-4fda-9966-9a4bf16a746b
INFO  [HTML 789/1500] https://iitj.ac.in/office-of-students/en/PG-Orientation
INFO    ✓ 122 words → _office_of_students_en_PG_Orientation_0b44acf3.txt
INFO  [HTML 790/1500] https://iitj.ac.in/civil-and-infrastructure-engineering/en/completed-projects
INFO    ✓ 250 words → d_infrastructure_engineering_en_completed_projects_c6d1b8f6.txt
INFO  [HTML 791/1500] https://iitj.ac.in/computer-science-engineering/en/programs-for-working-professionals
INFO    ✓ 1,184 words → _engineering_en_programs_for_working_professionals_c39c01d4.txt
INFO  [HTML 792/1500] https://iitj.ac.in/computer-science-engineering/en/upcoming-talks
INFO    ✓ 69 words → _computer_science_engineering_en_upcoming_talks_77719579.txt
INFO  [HTML 793/1500] https://iitj.ac.in/mechanical-engineering/en/Research-Highlights
INFO    ✓ 58 words → _mechanical_engineering_en_Research_Highlights_066587d8.txt
INFO  [HTML 794/1500] https://iitj.ac.in/crf/en/meeting-mom's
INFO    ✓ 69 words → _crf_en_meeting_mom_s_99d9a0ae.txt
INFO  [HTML 795/1500] https://iitj.ac.in/electrical-engineering/en/nano-and-flexible-electronics
INFO    ✓ 291 words → rical_engineering_en_nano_and_flexible_electronics_8050dc8c.txt
INFO  [HTML 796/1500] https://iitj.ac.in/rcrice/en/research
INFO    ✓ 934 words → _rcrice_en_research_53f4baf0.txt
INFO  [HTML 797/1500] https://iitj.ac.in/cybersecurity/en/securitytools
INFO    ✓ 481 words → _cybersecurity_en_securitytools_7869a3e7.txt
INFO  [HTML 798/1500] https://iitj.ac.in/unnat-bharat-abhiyan/en/dci-list
INFO    ✓ 122 words → _unnat_bharat_abhiyan_en_dci_list_ad99a2e2.txt
INFO  [HTML 799/1500] https://iitj.ac.in/mechanical-engineering/en/Robotics-Lab
INFO    ✓ 67 words → _mechanical_engineering_en_Robotics_Lab_601449fa.txt
INFO  [HTML 800/1500] https://iitj.ac.in/cete/en/integrated-teaching-education-program-(itep)
INFO    ✓ 166 words → te_en_integrated_teaching_education_program__itep__7726d281.txt
INFO  [HTML 801/1500] https://iitj.ac.in/civil-and-infrastructure-engineering/en/Research-Highlights
INFO    ✓ 310 words → _infrastructure_engineering_en_Research_Highlights_b50c2a3e.txt
INFO  [HTML 802/1500] https://iitj.ac.in/cetsd/en/sfurti-cluster-iit-jodhpur-is-a-technical-agency-kvic
INFO    ✓ 370 words → rti_cluster_iit_jodhpur_is_a_technical_agency_kvic_415cce92.txt
INFO  [HTML 803/1500] https://iitj.ac.in/dia/en/news-group
INFO    ✓ 131 words → _dia_en_news_group_4e7d3c26.txt
INFO  [HTML 804/1500] https://iitj.ac.in/civil-and-infrastructure-engineering/en/patents
INFO    ✓ 77 words → _civil_and_infrastructure_engineering_en_patents_41c49d27.txt
INFO  [HTML 805/1500] https://iitj.ac.in/chemistry/en/completed-projects
INFO    ✓ 1,958 words → _chemistry_en_completed_projects_4023f4cd.txt
INFO  [HTML 806/1500] https://iitj.ac.in/school-of-artificial-intelligence-data-science/en/AI-and-Economics
INFO    ✓ 122 words → cial_intelligence_data_science_en_AI_and_Economics_7d75132c.txt
INFO  [HTML 807/1500] https://iitj.ac.in/materials-engineering/en/M.Sc-M.Tech.-Program
INFO    ✓ 510 words → _materials_engineering_en_M_Sc_M_Tech__Program_64ed3bfe.txt
INFO  [HTML 808/1500] https://iitj.ac.in/electrical-engineering/en/Research-Highlights
INFO    ✓ 165 words → _electrical_engineering_en_Research_Highlights_a240f26d.txt
INFO  [HTML 809/1500] https://iitj.ac.in/mathematics/en/program-structure
INFO    ✓ 120 words → _mathematics_en_program_structure_147d33b0.txt
INFO  [HTML 810/1500] https://iitj.ac.in/center-for-technology-foresight-and-policy/en/contact
INFO    ✓ 115 words → ter_for_technology_foresight_and_policy_en_contact_edd9e205.txt
INFO  [HTML 811/1500] https://iitj.ac.in/bachelor-of-technology/en/about-faqs
INFO    ✓ 240 words → _bachelor_of_technology_en_about_faqs_971aed51.txt
INFO  [HTML 812/1500] https://iitj.ac.in/dia-coe/en/contact
INFO    ✓ 99 words → _dia_coe_en_contact_4d1d36ca.txt
INFO  [HTML 813/1500] https://iitj.ac.in/unnat-bharat-abhiyan/en/News
INFO    ✓ 68 words → _unnat_bharat_abhiyan_en_News_12ccfbd3.txt
INFO  [HTML 814/1500] https://iitj.ac.in/gian/en/contact
INFO    ✓ 85 words → _gian_en_contact_fb3fb103.txt
INFO  [HTML 815/1500] https://iitj.ac.in/unnat-bharat-abhiyan/en/about-pi
INFO    ✓ 353 words → _unnat_bharat_abhiyan_en_about_pi_fcf8c538.txt
INFO  [HTML 816/1500] https://iitj.ac.in/electrical-engineering/en/Microelectronics-and-VLSI
INFO    ✓ 289 words → lectrical_engineering_en_Microelectronics_and_VLSI_7291fd70.txt
INFO  [HTML 817/1500] https://iitj.ac.in/office-of-academics/en/B.Tech.-Bioengineering
INFO    ✓ 261 words → _office_of_academics_en_B_Tech__Bioengineering_d52467ea.txt
INFO  [HTML 818/1500] https://iitj.ac.in/cete/en/services-training-technology-development
INFO    ✓ 338 words → _cete_en_services_training_technology_development_2e7b039f.txt
INFO  [HTML 819/1500] https://iitj.ac.in/chemical-engineering/en/curriculum
INFO    ✓ 165 words → _chemical_engineering_en_curriculum_d6796377.txt
INFO  [HTML 820/1500] https://iitj.ac.in/winter-school/en/Important-Information
INFO    ✓ 370 words → _winter_school_en_Important_Information_8b539383.txt
INFO  [HTML 821/1500] https://iitj.ac.in/school-of-artificial-intelligence-data-science/en/Smart-Cities-Infrastructure-and-Environment
INFO    ✓ 149 words → nce_en_Smart_Cities_Infrastructure_and_Environment_487538a1.txt
INFO  [HTML 822/1500] https://iitj.ac.in/office-of-international-relations/en/international-lecture
INFO    ✓ 203 words → f_international_relations_en_international_lecture_d4fb5a8a.txt
INFO  [HTML 823/1500] https://iitj.ac.in/mechanical-engineering/en/completed-projects
INFO    ✓ 201 words → _mechanical_engineering_en_completed_projects_feb4b4ba.txt
INFO  [HTML 824/1500] https://iitj.ac.in/cete/en/hybrid-classroomiitj
INFO    ✓ 154 words → _cete_en_hybrid_classroomiitj_2a9d59be.txt
INFO  [HTML 825/1500] https://iitj.ac.in/materials-engineering/en/curriculum
INFO    ✓ 186 words → _materials_engineering_en_curriculum_38830a5c.txt
INFO  [HTML 826/1500] https://iitj.ac.in/cetsd/en/experimental-plot
INFO    ✓ 103 words → _cetsd_en_experimental_plot_9302c94d.txt
INFO  [HTML 827/1500] https://iitj.ac.in/chemistry/en/doctoral-program
INFO    ✓ 494 words → _chemistry_en_doctoral_program_6cf52032.txt
INFO  [HTML 828/1500] https://iitj.ac.in/centre-for-continuing-education/en/forms
INFO    ✓ 299 words → _centre_for_continuing_education_en_forms_bd43549b.txt
INFO  [HTML 829/1500] https://iitj.ac.in/office-of-international-relations/en/for-international-students
INFO    ✓ 76 words → ernational_relations_en_for_international_students_266bce6c.txt
INFO  [HTML 830/1500] https://iitj.ac.in/cete/en/social-outreach
INFO    ✓ 249 words → _cete_en_social_outreach_87f7a86a.txt
INFO  [HTML 831/1500] https://iitj.ac.in/mechanical-engineering/en/Vibration-Laboratory
INFO    ✓ 129 words → _mechanical_engineering_en_Vibration_Laboratory_ef5f3b57.txt
INFO  [HTML 832/1500] https://iitj.ac.in/sst/en/programs
INFO    ✓ 252 words → _sst_en_programs_b728cbeb.txt
INFO  [HTML 833/1500] https://iitj.ac.in/materials-engineering/en/program-structure
INFO    ✓ 91 words → _materials_engineering_en_program_structure_54161d68.txt
INFO  [HTML 834/1500] https://iitj.ac.in/dia/en/contact
INFO    ✓ 145 words → _dia_en_contact_6117ab18.txt
INFO  [HTML 835/1500] https://iitj.ac.in/rm/en/research-area
INFO    ✓ 69 words → _rm_en_research_area_6ffdd621.txt
INFO  [HTML 836/1500] https://iitj.ac.in/gian/en/Data-Mining-for-Business-Processes
INFO    ✓ 94 words → _gian_en_Data_Mining_for_Business_Processes_c83c6a2d.txt
INFO  [HTML 837/1500] https://iitj.ac.in/dia/en/facility
INFO    ✓ 84 words → _dia_en_facility_746b6cda.txt
INFO  [HTML 838/1500] https://iitj.ac.in/jjm/en/government-school-naya-bera-tiwari
INFO    ✓ 80 words → _jjm_en_government_school_naya_bera_tiwari_17ac43bb.txt
INFO  [HTML 839/1500] https://iitj.ac.in/iot/en/contact
INFO    ✓ 89 words → _iot_en_contact_54ecffca.txt
INFO  [HTML 840/1500] https://iitj.ac.in/school-of-liberal-arts/en/Vision-and-Mission
INFO    ✓ 438 words → _school_of_liberal_arts_en_Vision_and_Mission_8cf0728a.txt
INFO  [HTML 841/1500] https://iitj.ac.in/office-of-academics/en/M.Tech-in-Cyber-Physical-Systems
INFO    ✓ 704 words → e_of_academics_en_M_Tech_in_Cyber_Physical_Systems_f6032125.txt
INFO  [HTML 842/1500] https://iitj.ac.in/centre-for-continuing-education/en/contact
INFO    ✓ 99 words → _centre_for_continuing_education_en_contact_a3a10c4d.txt
INFO  [HTML 843/1500] https://iitj.ac.in/crf/en/aas
INFO    ✓ 226 words → _crf_en_aas_86d180ac.txt
INFO  [HTML 844/1500] https://iitj.ac.in/crf/en/fs
INFO    ✓ 207 words → _crf_en_fs_7223e63c.txt
INFO  [HTML 845/1500] https://iitj.ac.in/green-cell/en/contact
INFO    ✓ 88 words → _green_cell_en_contact_16d1d55a.txt
INFO  [HTML 846/1500] https://iitj.ac.in/physics/en/post-doctoral-fellows
INFO    ✓ 113 words → _physics_en_post_doctoral_fellows_c73bc977.txt
INFO  [HTML 847/1500] https://iitj.ac.in/office-of-academics/en/academic-programs
INFO    ✓ 95 words → _office_of_academics_en_academic_programs_09fd54c4.txt
INFO  [HTML 848/1500] https://iitj.ac.in/admission-postgraduate-programs/en/mdes-xr-design-26-27
INFO    ✓ 226 words → sion_postgraduate_programs_en_mdes_xr_design_26_27_cc354df8.txt
INFO  [HTML 849/1500] https://iitj.ac.in/physics/en/technical-staff-members
INFO    ✓ 122 words → _physics_en_technical_staff_members_f2751961.txt
INFO  [HTML 850/1500] https://iitj.ac.in/computer-science-engineering/en/vision-and-ar-vr
INFO    ✓ 103 words → _computer_science_engineering_en_vision_and_ar_vr_062f7250.txt
INFO  [HTML 851/1500] https://iitj.ac.in/crf/en/rheometer
INFO    ✓ 302 words → _crf_en_rheometer_c004a62e.txt
INFO  [HTML 852/1500] https://iitj.ac.in/office-of-academics/en/B.Tech.-Chemical-Engineering
INFO    ✓ 222 words → ffice_of_academics_en_B_Tech__Chemical_Engineering_333f8c00.txt
INFO  [HTML 853/1500] https://iitj.ac.in/chemistry/en/project-staff-members
INFO    ✓ 138 words → _chemistry_en_project_staff_members_409f0b20.txt
INFO  [HTML 854/1500] https://iitj.ac.in/medical-technologies/en/news-event
INFO    ✓ 69 words → _medical_technologies_en_news_event_d677ee5f.txt
INFO  [HTML 855/1500] https://iitj.ac.in/imprint-india/en/current-activities
INFO    ✓ 84 words → _imprint_india_en_current_activities_aeea1e59.txt
INFO  [HTML 856/1500] https://iitj.ac.in/main/en/phonebook
INFO    ✓ 70 words → _main_en_phonebook_91f8a83f.txt
INFO  [HTML 857/1500] https://iitj.ac.in/cete/en/workshop-on-pedagogy-and-assessment
INFO    ✓ 269 words → _cete_en_workshop_on_pedagogy_and_assessment_2a358a0f.txt
INFO  [HTML 858/1500] https://iitj.ac.in/cetsd/en/phd-admission
INFO    ✓ 222 words → _cetsd_en_phd_admission_249d11b0.txt
INFO  [HTML 859/1500] https://iitj.ac.in/computer-science-engineering/en/teams
INFO    ✓ 77 words → _computer_science_engineering_en_teams_796e1051.txt
INFO  [HTML 860/1500] https://iitj.ac.in/school-of-liberal-arts/en/industry-connect-removed
INFO    ✓ 353 words → school_of_liberal_arts_en_industry_connect_removed_44af549e.txt
INFO  [HTML 861/1500] https://iitj.ac.in/publications/en/about-us
INFO    ✓ 262 words → _publications_en_about_us_9a2feafe.txt
INFO  [HTML 862/1500] https://iitj.ac.in/cybersecurity/en/cyberincident
INFO    ✓ 89 words → _cybersecurity_en_cyberincident_be388267.txt
INFO  [HTML 863/1500] https://iitj.ac.in/crf/en/x-ray-difractometer
INFO    ✓ 126 words → _crf_en_x_ray_difractometer_2907ae5c.txt
INFO  [HTML 864/1500] https://iitj.ac.in/cetsd/en/c-ganga
INFO    ✓ 277 words → _cetsd_en_c_ganga_fde4802a.txt
INFO  [HTML 865/1500] https://iitj.ac.in/computer-science-engineering/en/students-presentation
INFO    ✓ 69 words → puter_science_engineering_en_students_presentation_801dceb8.txt
INFO  [HTML 866/1500] https://iitj.ac.in/electrical-engineering/en/Computing-Systems
INFO    ✓ 142 words → _electrical_engineering_en_Computing_Systems_25326dfa.txt
INFO  [HTML 867/1500] https://iitj.ac.in/winter-school/en/Archive
INFO    ✓ 88 words → _winter_school_en_Archive_a3a592a5.txt
INFO  [HTML 868/1500] https://iitj.ac.in/office-of-alumni-affairs/en/Contact
INFO    ✓ 85 words → _office_of_alumni_affairs_en_Contact_a25486da.txt
INFO  [HTML 869/1500] https://iitj.ac.in/chemistry/en/hrms
INFO    ✓ 72 words → _chemistry_en_hrms_222b2ab9.txt
INFO  [HTML 870/1500] https://iitj.ac.in/rcrice/en/news-announcements
INFO    ✓ 122 words → _rcrice_en_news_announcements_ed08b054.txt
INFO  [HTML 871/1500] https://iitj.ac.in/jjm/en/government-school-kumta-kshetra-chain-singh-nagar
INFO    ✓ 84 words → _government_school_kumta_kshetra_chain_singh_nagar_a04f8365.txt
INFO  [HTML 872/1500] https://iitj.ac.in/office-of-academics/en/M.Tech.-–-Ph.D.
INFO    ✓ 73 words → _office_of_academics_en_M_Tech____Ph_D__33094579.txt
INFO  [HTML 873/1500] https://iitj.ac.in/schools/en/spotlight-archives
INFO    ✓ 144 words → _schools_en_spotlight_archives_6e9f9e16.txt
INFO  [HTML 874/1500] https://iitj.ac.in/cybersecurity/en/securityalerts
INFO    ✓ 1,904 words → _cybersecurity_en_securityalerts_0f7e8f6f.txt
INFO  [HTML 875/1500] https://iitj.ac.in/computer-science-engineering/en/undergraduate-programs
INFO    ✓ 555 words → uter_science_engineering_en_undergraduate_programs_e6373937.txt
INFO  [HTML 876/1500] https://iitj.ac.in/cete/en/khel-khel-mein-vigyan-stem-storybooks
INFO    ✓ 380 words → _cete_en_khel_khel_mein_vigyan_stem_storybooks_9843b9ee.txt
INFO  [HTML 877/1500] https://iitj.ac.in/download?dept=office-of-registrar&c=Notification-1
WARNING    Too short (5 w), skip: https://iitj.ac.in/download?dept=office-of-registrar&c=Notification-1
INFO  [HTML 878/1500] https://iitj.ac.in/unnat-bharat-abhiyan/en/pi-list
INFO    ✓ 69 words → _unnat_bharat_abhiyan_en_pi_list_398bbfd3.txt
INFO  [HTML 879/1500] https://iitj.ac.in/office-of-training-and-placement/en/office-of-training-and-placement
INFO    ✓ 354 words → _and_placement_en_office_of_training_and_placement_80de7503.txt
INFO  [HTML 880/1500] https://iitj.ac.in/manekshaw-centre/en/capacity-building
INFO    ✓ 68 words → _manekshaw_centre_en_capacity_building_2974596e.txt
INFO  [HTML 881/1500] https://iitj.ac.in/jjm/en/capacity-building-program-on-20-october-2022
INFO    ✓ 129 words → jm_en_capacity_building_program_on_20_october_2022_1971116d.txt
INFO  [HTML 882/1500] https://iitj.ac.in/office-of-accounts/en/Contact
INFO    ✓ 85 words → _office_of_accounts_en_Contact_c6f7f527.txt
INFO  [HTML 883/1500] https://iitj.ac.in/chemistry/en/Project-Staff-Appointment
INFO    ✓ 212 words → _chemistry_en_Project_Staff_Appointment_d14e83fd.txt
INFO  [HTML 884/1500] https://iitj.ac.in/inclusivity-cell/en/information-for-pwd-students
INFO    ✓ 188 words → _inclusivity_cell_en_information_for_pwd_students_034ea352.txt
INFO  [HTML 885/1500] https://iitj.ac.in/main/en/RTI-Welcome
INFO    ✓ 180 words → _main_en_RTI_Welcome_40443abe.txt
INFO  [HTML 886/1500] https://iitj.ac.in/materials-engineering/en/project-staff-members
INFO    ✓ 112 words → _materials_engineering_en_project_staff_members_ba07f0f4.txt
INFO  [HTML 887/1500] https://iitj.ac.in/jjm/en/mission-neer-uday
INFO    ✓ 76 words → _jjm_en_mission_neer_uday_e93773ff.txt
INFO  [HTML 888/1500] https://iitj.ac.in/civil-and-infrastructure-engineering/en/mous
INFO    ✓ 77 words → _civil_and_infrastructure_engineering_en_mous_1ab2623b.txt
INFO  [HTML 889/1500] https://iitj.ac.in/mechanical-engineering/en/doctorial-program
INFO    ✓ 341 words → _mechanical_engineering_en_doctorial_program_50647a76.txt
INFO  [HTML 890/1500] https://iitj.ac.in/rm/en/latest-news
INFO    ✓ 97 words → _rm_en_latest_news_616b4d95.txt
INFO  [HTML 891/1500] https://iitj.ac.in/gian/en/courses
INFO    ✓ 282 words → _gian_en_courses_967d76bc.txt
INFO  [HTML 892/1500] https://iitj.ac.in/schools/en/Spotlight
INFO    ✓ 85 words → _schools_en_Spotlight_818ab4c1.txt
INFO  [HTML 893/1500] https://iitj.ac.in/iot/en/research-areas
INFO    ✓ 682 words → _iot_en_research_areas_eb707a86.txt
INFO  [HTML 894/1500] https://iitj.ac.in/dia/en/telephone-facility
INFO    ✓ 182 words → _dia_en_telephone_facility_157c3dde.txt
INFO  [HTML 895/1500] https://iitj.ac.in/schools/en/program-curriculum-(cybersecurity)
INFO    ✓ 269 words → _schools_en_program_curriculum__cybersecurity__3e42585c.txt
INFO  [HTML 896/1500] https://iitj.ac.in/jjm/en/visit-of-dr-srindam-malakar
INFO    ✓ 86 words → _jjm_en_visit_of_dr_srindam_malakar_c6f9baa8.txt
INFO  [HTML 897/1500] https://iitj.ac.in/chemistry/en/C-H-functionalization-and-Photoredox-Catalysis-Laboratory
INFO    ✓ 380 words → ctionalization_and_Photoredox_Catalysis_Laboratory_012bc1e8.txt
INFO  [HTML 898/1500] https://iitj.ac.in/crf/en/imaging-microscopy
INFO    ✓ 127 words → _crf_en_imaging_microscopy_93aee43b.txt
INFO  [HTML 899/1500] https://iitj.ac.in/jjm/en/iitj-jjm-water-centre-showcases-innovations
INFO    ✓ 80 words → jjm_en_iitj_jjm_water_centre_showcases_innovations_5f8935b7.txt
INFO  [HTML 900/1500] https://iitj.ac.in/inclusivity-cell/en/contact
INFO    ✓ 275 words → _inclusivity_cell_en_contact_2fb1c4cd.txt
INFO  [HTML 901/1500] https://iitj.ac.in/computer-science-engineering/en/faculty-achievements
INFO    ✓ 705 words → mputer_science_engineering_en_faculty_achievements_e36be51e.txt
INFO  [HTML 902/1500] https://iitj.ac.in/physics/en/Research-Highlights
INFO    ✓ 230 words → _physics_en_Research_Highlights_e425bb10.txt
INFO  [HTML 903/1500] https://iitj.ac.in/mathematics/en/doctoral-program
INFO    ✓ 185 words → _mathematics_en_doctoral_program_655904ec.txt
INFO  [HTML 904/1500] https://iitj.ac.in/school-of-design/en/mdes-in-smart-product-design
INFO    ✓ 319 words → _school_of_design_en_mdes_in_smart_product_design_0e55ad3f.txt
INFO  [HTML 905/1500] https://iitj.ac.in/sst/en/Events-and-Activities
INFO    ✓ 143 words → _sst_en_Events_and_Activities_1d09eafb.txt
INFO  [HTML 906/1500] https://iitj.ac.in/grad-cohort-workshop/en/Past-Workshops
INFO    ✓ 68 words → _grad_cohort_workshop_en_Past_Workshops_444ec785.txt
INFO  [HTML 907/1500] https://iitj.ac.in/electrical-engineering/en/intelligent-communication-systems
INFO    ✓ 997 words → l_engineering_en_intelligent_communication_systems_afa7e4b9.txt
INFO  [HTML 908/1500] https://iitj.ac.in/cdh/en/Research-Highlights
INFO    ✓ 75 words → _cdh_en_Research_Highlights_e4000383.txt
INFO  [HTML 909/1500] https://iitj.ac.in/school-of-liberal-arts/en/academic-outreach-removed
INFO    ✓ 127 words → chool_of_liberal_arts_en_academic_outreach_removed_21c12215.txt
INFO  [HTML 910/1500] https://iitj.ac.in/chemistry/en/fluorescence-spectrophotometer
INFO    ✓ 129 words → _chemistry_en_fluorescence_spectrophotometer_cb2792f6.txt
INFO  [HTML 911/1500] https://iitj.ac.in/crf/en/miscellaneous
INFO    ✓ 113 words → _crf_en_miscellaneous_1ccc4527.txt
INFO  [HTML 912/1500] https://iitj.ac.in/master-of-technology/en/contact
INFO    ✓ 365 words → _master_of_technology_en_contact_74e3687a.txt
INFO  [HTML 913/1500] https://iitj.ac.in/dia/en/Moodle
INFO    ✓ 69 words → _dia_en_Moodle_bc8379e7.txt
INFO  [HTML 914/1500] https://iitj.ac.in/electrical-engineering/en/Events-and-Activities
INFO    ✓ 184 words → _electrical_engineering_en_Events_and_Activities_dacbf4cd.txt
INFO  [HTML 915/1500] https://iitj.ac.in/mechanical-engineering/en/Central-Workshop
INFO    ✓ 247 words → _mechanical_engineering_en_Central_Workshop_54a6976b.txt
INFO  [HTML 916/1500] https://iitj.ac.in/unnat-bharat-abhiyan/en/Downloads
INFO    ✓ 68 words → _unnat_bharat_abhiyan_en_Downloads_ddf5787c.txt
INFO  [HTML 917/1500] https://iitj.ac.in/mathematics/en/laboratories
INFO    ✓ 185 words → _mathematics_en_laboratories_5a4d2812.txt
INFO  [HTML 918/1500] https://iitj.ac.in/rm/en/Seminar-And-Meetings
INFO    ✓ 94 words → _rm_en_Seminar_And_Meetings_f0c96f6d.txt
INFO  [HTML 919/1500] https://iitj.ac.in/physics/en/research-groups
INFO    ✓ 93 words → _physics_en_research_groups_3c16c792.txt
INFO  [HTML 920/1500] https://iitj.ac.in/schools/en/international-dual-degree
INFO    ✓ 257 words → _schools_en_international_dual_degree_eac9d852.txt
INFO  [HTML 921/1500] https://iitj.ac.in/computer-science-engineering/en/alumni
INFO    ✓ 68 words → _computer_science_engineering_en_alumni_dc81c366.txt
INFO  [HTML 922/1500] https://iitj.ac.in/ishaan-vikaas-program/en/people
INFO    ✓ 114 words → _ishaan_vikaas_program_en_people_2fb2e47a.txt
INFO  [HTML 923/1500] https://iitj.ac.in/qic/en/contact
INFO    ✓ 85 words → _qic_en_contact_8c7e11e8.txt
INFO  [HTML 924/1500] https://iitj.ac.in/bioscience-bioengineering/en/program-structure
INFO    ✓ 115 words → _bioscience_bioengineering_en_program_structure_f70ec558.txt
INFO  [HTML 925/1500] https://iitj.ac.in/bachelor-of-technology/en/registration-academic-session
INFO    ✓ 601 words → lor_of_technology_en_registration_academic_session_1f43072e.txt
INFO  [HTML 926/1500] https://iitj.ac.in/cete/en/cete-faculty-and-student-colloquium
INFO    ✓ 371 words → _cete_en_cete_faculty_and_student_colloquium_bf71df84.txt
INFO  [HTML 927/1500] https://iitj.ac.in/centre-of-excellence-on-arts-and-digital-immersion/en/about-program
INFO    ✓ 1,039 words → nce_on_arts_and_digital_immersion_en_about_program_75721b5e.txt
INFO  [HTML 928/1500] https://iitj.ac.in/flying-wings/en/operation-profiles
INFO    ✓ 1,046 words → _flying_wings_en_operation_profiles_d682a48e.txt
INFO  [HTML 929/1500] https://iitj.ac.in/jjm/en/capacity-building-program-on-23-september-2025
INFO    ✓ 195 words → _en_capacity_building_program_on_23_september_2025_735b571d.txt
INFO  [HTML 930/1500] https://iitj.ac.in/master-of-technology/en/apply-online
INFO    ✓ 178 words → _master_of_technology_en_apply_online_343e08f0.txt
INFO  [HTML 931/1500] https://iitj.ac.in/materials-engineering/en/Events-and-Activities
INFO    ✓ 357 words → _materials_engineering_en_Events_and_Activities_3356f622.txt
INFO  [HTML 932/1500] https://iitj.ac.in/chemistry/en/faculty-list
INFO    ✓ 683 words → _chemistry_en_faculty_list_d42b08bd.txt
INFO  [HTML 933/1500] https://iitj.ac.in/civil-and-infrastructure-engineering/en/phd
INFO    ✓ 110 words → _civil_and_infrastructure_engineering_en_phd_debe0fa2.txt
INFO  [HTML 934/1500] https://iitj.ac.in/main/en/IT-Jodhpur-Surroundings
INFO    ✓ 788 words → _main_en_IT_Jodhpur_Surroundings_66196f82.txt
INFO  [HTML 935/1500] https://iitj.ac.in/computer-science-engineering/en/doctoral-programs
INFO    ✓ 1,163 words → _computer_science_engineering_en_doctoral_programs_0bd7fdac.txt
INFO  [HTML 936/1500] https://iitj.ac.in/mechanical-engineering/en/faculty-members
INFO    ✓ 296 words → _mechanical_engineering_en_faculty_members_1a6f7be4.txt
INFO  [HTML 937/1500] https://iitj.ac.in/vigyan-jyoti-program/en/resources
INFO    ✓ 94 words → _vigyan_jyoti_program_en_resources_96b79ed6.txt
INFO  [HTML 938/1500] https://iitj.ac.in/physics/en/project-staff-members
INFO    ✓ 136 words → _physics_en_project_staff_members_00f6c867.txt
INFO  [HTML 939/1500] https://iitj.ac.in/computer-science-engineering/en/webinars
INFO    ✓ 144 words → _computer_science_engineering_en_webinars_41f71a12.txt
INFO  [HTML 940/1500] https://iitj.ac.in/m.tech.-ph.d.-dual-degree/en/fee
INFO    ✓ 73 words → _m_tech__ph_d__dual_degree_en_fee_b658a21e.txt
INFO  [HTML 941/1500] https://iitj.ac.in/master-of-science/en/faqs
INFO    ✓ 2,517 words → _master_of_science_en_faqs_6155bb0c.txt
INFO  [HTML 942/1500] https://iitj.ac.in/itep/en/faculty
INFO    ✓ 122 words → _itep_en_faculty_603e03ac.txt
INFO  [HTML 943/1500] https://iitj.ac.in/chemical-engineering/en/collaborations
INFO    ✓ 188 words → _chemical_engineering_en_collaborations_7b4cace7.txt
INFO  [HTML 944/1500] https://iitj.ac.in/dora/en/donate
INFO    ✓ 526 words → _dora_en_donate_cfb8c6b2.txt
INFO  [HTML 945/1500] https://iitj.ac.in/physics/en/Optics-and-Photonics
INFO    ✓ 438 words → _physics_en_Optics_and_Photonics_b7f8e80e.txt
INFO  [HTML 946/1500] https://iitj.ac.in/dia/en/cyber-security-advisory
INFO    ✓ 100 words → _dia_en_cyber_security_advisory_f575f4bd.txt
INFO  [HTML 947/1500] https://iitj.ac.in/bioscience-bioengineering/en/Research-Highlights
INFO    ✓ 129 words → _bioscience_bioengineering_en_Research_Highlights_519070f9.txt
INFO  [HTML 948/1500] https://iitj.ac.in/jjm/en/gallery
INFO    ✓ 71 words → _jjm_en_gallery_53050acc.txt
INFO  [HTML 949/1500] https://iitj.ac.in/mechanical-engineering/en/Seminars-and-Meetings
INFO    ✓ 132 words → _mechanical_engineering_en_Seminars_and_Meetings_1585405a.txt
INFO  [HTML 950/1500] https://iitj.ac.in/crf/en/News-Newsletter
INFO    ✓ 67 words → _crf_en_News_Newsletter_cc1a7d02.txt
INFO  [HTML 951/1500] https://iitj.ac.in/jjm/en/government-school-gurso-ka-gaon
INFO    ✓ 86 words → _jjm_en_government_school_gurso_ka_gaon_8402076b.txt
INFO  [HTML 952/1500] https://iitj.ac.in/bachelor-of-technology/en/internships-placements
INFO    ✓ 415 words → _bachelor_of_technology_en_internships_placements_39dce0a1.txt
INFO  [HTML 953/1500] https://iitj.ac.in/office-of-establishment-nf/en/contact
INFO    ✓ 81 words → _office_of_establishment_nf_en_contact_26cf309a.txt
INFO  [HTML 954/1500] https://iitj.ac.in/master-of-science/en/contact
INFO    ✓ 365 words → _master_of_science_en_contact_6e15ad90.txt
INFO  [HTML 955/1500] https://iitj.ac.in/jjm/en/research
INFO    ✓ 134 words → _jjm_en_research_c7a87912.txt
INFO  [HTML 956/1500] https://iitj.ac.in/computer-science-engineering/en/outstanding-student-projects
INFO    ✓ 332 words → cience_engineering_en_outstanding_student_projects_84bf70ca.txt
INFO  [HTML 957/1500] https://iitj.ac.in/main/en/research-areas-removed
INFO    ✓ 433 words → _main_en_research_areas_removed_f8df8ca6.txt
INFO  [HTML 958/1500] https://iitj.ac.in/post-doctoral-fellows/en/FAQs
INFO    ✓ 3,147 words → _post_doctoral_fellows_en_FAQs_a15de5c9.txt
INFO  [HTML 959/1500] https://iitj.ac.in/bioscience-bioengineering/en/Announcements
INFO    ✓ 129 words → _bioscience_bioengineering_en_Announcements_5882ca0a.txt
INFO  [HTML 960/1500] https://iitj.ac.in/qic/en/Latest-News
INFO    ✓ 125 words → _qic_en_Latest_News_1e43d58e.txt
INFO  [HTML 961/1500] https://iitj.ac.in/civil-and-infrastructure-engineering/en/btech
INFO    ✓ 199 words → _civil_and_infrastructure_engineering_en_btech_4de8c6d4.txt
INFO  [HTML 962/1500] https://iitj.ac.in/gian/en/Synthesis-and-Characterization-of-Materials-for-Energy-Storage-Devices
INFO    ✓ 213 words → terization_of_Materials_for_Energy_Storage_Devices_597abc27.txt
INFO  [HTML 963/1500] https://iitj.ac.in/jjm/en/government-school-raiko-ki-dhani
INFO    ✓ 80 words → _jjm_en_government_school_raiko_ki_dhani_8edaec45.txt
INFO  [HTML 964/1500] https://iitj.ac.in/schools/en/selection-process
INFO    ✓ 335 words → _schools_en_selection_process_936655fe.txt
INFO  [HTML 965/1500] https://iitj.ac.in/qic/en/doctoral-program
INFO    ✓ 195 words → _qic_en_doctoral_program_6e2ce1f3.txt
INFO  [HTML 966/1500] https://iitj.ac.in/cetsd/en/m.s.-by-research-program
INFO    ✓ 240 words → _cetsd_en_m_s__by_research_program_78b69804.txt
INFO  [HTML 967/1500] https://iitj.ac.in/dia/en/email-ldap-internet-ids
INFO    ✓ 161 words → _dia_en_email_ldap_internet_ids_3b2a8b6f.txt
INFO  [HTML 968/1500] https://iitj.ac.in/chemistry/en/optical-rotation
INFO    ✓ 72 words → _chemistry_en_optical_rotation_055bdaf7.txt
INFO  [HTML 969/1500] https://iitj.ac.in/computer-science-engineering/en/theoretical-computer-science
INFO    ✓ 89 words → cience_engineering_en_theoretical_computer_science_26424698.txt
INFO  [HTML 970/1500] https://iitj.ac.in/mechanical-engineering/en/Heat-Transfer-Laboratory
INFO    ✓ 171 words → mechanical_engineering_en_Heat_Transfer_Laboratory_b5978a81.txt
INFO  [HTML 971/1500] https://iitj.ac.in/chemical-engineering/en/about-research
INFO    ✓ 82 words → _chemical_engineering_en_about_research_f3569f52.txt
INFO  [HTML 972/1500] https://iitj.ac.in/jjm/en/participation-and-presentation-in-international-wash-conference
INFO    ✓ 84 words → _and_presentation_in_international_wash_conference_966d9f66.txt
INFO  [HTML 973/1500] https://iitj.ac.in/tisc/en/facilities-resources
INFO    ✓ 141 words → _tisc_en_facilities_resources_56bb7393.txt
INFO  [HTML 974/1500] https://iitj.ac.in/computer-science-engineering/en/iit-jodhpur-industry-connect-2022
INFO    ✓ 625 words → e_engineering_en_iit_jodhpur_industry_connect_2022_2597ebbe.txt
INFO  [HTML 975/1500] https://iitj.ac.in/office-of-international-relations/en/international-faculty
INFO    ✓ 69 words → f_international_relations_en_international_faculty_955424df.txt
INFO  [HTML 976/1500] https://iitj.ac.in/mechanical-engineering/en/Industrial-Engineering-lab
INFO    ✓ 183 words → chanical_engineering_en_Industrial_Engineering_lab_fc9bf7e2.txt
INFO  [HTML 977/1500] https://iitj.ac.in/cete/en/stem-jnvs-2025
INFO    ✓ 187 words → _cete_en_stem_jnvs_2025_f6a674fe.txt
INFO  [HTML 978/1500] https://iitj.ac.in/office-of-international-relations/en/iirc-committee
INFO    ✓ 239 words → ffice_of_international_relations_en_iirc_committee_50167f38.txt
INFO  [HTML 979/1500] https://iitj.ac.in/electrical-engineering/en/Substate-Integrated-Coaxial-Line-(SICL)-based-Circuits-and-Systems-for-Millimeter-Wave-Application
INFO    ✓ 346 words → rcuits_and_Systems_for_Millimeter_Wave_Application_0d291a87.txt
INFO  [HTML 980/1500] https://iitj.ac.in/cete/en/physics-pedagogy-lab
INFO    ✓ 385 words → _cete_en_physics_pedagogy_lab_d28c251a.txt
INFO  [HTML 981/1500] https://iitj.ac.in/bachelor-of-technology/en/fee
INFO    ✓ 76 words → _bachelor_of_technology_en_fee_1d21933c.txt
INFO  [HTML 982/1500] https://iitj.ac.in/mathematics/en/Announcement
INFO    ✓ 141 words → _mathematics_en_Announcement_cbb989d1.txt
INFO  [HTML 983/1500] https://iitj.ac.in/office-of-academics/en/M.Tech-in-Thermofluids-Engineering
INFO    ✓ 468 words → of_academics_en_M_Tech_in_Thermofluids_Engineering_548e0325.txt
INFO  [HTML 984/1500] https://iitj.ac.in/cdh/en/capacity-building
INFO    ✓ 330 words → _cdh_en_capacity_building_6b6f1e5c.txt
INFO  [HTML 985/1500] https://iitj.ac.in/school-of-liberal-arts/en/contact
INFO    ✓ 86 words → _school_of_liberal_arts_en_contact_fc798fe0.txt
INFO  [HTML 986/1500] https://iitj.ac.in/main/en/Monthly-Remuneration
INFO    ✓ 104 words → _main_en_Monthly_Remuneration_f9354e28.txt
INFO  [HTML 987/1500] https://iitj.ac.in/cdh/en/research-innovation
INFO    ✓ 147 words → _cdh_en_research_innovation_6b9757cc.txt
INFO  [HTML 988/1500] https://iitj.ac.in/rashtriya-avishkar-abhiyan/en/resources
INFO    ✓ 90 words → _rashtriya_avishkar_abhiyan_en_resources_95a960d8.txt
INFO  [HTML 989/1500] https://iitj.ac.in/materials-engineering/en/post-doctoral-fellows
INFO    ✓ 111 words → _materials_engineering_en_post_doctoral_fellows_d2069cd6.txt
INFO  [HTML 990/1500] https://iitj.ac.in/jjm/en/visit-of-nih-scientists
INFO    ✓ 78 words → _jjm_en_visit_of_nih_scientists_fa70cccb.txt
INFO  [HTML 991/1500] https://iitj.ac.in/civil-and-infrastructure-engineering/en/phd-student
INFO    ✓ 691 words → ivil_and_infrastructure_engineering_en_phd_student_b3860312.txt
INFO  [HTML 992/1500] https://iitj.ac.in/mechanical-engineering/en/Energy-Conversion-Laboratory
INFO    ✓ 259 words → anical_engineering_en_Energy_Conversion_Laboratory_87e2375e.txt
INFO  [HTML 993/1500] https://iitj.ac.in/chemistry/en/teaching-laboratories
INFO    ✓ 74 words → _chemistry_en_teaching_laboratories_d89b169b.txt
INFO  [HTML 994/1500] https://iitj.ac.in/flying-wings/en/contact
INFO    ✓ 90 words → _flying_wings_en_contact_af0cce70.txt
INFO  [HTML 995/1500] https://iitj.ac.in/doctor-of-philosophy/en/important-dates
INFO    ✓ 102 words → _doctor_of_philosophy_en_important_dates_b23755b4.txt
INFO  [HTML 996/1500] https://iitj.ac.in/chemical-engineering/en/Research-Highlights
INFO    ✓ 131 words → _chemical_engineering_en_Research_Highlights_e0d2c6a8.txt
INFO  [HTML 997/1500] https://iitj.ac.in/iot/en/doctoral-program
INFO    ✓ 355 words → _iot_en_doctoral_program_6487793a.txt
INFO  [HTML 998/1500] https://iitj.ac.in/computer-science-engineering/en/Research-Highlights
INFO    ✓ 181 words → omputer_science_engineering_en_Research_Highlights_1ab883bb.txt
INFO  [HTML 999/1500] https://iitj.ac.in/dia-coe/en/photo-gallery
INFO    ✓ 258 words → _dia_coe_en_photo_gallery_7c622766.txt
INFO  [HTML 1000/1500] https://iitj.ac.in/civil-and-infrastructure-engineering/en/contact
INFO    ✓ 87 words → _civil_and_infrastructure_engineering_en_contact_0b8344bd.txt
INFO  [HTML 1001/1500] https://iitj.ac.in/cetsd/en/Highlights
INFO    ✓ 71 words → _cetsd_en_Highlights_e12c825f.txt
INFO  [HTML 1002/1500] https://iitj.ac.in/physics/en/High-Energy-Physics-and-Astrophysics
INFO    ✓ 392 words → _physics_en_High_Energy_Physics_and_Astrophysics_94fef76d.txt
INFO  [HTML 1003/1500] https://iitj.ac.in/Executive-Programs/en/PG-Diploma-and-M.Tech*-in-Data-Engineering
INFO    ✓ 1,472 words → rams_en_PG_Diploma_and_M_Tech__in_Data_Engineering_91e7948f.txt
INFO  [HTML 1004/1500] https://iitj.ac.in/civil-and-infrastructure-engineering/en/post-graduate
INFO    ✓ 69 words → il_and_infrastructure_engineering_en_post_graduate_7cca11a6.txt
INFO  [HTML 1005/1500] https://iitj.ac.in/mechanical-engineering/en/News-Newsletter
INFO    ✓ 470 words → _mechanical_engineering_en_News_Newsletter_fad437de.txt
INFO  [HTML 1006/1500] https://iitj.ac.in/cete/en/news
INFO    ✓ 596 words → _cete_en_news_5d4907e0.txt
INFO  [HTML 1007/1500] https://iitj.ac.in/dh/en/Digital-Humanities
INFO    ✓ 339 words → _dh_en_Digital_Humanities_29cbf059.txt
INFO  [HTML 1008/1500] https://iitj.ac.in/bioscience-bioengineering/en/Cell-Molecular-Physiology-Laboratory
INFO    ✓ 464 words → ngineering_en_Cell_Molecular_Physiology_Laboratory_ccc3870c.txt
INFO  [HTML 1009/1500] https://iitj.ac.in/dora/en/activities
INFO    ✓ 654 words → _dora_en_activities_f0187ad0.txt
INFO  [HTML 1010/1500] https://iitj.ac.in/computer-science-engineering/en/student-presentation
INFO    ✓ 374 words → mputer_science_engineering_en_student_presentation_366a3a87.txt
INFO  [HTML 1011/1500] https://iitj.ac.in/mechanical-engineering/en/technical-staff-members
INFO    ✓ 175 words → _mechanical_engineering_en_technical_staff_members_d637ef06.txt
INFO  [HTML 1012/1500] https://iitj.ac.in/lecture-series/en/vanguard-lectures
INFO    ✓ 1,293 words → _lecture_series_en_vanguard_lectures_459dfef8.txt
INFO  [HTML 1013/1500] https://iitj.ac.in/Recruitment
WARNING    Too short (0 w), skip: https://iitj.ac.in/Recruitment
INFO  [HTML 1014/1500] https://iitj.ac.in/cetsd/en/iitj-sustainability-assessment-tool
INFO    ✓ 186 words → _cetsd_en_iitj_sustainability_assessment_tool_6e68a9bb.txt
INFO  [HTML 1015/1500] https://iitj.ac.in/bioscience-bioengineering/en/doctorial-program
INFO    ✓ 588 words → _bioscience_bioengineering_en_doctorial_program_0504f760.txt
INFO  [HTML 1016/1500] https://iitj.ac.in/jjm/en/visit-of-groundwater-department-rajasthan-officials
INFO    ✓ 82 words → isit_of_groundwater_department_rajasthan_officials_8fff8005.txt
INFO  [HTML 1017/1500] https://iitj.ac.in/electrical-engineering/en/Communication-Engineering
INFO    ✓ 233 words → lectrical_engineering_en_Communication_Engineering_6858fea2.txt
INFO  [HTML 1018/1500] https://iitj.ac.in/chemistry/en/Transition-Metal-and-Organometalics-Research-Laboratory
INFO    ✓ 480 words → ition_Metal_and_Organometalics_Research_Laboratory_8dda893b.txt
INFO  [HTML 1019/1500] https://iitj.ac.in/lf/en/feedback
INFO    ✓ 113 words → _lf_en_feedback_43cc555e.txt
INFO  [HTML 1020/1500] https://iitj.ac.in/vigyan-jyoti-program/en/people
INFO    ✓ 98 words → _vigyan_jyoti_program_en_people_29466a77.txt
INFO  [HTML 1021/1500] https://iitj.ac.in/chemical-engineering/en/courses
INFO    ✓ 340 words → _chemical_engineering_en_courses_d8419545.txt
INFO  [HTML 1022/1500] https://iitj.ac.in/bioscience-bioengineering/en/undergraduate-program
INFO    ✓ 1,135 words → bioscience_bioengineering_en_undergraduate_program_37dd760f.txt
INFO  [HTML 1023/1500] https://iitj.ac.in/civil-and-infrastructure-engineering/en/alumni
INFO    ✓ 68 words → _civil_and_infrastructure_engineering_en_alumni_cbb2741a.txt
INFO  [HTML 1024/1500] https://iitj.ac.in/mathematics/en/Announcement-dcs
INFO    ✓ 131 words → _mathematics_en_Announcement_dcs_364a2235.txt
INFO  [HTML 1025/1500] https://iitj.ac.in/crf/en/xrd
INFO    ✓ 241 words → _crf_en_xrd_e358047a.txt
INFO  [HTML 1026/1500] https://iitj.ac.in/mechanical-engineering/en/Helicopter-Lab
INFO    ✓ 270 words → _mechanical_engineering_en_Helicopter_Lab_9ad98dc0.txt
INFO  [HTML 1027/1500] https://iitj.ac.in/office-of-internal-audit/en/Contact
INFO    ✓ 84 words → _office_of_internal_audit_en_Contact_3a62ce9a.txt
INFO  [HTML 1028/1500] https://iitj.ac.in/bachelor-of-technology/en/eligibility
INFO    ✓ 471 words → _bachelor_of_technology_en_eligibility_7f68d2fb.txt
INFO  [HTML 1029/1500] https://iitj.ac.in/main/en/Resources
INFO    ✓ 88 words → _main_en_Resources_1bdc41df.txt
INFO  [HTML 1030/1500] https://iitj.ac.in/dh/en/contact
INFO    ✓ 83 words → _dh_en_contact_11d96eec.txt
INFO  [HTML 1031/1500] https://iitj.ac.in/mathematics/en/shortlisting-sem2-2024-25
INFO    ✓ 136 words → _mathematics_en_shortlisting_sem2_2024_25_24bd7bad.txt
INFO  [HTML 1032/1500] https://iitj.ac.in/dia/en/erp-automation
INFO    ✓ 144 words → _dia_en_erp_automation_42f979c7.txt
INFO  [HTML 1033/1500] https://iitj.ac.in/unnat-bharat-abhiyan/en/seg-proposals
INFO    ✓ 69 words → _unnat_bharat_abhiyan_en_seg_proposals_ce96bedc.txt
INFO  [HTML 1034/1500] https://iitj.ac.in/chemistry/en/technical-staff-members
INFO    ✓ 127 words → _chemistry_en_technical_staff_members_2c3f69d0.txt
INFO  [HTML 1035/1500] https://iitj.ac.in/removed1/en/Financial-Aid-Tution-Fees
INFO    ✓ 215 words → _removed1_en_Financial_Aid_Tution_Fees_c99b678e.txt
INFO  [HTML 1036/1500] https://iitj.ac.in/imprint-india/en/people
INFO    ✓ 114 words → _imprint_india_en_people_e940aa91.txt
INFO  [HTML 1037/1500] https://iitj.ac.in/office-of-international-relations/en/Home
INFO    ✓ 272 words → _office_of_international_relations_en_Home_f083da33.txt
INFO  [HTML 1038/1500] https://iitj.ac.in/jjm/en/capacity-building-program-on-world-water-day-22-march-2025
INFO    ✓ 223 words → _building_program_on_world_water_day_22_march_2025_3ccdfc70.txt
INFO  [HTML 1039/1500] https://iitj.ac.in/mathematics/en/faculty-members
INFO    ✓ 277 words → _mathematics_en_faculty_members_863999b6.txt
INFO  [HTML 1040/1500] https://iitj.ac.in/aiot-fab-facility/en/deposition-tool
INFO    ✓ 429 words → _aiot_fab_facility_en_deposition_tool_8f4cb792.txt
INFO  [HTML 1041/1500] https://iitj.ac.in/crf/en/rm
INFO    ✓ 259 words → _crf_en_rm_d2eb28ff.txt
INFO  [HTML 1042/1500] https://iitj.ac.in/school-of-liberal-arts/en/doctoral-program
INFO    ✓ 404 words → _school_of_liberal_arts_en_doctoral_program_ad5efa0a.txt
INFO  [HTML 1043/1500] https://iitj.ac.in/crf/en/seme
INFO    ✓ 263 words → _crf_en_seme_9e53508f.txt
INFO  [HTML 1044/1500] https://iitj.ac.in/cybersecurity/en/contact
INFO    ✓ 86 words → _cybersecurity_en_contact_30714e13.txt
INFO  [HTML 1045/1500] https://iitj.ac.in/school-of-liberal-arts/en/highlights-archives
INFO    ✓ 717 words → _school_of_liberal_arts_en_highlights_archives_20e78b1b.txt
INFO  [HTML 1046/1500] https://iitj.ac.in/winter-school/en/Contact
INFO    ✓ 85 words → _winter_school_en_Contact_81376287.txt
INFO  [HTML 1047/1500] https://iitj.ac.in/electrical-engineering/en/Microgrid-and-Real-time-Simulator-Laboratory
INFO    ✓ 284 words → ng_en_Microgrid_and_Real_time_Simulator_Laboratory_3c99af55.txt
INFO  [HTML 1048/1500] https://iitj.ac.in/computer-science-engineering/en/News-Events
INFO    ✓ 82 words → _computer_science_engineering_en_News_Events_3ba6f2f7.txt
INFO  [HTML 1049/1500] https://iitj.ac.in/grad-cohort-workshop/en/Schedule
INFO    ✓ 531 words → _grad_cohort_workshop_en_Schedule_834b7f31.txt
INFO  [HTML 1050/1500] https://iitj.ac.in/jjm/en/capacity-building-program-on-21-december-2023
INFO    ✓ 169 words → m_en_capacity_building_program_on_21_december_2023_b8c7b3cb.txt
INFO  [HTML 1051/1500] https://iitj.ac.in/admission-postgraduate-programs/en/executive-m.tech.-in-intelligent-vlsi-systems-ivs-july-2025-session
INFO    ✓ 176 words → _in_intelligent_vlsi_systems_ivs_july_2025_session_d7f8f95a.txt
INFO  [HTML 1052/1500] https://iitj.ac.in/mathematics/en/Annoncement
INFO    ✓ 130 words → _mathematics_en_Annoncement_cedf0531.txt
INFO  [HTML 1053/1500] https://iitj.ac.in/chemistry/en/Advanced-Functional-Materials-Laboratory
INFO    ✓ 312 words → mistry_en_Advanced_Functional_Materials_Laboratory_713d2dbe.txt
INFO  [HTML 1054/1500] https://iitj.ac.in/imprint-india/en/resources
INFO    ✓ 89 words → _imprint_india_en_resources_9ef5e506.txt
INFO  [HTML 1055/1500] https://iitj.ac.in/aiot-fab-facility/en/news-events
INFO    ✓ 76 words → _aiot_fab_facility_en_news_events_1c0c1263.txt
INFO  [HTML 1056/1500] https://iitj.ac.in/school-of-artificial-intelligence-data-science/en/Natural-Language-Processing-Lab
INFO    ✓ 87 words → ce_data_science_en_Natural_Language_Processing_Lab_e845860e.txt
INFO  [HTML 1057/1500] https://iitj.ac.in/office-of-international-relations/en/faculty-visit
INFO    ✓ 740 words → office_of_international_relations_en_faculty_visit_de013e02.txt
INFO  [HTML 1058/1500] https://iitj.ac.in/computer-science-engineering/en/faculty
INFO    ✓ 687 words → _computer_science_engineering_en_faculty_b80cf9a0.txt
INFO  [HTML 1059/1500] https://iitj.ac.in/dia/en/web-hosting
INFO    ✓ 122 words → _dia_en_web_hosting_80acd9bc.txt
INFO  [HTML 1060/1500] https://iitj.ac.in/chemical-engineering/en/about-recruitment
INFO    ✓ 276 words → _chemical_engineering_en_about_recruitment_830ea019.txt
INFO  [HTML 1061/1500] https://iitj.ac.in/imprint-india/en/contact
INFO    ✓ 81 words → _imprint_india_en_contact_6d8ccc79.txt
INFO  [HTML 1062/1500] https://iitj.ac.in/materials-engineering/en/collaborations
INFO    ✓ 114 words → _materials_engineering_en_collaborations_992c1677.txt
INFO  [HTML 1063/1500] https://iitj.ac.in/aiot-fab-facility/en/external-booking
INFO    ✓ 72 words → _aiot_fab_facility_en_external_booking_3ce21a07.txt
INFO  [HTML 1064/1500] https://iitj.ac.in/chemistry/en/Analytical-and-Physical-Chemistry-Laboratory
INFO    ✓ 127 words → ry_en_Analytical_and_Physical_Chemistry_Laboratory_5442f936.txt
INFO  [HTML 1065/1500] https://iitj.ac.in/chemistry/en/ftir
INFO    ✓ 282 words → _chemistry_en_ftir_e7102fe0.txt
INFO  [HTML 1066/1500] https://iitj.ac.in/jjm/en/government-school-ghorawat-borunda
INFO    ✓ 78 words → _jjm_en_government_school_ghorawat_borunda_9ac3e8a7.txt
INFO  [HTML 1067/1500] https://iitj.ac.in/cybersecurity/en/cyberthreat
INFO    ✓ 2,979 words → _cybersecurity_en_cyberthreat_8f8e2bbe.txt
INFO  [HTML 1068/1500] https://iitj.ac.in/civil-and-infrastructure-engineering/en/mtech-in-environmental-engineering
INFO    ✓ 82 words → _engineering_en_mtech_in_environmental_engineering_8e4a0c6d.txt
INFO  [HTML 1069/1500] https://iitj.ac.in/jjm/en/capacity-building-program-on-world-water-day-22-march-2023
INFO    ✓ 174 words → _building_program_on_world_water_day_22_march_2023_2cdcff69.txt
INFO  [HTML 1070/1500] https://iitj.ac.in/chemical-engineering/en/regulations
INFO    ✓ 79 words → _chemical_engineering_en_regulations_d1e61914.txt
INFO  [HTML 1071/1500] https://iitj.ac.in/centre-of-excellence-on-arts-and-digital-immersion/en/about-research
INFO    ✓ 231 words → ce_on_arts_and_digital_immersion_en_about_research_94dc69e1.txt
INFO  [HTML 1072/1500] https://iitj.ac.in/tisc/en/portfolio
INFO    ✓ 407 words → _tisc_en_portfolio_d1d6fd11.txt
INFO  [HTML 1073/1500] https://iitj.ac.in/lecture-series/en/contact
INFO    ✓ 75 words → _lecture_series_en_contact_3ae5330e.txt
INFO  [HTML 1074/1500] https://iitj.ac.in/dia-coe/en/aiwt
INFO    ✓ 216 words → _dia_coe_en_aiwt_2c8a6c0e.txt
INFO  [HTML 1075/1500] https://iitj.ac.in/computer-science-engineering/en/previous-talks
INFO    ✓ 7,180 words → _computer_science_engineering_en_previous_talks_800f9050.txt
INFO  [HTML 1076/1500] https://iitj.ac.in/qic/en/projects
INFO    ✓ 1,735 words → _qic_en_projects_ad640cec.txt
INFO  [HTML 1077/1500] https://iitj.ac.in/dia/en/ftp
INFO    ✓ 107 words → _dia_en_ftp_09e0852b.txt
INFO  [HTML 1078/1500] https://iitj.ac.in/materials-engineering/en/postgraduate-program
INFO    ✓ 67 words → _materials_engineering_en_postgraduate_program_bfce1d05.txt
INFO  [HTML 1079/1500] https://iitj.ac.in/electrical-engineering/en/intelligent-communication-and-networking
INFO    ✓ 225 words → eering_en_intelligent_communication_and_networking_74e13b8c.txt
INFO  [HTML 1080/1500] https://iitj.ac.in/electrical-engineering/en/Signal-Processing
INFO    ✓ 225 words → _electrical_engineering_en_Signal_Processing_bde35802.txt
INFO  [HTML 1081/1500] https://iitj.ac.in/unnat-bharat-abhiyan/en/contact
INFO    ✓ 96 words → _unnat_bharat_abhiyan_en_contact_4b9760ef.txt
INFO  [HTML 1082/1500] https://iitj.ac.in/materials-engineering/en/Research-Highlights
INFO    ✓ 122 words → _materials_engineering_en_Research_Highlights_62233fff.txt
INFO  [HTML 1083/1500] https://iitj.ac.in/rcrice/en/contact
INFO    ✓ 97 words → _rcrice_en_contact_1903606a.txt
INFO  [HTML 1084/1500] https://iitj.ac.in/vigyan-jyoti-program/en/current-activities
INFO    ✓ 443 words → _vigyan_jyoti_program_en_current_activities_cdc0a4de.txt
INFO  [HTML 1085/1500] https://iitj.ac.in/computer-science-engineering/en/phd-students
INFO    ✓ 1,574 words → _computer_science_engineering_en_phd_students_454dd5ca.txt
INFO  [HTML 1086/1500] https://iitj.ac.in/civil-and-infrastructure-engineering/en/transportation-engineering
INFO    ✓ 234 words → tructure_engineering_en_transportation_engineering_7e9fd6b9.txt
INFO  [HTML 1087/1500] https://iitj.ac.in/ishaan-vikaas-program/en/contact
INFO    ✓ 79 words → _ishaan_vikaas_program_en_contact_2642736f.txt
INFO  [HTML 1088/1500] https://iitj.ac.in/mechanical-engineering/en/program-structure
INFO    ✓ 127 words → _mechanical_engineering_en_program_structure_f6d23934.txt
INFO  [HTML 1089/1500] https://iitj.ac.in/office-of-academics/en/M.Tech.-Ph.D.-Dual-Degree-Program-in-Communication-Engineering
INFO    ✓ 561 words → __Dual_Degree_Program_in_Communication_Engineering_e4de8208.txt
INFO  [HTML 1090/1500] https://iitj.ac.in/ek-bharat-shreshtha-bharat/en/people
INFO    ✓ 173 words → _ek_bharat_shreshtha_bharat_en_people_1bc034b5.txt
INFO  [HTML 1091/1500] https://iitj.ac.in/chemistry/en/post-doctoral-fellows
INFO    ✓ 234 words → _chemistry_en_post_doctoral_fellows_7fd9e5aa.txt
INFO  [HTML 1092/1500] https://iitj.ac.in/computer-science-engineering/en/systems-software
INFO    ✓ 109 words → _computer_science_engineering_en_systems_software_b961b2dd.txt
INFO  [HTML 1093/1500] https://iitj.ac.in/winter-school/en/Committee
INFO    ✓ 66 words → _winter_school_en_Committee_6579cc4e.txt
INFO  [HTML 1094/1500] https://iitj.ac.in/centre-for-continuing-education/en/assets
INFO    ✓ 145 words → _centre_for_continuing_education_en_assets_016b70bb.txt
INFO  [HTML 1095/1500] https://iitj.ac.in/office-of-international-relations/en/inbound-student
INFO    ✓ 449 words → fice_of_international_relations_en_inbound_student_02e471b0.txt
INFO  [HTML 1096/1500] https://iitj.ac.in/electrical-engineering/en/communication-engineering
INFO    ✓ 233 words → lectrical_engineering_en_communication_engineering_25a971d8.txt
INFO  [HTML 1097/1500] https://iitj.ac.in/chemistry/en/curriculum
INFO    ✓ 446 words → _chemistry_en_curriculum_0f9e9566.txt
INFO  [HTML 1098/1500] https://iitj.ac.in/cdh/en/partnership
INFO    ✓ 170 words → _cdh_en_partnership_efb79470.txt
INFO  [HTML 1099/1500] https://iitj.ac.in/civil-and-infrastructure-engineering/en/geological-engineering
INFO    ✓ 539 words → frastructure_engineering_en_geological_engineering_1076770d.txt
INFO  [HTML 1100/1500] https://iitj.ac.in/cete/en/immersive-education
INFO    ✓ 151 words → _cete_en_immersive_education_1fd78aca.txt
INFO  [HTML 1101/1500] https://iitj.ac.in/electrical-engineering/en/Image-Processing-and-Computer-Vision-Lab
INFO    ✓ 261 words → eering_en_Image_Processing_and_Computer_Vision_Lab_a55e33bf.txt
INFO  [HTML 1102/1500] https://iitj.ac.in/admission-postgraduate-programs/en/mdes-smart-product-design-26-27
INFO    ✓ 186 words → aduate_programs_en_mdes_smart_product_design_26_27_be5ce280.txt
INFO  [HTML 1103/1500] https://iitj.ac.in/chemical-engineering/en/laboratories
INFO    ✓ 101 words → _chemical_engineering_en_laboratories_5f5c900c.txt
INFO  [HTML 1104/1500] https://iitj.ac.in/office-of-academics/en/M.Sc.-in-Physics
INFO    ✓ 621 words → _office_of_academics_en_M_Sc__in_Physics_0da6db76.txt
INFO  [HTML 1105/1500] https://iitj.ac.in/lf/en/contact
INFO    ✓ 89 words → _lf_en_contact_4edd487d.txt
INFO  [HTML 1106/1500] https://iitj.ac.in/bachelor-of-technology/en/academic-research-facilities
INFO    ✓ 563 words → elor_of_technology_en_academic_research_facilities_f9545e54.txt
INFO  [HTML 1107/1500] https://iitj.ac.in/school-of-liberal-arts/en/Message-From-The-Head
INFO    ✓ 334 words → _school_of_liberal_arts_en_Message_From_The_Head_666a787b.txt
INFO  [HTML 1108/1500] https://iitj.ac.in/mathematics/en/phd-students
INFO    ✓ 1,087 words → _mathematics_en_phd_students_8ded7cf0.txt
INFO  [HTML 1109/1500] https://iitj.ac.in/admission-postgraduate-programs/en/admission-to-mtech-degree-programmes
INFO    ✓ 183 words → e_programs_en_admission_to_mtech_degree_programmes_4d35b07f.txt
INFO  [HTML 1110/1500] https://iitj.ac.in/dia/en/git-server
INFO    ✓ 143 words → _dia_en_git_server_f423f9b3.txt
INFO  [HTML 1111/1500] https://iitj.ac.in/mechanical-engineering/en/Mechatronics-Lab
INFO    ✓ 198 words → _mechanical_engineering_en_Mechatronics_Lab_0de2f711.txt
INFO  [HTML 1112/1500] https://iitj.ac.in/dh/en/Seminar-And-Meetings
INFO    ✓ 91 words → _dh_en_Seminar_And_Meetings_6104c226.txt
INFO  [HTML 1113/1500] https://iitj.ac.in/main/en/Professional-Development
INFO    ✓ 277 words → _main_en_Professional_Development_d22b3e80.txt
INFO  [HTML 1114/1500] https://iitj.ac.in/medical-technologies/en/masters
INFO    ✓ 71 words → _medical_technologies_en_masters_a054993b.txt
INFO  [HTML 1115/1500] https://iitj.ac.in/dia/en/computing-facilities
INFO    ✓ 151 words → _dia_en_computing_facilities_337ca9cb.txt
INFO  [HTML 1116/1500] https://iitj.ac.in/office-of-international-relations/en/collaborations
INFO    ✓ 492 words → ffice_of_international_relations_en_collaborations_83445dc6.txt
INFO  [HTML 1117/1500] https://iitj.ac.in/grad-cohort-workshop/en/Sponsors-Institutional-Partners
INFO    ✓ 74 words → cohort_workshop_en_Sponsors_Institutional_Partners_eccf96b0.txt
INFO  [HTML 1118/1500] https://iitj.ac.in/aiot-fab-facility/en/deposition-tools
INFO    ✓ 416 words → _aiot_fab_facility_en_deposition_tools_d50f967e.txt
INFO  [HTML 1119/1500] https://iitj.ac.in/cete/en/phd-program
INFO    ✓ 1,082 words → _cete_en_phd_program_0eb24f18.txt
INFO  [HTML 1120/1500] https://iitj.ac.in/chemical-engineering/en/postgraduate-program
INFO    ✓ 462 words → _chemical_engineering_en_postgraduate_program_10987451.txt
INFO  [HTML 1121/1500] https://iitj.ac.in/computer-science-engineering/en/compute-resources
INFO    ✓ 455 words → _computer_science_engineering_en_compute_resources_bff4d509.txt
INFO  [HTML 1122/1500] https://iitj.ac.in/cete/en/digital-learning-video-tutorials
INFO    ✓ 541 words → _cete_en_digital_learning_video_tutorials_310ac4a7.txt
INFO  [HTML 1123/1500] https://iitj.ac.in/crf/en/magnetometer
INFO    ✓ 114 words → _crf_en_magnetometer_91202b99.txt
INFO  [HTML 1124/1500] https://iitj.ac.in/school-of-liberal-arts/en/postgraduate-program-computational-social-science-(msc)
INFO    ✓ 451 words → raduate_program_computational_social_science__msc__692ebfc1.txt
INFO  [HTML 1125/1500] https://iitj.ac.in/school-of-liberal-arts/en/social-outreach-removed
INFO    ✓ 138 words → _school_of_liberal_arts_en_social_outreach_removed_53d80942.txt
INFO  [HTML 1126/1500] https://iitj.ac.in/computer-science-engineering/en/student-achievements
INFO    ✓ 623 words → mputer_science_engineering_en_student_achievements_ac0f6609.txt
INFO  [HTML 1127/1500] https://iitj.ac.in/dh/en/latest-news
INFO    ✓ 242 words → _dh_en_latest_news_b3114766.txt
INFO  [HTML 1128/1500] https://iitj.ac.in/materials-engineering/en/undergraduate-program
INFO    ✓ 759 words → _materials_engineering_en_undergraduate_program_85642618.txt
INFO  [HTML 1129/1500] https://iitj.ac.in/chemistry/en/chemmeet-2024
INFO    ✓ 170 words → _chemistry_en_chemmeet_2024_1bdb5516.txt
INFO  [HTML 1130/1500] https://iitj.ac.in/electrical-engineering/en/Lightwave-Technology-Laboratory
INFO    ✓ 246 words → cal_engineering_en_Lightwave_Technology_Laboratory_706b5e8d.txt
INFO  [HTML 1131/1500] https://iitj.ac.in/mathematics/en/ongoing-projects
INFO    ✓ 313 words → _mathematics_en_ongoing_projects_e142775a.txt
INFO  [HTML 1132/1500] https://iitj.ac.in/rcrice/en/governing-council
INFO    ✓ 222 words → _rcrice_en_governing_council_22b6ffe0.txt
INFO  [HTML 1133/1500] https://iitj.ac.in/office-of-international-relations/en/information
INFO    ✓ 226 words → _office_of_international_relations_en_information_19b289eb.txt
INFO  [HTML 1134/1500] https://iitj.ac.in/school-of-artificial-intelligence-data-science/en/AI-and-Ethics
INFO    ✓ 115 words → ificial_intelligence_data_science_en_AI_and_Ethics_50beef63.txt
INFO  [HTML 1135/1500] https://iitj.ac.in/school-of-artificial-intelligence-data-science/en/Cognitive-Engineering-Lab
INFO    ✓ 84 words → lligence_data_science_en_Cognitive_Engineering_Lab_cf43b594.txt
INFO  [HTML 1136/1500] https://iitj.ac.in/mathematics/en/regulations
INFO    ✓ 171 words → _mathematics_en_regulations_bf342a24.txt
INFO  [HTML 1137/1500] https://iitj.ac.in/jjm/en/Visit-of-Prof.-Venkappayya-R-Desai
INFO    ✓ 82 words → _jjm_en_Visit_of_Prof__Venkappayya_R_Desai_d5790b8a.txt
INFO  [HTML 1138/1500] https://iitj.ac.in/jjm/en/government-school-baba-ka-devra-balarwa-jodhpur
INFO    ✓ 84 words → en_government_school_baba_ka_devra_balarwa_jodhpur_bb48398a.txt
INFO  [HTML 1139/1500] https://iitj.ac.in/bioscience-bioengineering/en/News-Newsletter
INFO    ✓ 78 words → _bioscience_bioengineering_en_News_Newsletter_d1f246e5.txt
INFO  [HTML 1140/1500] https://iitj.ac.in/chemical-engineering/en/Seminars-and-Meetings-events
INFO    ✓ 106 words → emical_engineering_en_Seminars_and_Meetings_events_7f153b08.txt
INFO  [HTML 1141/1500] https://iitj.ac.in/qic/en/m.tech.
INFO    ✓ 573 words → _qic_en_m_tech__570f0b1f.txt
INFO  [HTML 1142/1500] https://iitj.ac.in/office-of-international-relations/en/latest-news
INFO    ✓ 104 words → _office_of_international_relations_en_latest_news_7efa57b1.txt
INFO  [HTML 1143/1500] https://iitj.ac.in/manekshaw-centre/en/contact
INFO    ✓ 91 words → _manekshaw_centre_en_contact_ed9ce9e1.txt
INFO  [HTML 1144/1500] https://iitj.ac.in/office-of-recruitment-nf/en/Establishment-(E-II)-facilitates
INFO    ✓ 262 words → recruitment_nf_en_Establishment__E_II__facilitates_f765050c.txt
INFO  [HTML 1145/1500] https://iitj.ac.in/electrical-engineering/en/visual-computing
INFO    ✓ 489 words → _electrical_engineering_en_visual_computing_17f7065a.txt
INFO  [HTML 1146/1500] https://iitj.ac.in/centre-of-excellence-on-arts-and-digital-immersion/en/m.s.-by-research-program
INFO    ✓ 359 words → _and_digital_immersion_en_m_s__by_research_program_f8d23fb9.txt
INFO  [HTML 1147/1500] https://iitj.ac.in/school-of-design/en/contact
INFO    ✓ 83 words → _school_of_design_en_contact_892f0bd0.txt
INFO  [HTML 1148/1500] https://iitj.ac.in/master-of-science/en/eligibility
INFO    ✓ 351 words → _master_of_science_en_eligibility_426f9db6.txt
INFO  [HTML 1149/1500] https://iitj.ac.in/chemistry/en/gc
INFO    ✓ 116 words → _chemistry_en_gc_614706c5.txt
INFO  [HTML 1150/1500] https://iitj.ac.in/cetsd/en/STI-HUB-IIT-Jodhpur-Photos
INFO    ✓ 98 words → _cetsd_en_STI_HUB_IIT_Jodhpur_Photos_09a16110.txt
INFO  [HTML 1151/1500] https://iitj.ac.in/chemistry/en/about-research
INFO    ✓ 225 words → _chemistry_en_about_research_6a03bc72.txt
INFO  [HTML 1152/1500] https://iitj.ac.in/office-of-academics/en/M.Sc-in-Chemistry
INFO    ✓ 442 words → _office_of_academics_en_M_Sc_in_Chemistry_15368e60.txt
INFO  [HTML 1153/1500] https://iitj.ac.in/rcrice/en/About
INFO    ✓ 501 words → _rcrice_en_About_ff160b2a.txt
INFO  [HTML 1154/1500] https://iitj.ac.in/bioscience-bioengineering/en/curriculum
INFO    ✓ 100 words → _bioscience_bioengineering_en_curriculum_0bea7e3c.txt
INFO  [HTML 1155/1500] https://iitj.ac.in/dh/en/admissions
INFO    ✓ 911 words → _dh_en_admissions_755d8153.txt
INFO  [HTML 1156/1500] https://iitj.ac.in/jjm/en/capacity-building
INFO    ✓ 140 words → _jjm_en_capacity_building_173510af.txt
INFO  [HTML 1157/1500] https://iitj.ac.in/aiot-fab-facility/en/committee
INFO    ✓ 71 words → _aiot_fab_facility_en_committee_173a9fd4.txt
INFO  [HTML 1158/1500] https://iitj.ac.in/civil-and-infrastructure-engineering/en/water-resource-engineering-laboratory
INFO    ✓ 152 words → gineering_en_water_resource_engineering_laboratory_7197e043.txt
INFO  [HTML 1159/1500] https://iitj.ac.in/school-of-design/en/masters-of-design-(mdes)-2025
INFO    ✓ 415 words → _school_of_design_en_masters_of_design__mdes__2025_f0a3357a.txt
INFO  [HTML 1160/1500] https://iitj.ac.in/cetsd/en/Events
INFO    ✓ 143 words → _cetsd_en_Events_2378a55f.txt
INFO  [HTML 1161/1500] https://iitj.ac.in/main/en/Annual-Reports-of-the-Institute
INFO    ✓ 236 words → _main_en_Annual_Reports_of_the_Institute_5ceb6518.txt
INFO  [HTML 1162/1500] https://iitj.ac.in/rm/en/News-Newsletter
INFO    ✓ 111 words → _rm_en_News_Newsletter_f4b2fa30.txt
INFO  [HTML 1163/1500] https://iitj.ac.in/school-of-design/en/xrd-2025-2027
INFO    ✓ 221 words → _school_of_design_en_xrd_2025_2027_fa56be99.txt
INFO  [HTML 1164/1500] https://iitj.ac.in/master-of-technology/en/important-dates
INFO    ✓ 102 words → _master_of_technology_en_important_dates_e045111e.txt
INFO  [HTML 1165/1500] https://iitj.ac.in/chemical-engineering/en/faculty-members
INFO    ✓ 287 words → _chemical_engineering_en_faculty_members_ddaf8bde.txt
INFO  [HTML 1166/1500] https://iitj.ac.in/chemistry/en/pdf-positions
INFO    ✓ 154 words → _chemistry_en_pdf_positions_0faac22e.txt
INFO  [HTML 1167/1500] https://iitj.ac.in/civil-and-infrastructure-engineering/en/ongoing-projects
INFO    ✓ 667 words → and_infrastructure_engineering_en_ongoing_projects_aba5808d.txt
INFO  [HTML 1168/1500] https://iitj.ac.in/center-for-technology-foresight-and-policy/en/strategy
INFO    ✓ 387 words → er_for_technology_foresight_and_policy_en_strategy_a9d54151.txt
INFO  [HTML 1169/1500] https://iitj.ac.in/mathematics/en/Research-Highlights
INFO    ✓ 1,119 words → _mathematics_en_Research_Highlights_d7a3e022.txt
INFO  [HTML 1170/1500] https://iitj.ac.in/crf/en/sta
INFO    ✓ 148 words → _crf_en_sta_0c992592.txt
INFO  [HTML 1171/1500] https://iitj.ac.in/crf/en/facs
INFO    ✓ 132 words → _crf_en_facs_a7ce789d.txt
INFO  [HTML 1172/1500] https://iitj.ac.in/cete/en/edtech-lab
INFO    ✓ 140 words → _cete_en_edtech_lab_0c1b226e.txt
INFO  [HTML 1173/1500] https://iitj.ac.in/jjm/en/patent-from-negatively-charged-clay
INFO    ✓ 104 words → _jjm_en_patent_from_negatively_charged_clay_b6412c2a.txt
INFO  [HTML 1174/1500] https://iitj.ac.in/cetsd/en/sti-hub
INFO    ✓ 340 words → _cetsd_en_sti_hub_607ee4a8.txt
INFO  [HTML 1175/1500] https://iitj.ac.in/centre-for-continuing-education/en/process
INFO    ✓ 74 words → _centre_for_continuing_education_en_process_c51f5caa.txt
INFO  [HTML 1176/1500] https://iitj.ac.in/Executive-Programs/en/IIT-Jodhpur-AIIMS-Jodhpur-Joint-MedTech.-Centre-Advanced-Molecular-and-Digital-Technologies-in-Precision-Oncology.
INFO    ✓ 890 words → ar_and_Digital_Technologies_in_Precision_Oncology__eb560c9e.txt
INFO  [HTML 1177/1500] https://iitj.ac.in/sst/en/projects
INFO    ✓ 115 words → _sst_en_projects_79b932a7.txt
INFO  [HTML 1178/1500] https://iitj.ac.in/schools/en/sandstone
INFO    ✓ 190 words → _schools_en_sandstone_24eff505.txt
INFO  [HTML 1179/1500] https://iitj.ac.in/chemical-engineering/en/undergraduate-program
INFO    ✓ 629 words → _chemical_engineering_en_undergraduate_program_a2909b80.txt
INFO  [HTML 1180/1500] https://iitj.ac.in/chemistry/en/gas-chromatograph
INFO    ✓ 65 words → _chemistry_en_gas_chromatograph_12119215.txt
INFO  [HTML 1181/1500] https://iitj.ac.in/computer-science-engineering/en/Announcements
INFO    ✓ 82 words → _computer_science_engineering_en_Announcements_8028204e.txt
INFO  [HTML 1182/1500] https://iitj.ac.in/gian/en/view-lectures
INFO    ✓ 241 words → _gian_en_view_lectures_12d9bed0.txt
INFO  [HTML 1183/1500] https://iitj.ac.in/physics/en/program-structure
INFO    ✓ 84 words → _physics_en_program_structure_7bb2c36d.txt
INFO  [HTML 1184/1500] https://iitj.ac.in/cetsd/en/about-rutag
INFO    ✓ 232 words → _cetsd_en_about_rutag_5b196884.txt
INFO  [HTML 1185/1500] https://iitj.ac.in/bioscience-bioengineering/en/technical-staff-members
INFO    ✓ 185 words → oscience_bioengineering_en_technical_staff_members_fc38d2e7.txt
INFO  [HTML 1186/1500] https://iitj.ac.in/school-of-artificial-intelligence-data-science/en/Deep-Learning-and-Computer-Vision-Lab
INFO    ✓ 91 words → a_science_en_Deep_Learning_and_Computer_Vision_Lab_e01da875.txt
INFO  [HTML 1187/1500] https://iitj.ac.in/cete/en/blended-learning-and-flipped-classroom
INFO    ✓ 916 words → _cete_en_blended_learning_and_flipped_classroom_b01916c9.txt
INFO  [HTML 1188/1500] https://iitj.ac.in/bioscience-bioengineering/en/Neuroscience-Neuro-Engineering
INFO    ✓ 363 words → e_bioengineering_en_Neuroscience_Neuro_Engineering_648ee461.txt
INFO  [HTML 1189/1500] https://iitj.ac.in/mathematics/en/curriculum
INFO    ✓ 202 words → _mathematics_en_curriculum_a7e57892.txt
INFO  [HTML 1190/1500] https://iitj.ac.in/chemistry/en/contact
INFO    ✓ 87 words → _chemistry_en_contact_006b4cc1.txt
INFO  [HTML 1191/1500] https://iitj.ac.in/chemical-engineering/en/project-staff-appointment
INFO    ✓ 213 words → _chemical_engineering_en_project_staff_appointment_5c49b447.txt
INFO  [HTML 1192/1500] https://iitj.ac.in/office-of-academics/en/M.Sc.-Mathematics
INFO    ✓ 426 words → _office_of_academics_en_M_Sc__Mathematics_43210141.txt
INFO  [HTML 1193/1500] https://iitj.ac.in/office-of-academics/en/Faculty-Advisor(s)
INFO    ✓ 69 words → _office_of_academics_en_Faculty_Advisor_s__378b6fec.txt
INFO  [HTML 1194/1500] https://iitj.ac.in/schools/en/faq
INFO    ✓ 669 words → _schools_en_faq_cec73d97.txt
INFO  [HTML 1195/1500] https://iitj.ac.in/Executive-Programs/en/B.Sc-B.S-in-Applied-AI-and-Data-Science
INFO    ✓ 570 words → rograms_en_B_Sc_B_S_in_Applied_AI_and_Data_Science_4d7c665e.txt
INFO  [HTML 1196/1500] https://iitj.ac.in/dia-coe/en/atdw
INFO    ✓ 307 words → _dia_coe_en_atdw_9174ed52.txt
INFO  [HTML 1197/1500] https://iitj.ac.in/cete/en/behavioral-studies
INFO    ✓ 94 words → _cete_en_behavioral_studies_e2e43e6f.txt
INFO  [HTML 1198/1500] https://iitj.ac.in/jjm/en/capacity-building-program-on-december-2025
INFO    ✓ 90 words → _jjm_en_capacity_building_program_on_december_2025_792ccc34.txt
INFO  [HTML 1199/1500] https://iitj.ac.in/support-iit-jodhpur/en/Contact
INFO    ✓ 93 words → _support_iit_jodhpur_en_Contact_83aae832.txt
INFO  [HTML 1200/1500] https://iitj.ac.in/office-of-academics/en/M.Tech-in-Bioscience-and-Bioengineering
INFO    ✓ 579 words → ademics_en_M_Tech_in_Bioscience_and_Bioengineering_2b7d62e3.txt
INFO  [HTML 1201/1500] https://iitj.ac.in/school-of-artificial-intelligence-data-science/en/Neuro-Robotics-Lab
INFO    ✓ 85 words → al_intelligence_data_science_en_Neuro_Robotics_Lab_af6d2714.txt
INFO  [HTML 1202/1500] https://iitj.ac.in/jjm/en/visit-of-shri-nalin-singhal
INFO    ✓ 80 words → _jjm_en_visit_of_shri_nalin_singhal_a5c5331c.txt
INFO  [HTML 1203/1500] https://iitj.ac.in/sst/en/research
INFO    ✓ 308 words → _sst_en_research_9ed19ee5.txt
INFO  [HTML 1204/1500] https://iitj.ac.in/office-of-research-development/en/Technology
INFO    ✓ 69 words → _office_of_research_development_en_Technology_b45fde95.txt
INFO  [HTML 1205/1500] https://iitj.ac.in/office-of-academics/en/M.Tech-in-Advanced-Manufacturing-and-Design
INFO    ✓ 526 words → ics_en_M_Tech_in_Advanced_Manufacturing_and_Design_9767fe68.txt
INFO  [HTML 1206/1500] https://iitj.ac.in/gian/en/Fundamentals-of-Applied-Vehicle-Dynamics-and-Chassis-Systems
INFO    ✓ 154 words → ls_of_Applied_Vehicle_Dynamics_and_Chassis_Systems_167d04ae.txt
INFO  [HTML 1207/1500] https://iitj.ac.in/mechanical-engineering/en/curriculum
INFO    ✓ 298 words → _mechanical_engineering_en_curriculum_f568e704.txt
INFO  [HTML 1208/1500] https://iitj.ac.in/unnat-bharat-abhiyan/en/newsletter
INFO    ✓ 68 words → _unnat_bharat_abhiyan_en_newsletter_bc93e502.txt
INFO  [HTML 1209/1500] https://iitj.ac.in/office-of-academics/en/M.Sc.-(Digital-humanities)
INFO    ✓ 73 words → _office_of_academics_en_M_Sc___Digital_humanities__ceb2c70d.txt
INFO  [HTML 1210/1500] https://iitj.ac.in/iot/en/news-newsletter-archive
INFO    ✓ 159 words → _iot_en_news_newsletter_archive_147df966.txt
INFO  [HTML 1211/1500] https://iitj.ac.in/chemistry/en/faculty-members
INFO    ✓ 257 words → _chemistry_en_faculty_members_f2f8824c.txt
INFO  [HTML 1212/1500] https://iitj.ac.in/People?dept=Main
WARNING    Too short (10 w), skip: https://iitj.ac.in/People?dept=Main
INFO  [HTML 1213/1500] https://iitj.ac.in/master-of-science/en/important-dates
INFO    ✓ 72 words → _master_of_science_en_important_dates_944b02c6.txt
INFO  [HTML 1214/1500] https://iitj.ac.in/cdh/en/contact
INFO    ✓ 87 words → _cdh_en_contact_a55546f5.txt
INFO  [HTML 1215/1500] https://iitj.ac.in/chemistry/en/Seminars-and-Meetings
INFO    ✓ 86 words → _chemistry_en_Seminars_and_Meetings_d6b7f6a2.txt
INFO  [HTML 1216/1500] https://iitj.ac.in/unnat-bharat-abhiyan/en/pi-note
INFO    ✓ 69 words → _unnat_bharat_abhiyan_en_pi_note_fe9eba18.txt
INFO  [HTML 1217/1500] https://iitj.ac.in/bachelor-of-technology/en/isolation-facilities
INFO    ✓ 439 words → _bachelor_of_technology_en_isolation_facilities_37751249.txt
INFO  [HTML 1218/1500] https://iitj.ac.in/electrical-engineering/en/Signal-Processing-Lab
INFO    ✓ 161 words → _electrical_engineering_en_Signal_Processing_Lab_26f90670.txt
INFO  [HTML 1219/1500] https://iitj.ac.in/jjm/en/visit-for-iitj-hostels-water-quality-monitoring
INFO    ✓ 84 words → en_visit_for_iitj_hostels_water_quality_monitoring_0d9afe45.txt
INFO  [HTML 1220/1500] https://iitj.ac.in/mechanical-engineering/en/Dynamics-Of-Machine-Lab
INFO    ✓ 151 words → _mechanical_engineering_en_Dynamics_Of_Machine_Lab_b5e540e0.txt
INFO  [HTML 1221/1500] https://iitj.ac.in/doctor-of-philosophy/en/eligibility
INFO    ✓ 572 words → _doctor_of_philosophy_en_eligibility_eb7cdbe5.txt
INFO  [HTML 1222/1500] https://iitj.ac.in/physics/en/postgraduate-program
INFO    ✓ 1,313 words → _physics_en_postgraduate_program_f55eb24d.txt
INFO  [HTML 1223/1500] https://iitj.ac.in/jjm/en/visit-to-basani-jodhpur
INFO    ✓ 78 words → _jjm_en_visit_to_basani_jodhpur_d5b77dd5.txt
INFO  [HTML 1224/1500] https://iitj.ac.in/bioscience-bioengineering/en/Computational-Biology-Bioinformatics
INFO    ✓ 1,457 words → ngineering_en_Computational_Biology_Bioinformatics_7164056c.txt
INFO  [HTML 1225/1500] https://iitj.ac.in/unnat-bharat-abhiyan/en/about-rci
INFO    ✓ 391 words → _unnat_bharat_abhiyan_en_about_rci_a766208d.txt
INFO  [HTML 1226/1500] https://iitj.ac.in/chemistry/en/post-graduate-program
INFO    ✓ 507 words → _chemistry_en_post_graduate_program_2cdc48ba.txt
INFO  [HTML 1227/1500] https://iitj.ac.in/iot/en/Seminar-And-Meetings
INFO    ✓ 92 words → _iot_en_Seminar_And_Meetings_4ec02c08.txt
INFO  [HTML 1228/1500] https://iitj.ac.in/electrical-engineering/en/Energy-Conversion-and-Systems-Lab
INFO    ✓ 329 words → l_engineering_en_Energy_Conversion_and_Systems_Lab_89e364ca.txt
INFO  [HTML 1229/1500] https://iitj.ac.in/materials-engineering/en/ongoing-projects
INFO    ✓ 526 words → _materials_engineering_en_ongoing_projects_ed8d91ba.txt
INFO  [HTML 1230/1500] https://iitj.ac.in/electrical-engineering/en/Electronic-Circuit-Simulation-and-VLSI-Systems-Lab
INFO    ✓ 423 words → Electronic_Circuit_Simulation_and_VLSI_Systems_Lab_a649e490.txt
INFO  [HTML 1231/1500] https://iitj.ac.in/m.sc.-m.tech.-dual-degree/en/contact
INFO    ✓ 365 words → _m_sc__m_tech__dual_degree_en_contact_6d211f8d.txt
INFO  [HTML 1232/1500] https://iitj.ac.in/crf/en/hrtem
INFO    ✓ 353 words → _crf_en_hrtem_a3fae4fd.txt
INFO  [HTML 1233/1500] https://iitj.ac.in/suraj/en/contacts
INFO    ✓ 70 words → _suraj_en_contacts_73c0d3fc.txt
INFO  [HTML 1234/1500] https://iitj.ac.in/school-of-artificial-intelligence-data-science/en/Behavior,-Cognition-and-Brain
INFO    ✓ 132 words → ence_data_science_en_Behavior__Cognition_and_Brain_efcbaeb7.txt
INFO  [HTML 1235/1500] https://iitj.ac.in/electrical-engineering/en/News-Newsletter
INFO    ✓ 265 words → _electrical_engineering_en_News_Newsletter_10f9673c.txt
INFO  [HTML 1236/1500] https://iitj.ac.in/bioscience-bioengineering/en/Biophysics
INFO    ✓ 677 words → _bioscience_bioengineering_en_Biophysics_82ffbb34.txt
INFO  [HTML 1237/1500] https://iitj.ac.in/mechanical-engineering/en/contact
INFO    ✓ 87 words → _mechanical_engineering_en_contact_71c1073a.txt
INFO  [HTML 1238/1500] https://iitj.ac.in/schools/en/brochure
INFO    ✓ 78 words → _schools_en_brochure_3ea5d711.txt
INFO  [HTML 1239/1500] https://iitj.ac.in/computer-science-engineering/en/postgraduate-programs
INFO    ✓ 1,097 words → puter_science_engineering_en_postgraduate_programs_1730154f.txt
INFO  [HTML 1240/1500] https://iitj.ac.in/school-of-liberal-arts/en/digital-language-laboratory
INFO    ✓ 258 words → ool_of_liberal_arts_en_digital_language_laboratory_fd0a4068.txt
INFO  [HTML 1241/1500] https://iitj.ac.in/office-of-academics/en/Curriculum-for-Programs-Before-2019
INFO    ✓ 253 words → f_academics_en_Curriculum_for_Programs_Before_2019_9a46df62.txt
INFO  [HTML 1242/1500] https://iitj.ac.in/mathematics/en/hod-message
INFO    ✓ 327 words → _mathematics_en_hod_message_708f0f31.txt
INFO  [HTML 1243/1500] https://iitj.ac.in/jjm/en/visit-of-central-ground-water-board
INFO    ✓ 82 words → _jjm_en_visit_of_central_ground_water_board_eb5e67da.txt
INFO  [HTML 1244/1500] https://iitj.ac.in/civil-and-infrastructure-engineering/en/under-graduate
INFO    ✓ 69 words → l_and_infrastructure_engineering_en_under_graduate_cca20398.txt
INFO  [HTML 1245/1500] https://iitj.ac.in/school-of-liberal-arts/en/phd-scholars
INFO    ✓ 787 words → _school_of_liberal_arts_en_phd_scholars_75c950ad.txt
INFO  [HTML 1246/1500] https://iitj.ac.in/master-of-technology/en/scholarships
INFO    ✓ 150 words → _master_of_technology_en_scholarships_f0590b56.txt
INFO  [HTML 1247/1500] https://iitj.ac.in/m.tech.-ph.d.-dual-degree/en/faqs
INFO    ✓ 2,173 words → _m_tech__ph_d__dual_degree_en_faqs_3937b6c6.txt
INFO  [HTML 1248/1500] https://iitj.ac.in/civil-and-infrastructure-engineering/en/technical-staff-members
INFO    ✓ 113 words → rastructure_engineering_en_technical_staff_members_d187750a.txt
INFO  [HTML 1249/1500] https://iitj.ac.in/jjm/en/capacity-building-program-on-25-september-2024
INFO    ✓ 172 words → _en_capacity_building_program_on_25_september_2024_d1a315f1.txt
INFO  [HTML 1250/1500] https://iitj.ac.in/schools/en/FAQ-1-2
INFO    ✓ 670 words → _schools_en_FAQ_1_2_aa8a0157.txt
INFO  [HTML 1251/1500] https://iitj.ac.in/computer-science-engineering/en/Research-Archive
INFO    ✓ 4,600 words → _computer_science_engineering_en_Research_Archive_bce73eab.txt
INFO  [HTML 1252/1500] https://iitj.ac.in/school-of-liberal-arts/en/highlights
INFO    ✓ 83 words → _school_of_liberal_arts_en_highlights_70a6a6d2.txt
INFO  [HTML 1253/1500] https://iitj.ac.in/crf/en/spectroscopy
INFO    ✓ 303 words → _crf_en_spectroscopy_0bb223c9.txt
INFO  [HTML 1254/1500] https://iitj.ac.in/post-doctoral-fellows/en/PDF-Positions
INFO    ✓ 102 words → _post_doctoral_fellows_en_PDF_Positions_cef8827f.txt
INFO  [HTML 1255/1500] https://iitj.ac.in/bioscience-bioengineering/en/Environmental-Biotechnology
INFO    ✓ 274 words → ence_bioengineering_en_Environmental_Biotechnology_7d619d49.txt
INFO  [HTML 1256/1500] https://iitj.ac.in/bachelor-of-technology/en/apply-online
INFO    ✓ 85 words → _bachelor_of_technology_en_apply_online_22a7d527.txt
INFO  [HTML 1257/1500] https://iitj.ac.in/jjm/en/government-school-bhuree-beri-kaliberi
INFO    ✓ 80 words → _jjm_en_government_school_bhuree_beri_kaliberi_a8e756ec.txt
INFO  [HTML 1258/1500] https://iitj.ac.in/chemistry/en/Asymmetric-Catalysis-and-Continuous-Flow-Chemistry
INFO    ✓ 361 words → Asymmetric_Catalysis_and_Continuous_Flow_Chemistry_26f88d6d.txt
INFO  [HTML 1259/1500] https://iitj.ac.in/civil-and-infrastructure-engineering/en/journal-publications
INFO    ✓ 79 words → infrastructure_engineering_en_journal_publications_7d63a194.txt
INFO  [HTML 1260/1500] https://iitj.ac.in/cete/en/fdp-on-pedagogy-and-tel
INFO    ✓ 1,895 words → _cete_en_fdp_on_pedagogy_and_tel_7685862c.txt
INFO  [HTML 1261/1500] https://iitj.ac.in/rm/en/ongoing-projects-2
INFO    ✓ 146 words → _rm_en_ongoing_projects_2_0ea83778.txt
INFO  [HTML 1262/1500] https://iitj.ac.in/civil-and-infrastructure-engineering/en/collaborations
INFO    ✓ 197 words → l_and_infrastructure_engineering_en_collaborations_f4c633f9.txt
INFO  [HTML 1263/1500] https://iitj.ac.in/chemical-engineering/en/project-staff-members
INFO    ✓ 189 words → _chemical_engineering_en_project_staff_members_8c8bf30e.txt
INFO  [HTML 1264/1500] https://iitj.ac.in/qic/en/News-Newsletter
INFO    ✓ 82 words → _qic_en_News_Newsletter_0bf927c7.txt
INFO  [HTML 1265/1500] https://iitj.ac.in/electrical-engineering/en/intelligent-vsli-systems
INFO    ✓ 294 words → electrical_engineering_en_intelligent_vsli_systems_148df56b.txt
INFO  [HTML 1266/1500] https://iitj.ac.in/Executive-Programs/en/PG-Diploma-and-MTech*-in-Artificial-Intelligence
INFO    ✓ 957 words → n_PG_Diploma_and_MTech__in_Artificial_Intelligence_6d1e89ad.txt
INFO  [HTML 1267/1500] https://iitj.ac.in/download?dept=office-of-registrar&c=Circular
WARNING    Too short (5 w), skip: https://iitj.ac.in/download?dept=office-of-registrar&c=Circular
INFO  [HTML 1268/1500] https://iitj.ac.in/cete/en/workshop-on-next-gen-edtech
INFO    ✓ 1,269 words → _cete_en_workshop_on_next_gen_edtech_2d2b89da.txt
INFO  [HTML 1269/1500] https://iitj.ac.in/civil-and-infrastructure-engineering/en/btech-student
INFO    ✓ 382 words → il_and_infrastructure_engineering_en_btech_student_f0eb45a4.txt
INFO  [HTML 1270/1500] https://iitj.ac.in/chemistry/en/Research-Highlights
INFO    ✓ 234 words → _chemistry_en_Research_Highlights_c500c335.txt
INFO  [HTML 1271/1500] https://iitj.ac.in/jjm/en/visit-of-prof-venkappayya
INFO    ✓ 88 words → _jjm_en_visit_of_prof_venkappayya_b0191837.txt
INFO  [HTML 1272/1500] https://iitj.ac.in/school-of-design/en/Events
INFO    ✓ 68 words → _school_of_design_en_Events_28ae6a06.txt
INFO  [HTML 1273/1500] https://iitj.ac.in/main/en/nirf-reports
INFO    ✓ 179 words → _main_en_nirf_reports_169a5c30.txt
INFO  [HTML 1274/1500] https://iitj.ac.in/rashtriya-avishkar-abhiyan/en/current-activities
INFO    ✓ 256 words → _rashtriya_avishkar_abhiyan_en_current_activities_9d0e42c1.txt
INFO  [HTML 1275/1500] https://iitj.ac.in/chemistry/en/Booking-for-External-Sample
INFO    ✓ 430 words → _chemistry_en_Booking_for_External_Sample_861d80a6.txt
INFO  [HTML 1276/1500] https://iitj.ac.in/chemistry/en/uv-vi
INFO    ✓ 66 words → _chemistry_en_uv_vi_39f06cbd.txt
INFO  [HTML 1277/1500] https://iitj.ac.in/dora/en/awards
INFO    ✓ 299 words → _dora_en_awards_5f135f56.txt
INFO  [HTML 1278/1500] https://iitj.ac.in/materials-engineering/en/M.Tech.-Program
INFO    ✓ 437 words → _materials_engineering_en_M_Tech__Program_52e43637.txt
INFO  [HTML 1279/1500] https://iitj.ac.in/school-of-artificial-intelligence-data-science/en/Robotics-and-Intelligent-Machines
INFO    ✓ 146 words → _data_science_en_Robotics_and_Intelligent_Machines_ea23bda0.txt
INFO  [HTML 1280/1500] https://iitj.ac.in/mathematics/en/latest-news
INFO    ✓ 129 words → _mathematics_en_latest_news_04abc702.txt
INFO  [HTML 1281/1500] https://iitj.ac.in/chemistry/en/seminar
INFO    ✓ 197 words → _chemistry_en_seminar_b0278406.txt
INFO  [HTML 1282/1500] https://iitj.ac.in/civil-and-infrastructure-engineering/en/structural-engineering
INFO    ✓ 1,088 words → frastructure_engineering_en_structural_engineering_e5243d8a.txt
INFO  [HTML 1283/1500] https://iitj.ac.in/materials-engineering/en/laboratories
INFO    ✓ 520 words → _materials_engineering_en_laboratories_f99ff08b.txt
INFO  [HTML 1284/1500] https://iitj.ac.in/grad-cohort-workshop/en/Speakers
INFO    ✓ 83 words → _grad_cohort_workshop_en_Speakers_fc401f94.txt
INFO  [HTML 1285/1500] https://iitj.ac.in/main/en/Life-@-IIT-Jodhpur
INFO    ✓ 1,209 words → _main_en_Life___IIT_Jodhpur_0e54ab00.txt
INFO  [HTML 1286/1500] https://iitj.ac.in/civil-and-infrastructure-engineering/en/faculty-members
INFO    ✓ 300 words → _and_infrastructure_engineering_en_faculty_members_1136325a.txt
INFO  [HTML 1287/1500] https://iitj.ac.in/chemistry/en/contact-angle
INFO    ✓ 70 words → _chemistry_en_contact_angle_e368b8a5.txt
INFO  [HTML 1288/1500] https://iitj.ac.in/m.tech.-ph.d.-dual-degree/en/contact
INFO    ✓ 365 words → _m_tech__ph_d__dual_degree_en_contact_c22e0bb9.txt
INFO  [HTML 1289/1500] https://iitj.ac.in/main/en/minutes-of-the-meetings
INFO    ✓ 691 words → _main_en_minutes_of_the_meetings_f7c33f84.txt
INFO  [HTML 1290/1500] https://iitj.ac.in/chemical-engineering/en/News-and-Newsletter
INFO    ✓ 120 words → _chemical_engineering_en_News_and_Newsletter_e2bde55e.txt
INFO  [HTML 1291/1500] https://iitj.ac.in/unnat-bharat-abhiyan/en/message-from-the-regional-coordinator
INFO    ✓ 388 words → t_abhiyan_en_message_from_the_regional_coordinator_93da5847.txt
INFO  [HTML 1292/1500] https://iitj.ac.in/electrical-engineering/en/Internet-of-Things-(IoT)-Laboratory
INFO    ✓ 452 words → engineering_en_Internet_of_Things__IoT__Laboratory_6126bc27.txt
INFO  [HTML 1293/1500] https://iitj.ac.in/mathematics/en/project-staff-members
INFO    ✓ 131 words → _mathematics_en_project_staff_members_e45d77d2.txt
INFO  [HTML 1294/1500] https://iitj.ac.in/materials-engineering/en/regulations
INFO    ✓ 121 words → _materials_engineering_en_regulations_4a1fbbc5.txt
INFO  [HTML 1295/1500] https://iitj.ac.in/civil-and-infrastructure-engineering/en/mtech-student
INFO    ✓ 225 words → il_and_infrastructure_engineering_en_mtech_student_e16e469f.txt
INFO  [HTML 1296/1500] https://iitj.ac.in/qic/en/news-archive
INFO    ✓ 108 words → _qic_en_news_archive_987cd7bf.txt
INFO  [HTML 1297/1500] https://iitj.ac.in/chemistry/en/Spectroscopy-Biophysics-Laboratory
INFO    ✓ 515 words → _chemistry_en_Spectroscopy_Biophysics_Laboratory_fae5ba0f.txt
INFO  [HTML 1298/1500] https://iitj.ac.in/schools/en/about-us-life-sme
INFO    ✓ 270 words → _schools_en_about_us_life_sme_c79a5046.txt
INFO  [HTML 1299/1500] https://iitj.ac.in/school-of-liberal-arts/en/undergraduate-courses
INFO    ✓ 354 words → _school_of_liberal_arts_en_undergraduate_courses_666ee058.txt
INFO  [HTML 1300/1500] https://iitj.ac.in/jjm/en/publication
INFO    ✓ 189 words → _jjm_en_publication_f8442354.txt
INFO  [HTML 1301/1500] https://iitj.ac.in/centre-of-excellence-on-arts-and-digital-immersion/en/News-and-Events
INFO    ✓ 99 words → e_on_arts_and_digital_immersion_en_News_and_Events_faa47e0e.txt
INFO  [HTML 1302/1500] https://iitj.ac.in/chemistry/en/hpws-facility
INFO    ✓ 145 words → _chemistry_en_hpws_facility_cf514d17.txt
INFO  [HTML 1303/1500] https://iitj.ac.in/computer-science-engineering/en/Award-grant-archive
INFO    ✓ 894 words → omputer_science_engineering_en_Award_grant_archive_5db449e7.txt
INFO  [HTML 1304/1500] https://iitj.ac.in/bachelor-of-technology/en/scholarships
INFO    ✓ 72 words → _bachelor_of_technology_en_scholarships_1919e89c.txt
INFO  [HTML 1305/1500] https://iitj.ac.in/mathematics/en/Seminars-and-Meetings
INFO    ✓ 110 words → _mathematics_en_Seminars_and_Meetings_4322fd03.txt
INFO  [HTML 1306/1500] https://iitj.ac.in/m.sc.-m.tech.-dual-degree/en/faqs
INFO    ✓ 2,124 words → _m_sc__m_tech__dual_degree_en_faqs_939d7b3a.txt
INFO  [HTML 1307/1500] https://iitj.ac.in/suraj/en/updates-notification
INFO    ✓ 84 words → _suraj_en_updates_notification_56e0c6de.txt
INFO  [HTML 1308/1500] https://iitj.ac.in/bioscience-bioengineering/en/about-research
INFO    ✓ 76 words → _bioscience_bioengineering_en_about_research_879eb173.txt
INFO  [HTML 1309/1500] https://iitj.ac.in/doctor-of-philosophy/en/contact
INFO    ✓ 365 words → _doctor_of_philosophy_en_contact_f8c7da9e.txt
INFO  [HTML 1310/1500] https://iitj.ac.in/vigyan-jyoti-program/en/contact
INFO    ✓ 79 words → _vigyan_jyoti_program_en_contact_f6f75b60.txt
INFO  [HTML 1311/1500] https://iitj.ac.in/mathematics/en/postgraduate-programs
INFO    ✓ 178 words → _mathematics_en_postgraduate_programs_360227ff.txt
INFO  [HTML 1312/1500] https://iitj.ac.in/office-of-academics/en/Old-Regulations
INFO    ✓ 240 words → _office_of_academics_en_Old_Regulations_79706f4c.txt
INFO  [HTML 1313/1500] https://iitj.ac.in/physics/en/curriculum
INFO    ✓ 93 words → _physics_en_curriculum_a2ac8d78.txt
INFO  [HTML 1314/1500] https://iitj.ac.in/materials-engineering/en/courses
INFO    ✓ 204 words → _materials_engineering_en_courses_d8efb98e.txt
INFO  [HTML 1315/1500] https://iitj.ac.in/office-of-academics/en/B.Tech.-Computer-Science-Engineering
INFO    ✓ 281 words → _academics_en_B_Tech__Computer_Science_Engineering_41f46274.txt
INFO  [HTML 1316/1500] https://iitj.ac.in/tisc/en/programs
INFO    ✓ 426 words → _tisc_en_programs_ad49143e.txt
INFO  [HTML 1317/1500] https://iitj.ac.in/chemistry/en/Energy-and-Environmental-Catalysis-Research-Laboratory
INFO    ✓ 382 words → gy_and_Environmental_Catalysis_Research_Laboratory_ac1c5aab.txt
INFO  [HTML 1318/1500] https://iitj.ac.in/aiot-fab-facility/en/material-characterization
INFO    ✓ 354 words → _aiot_fab_facility_en_material_characterization_f08f3e44.txt
INFO  [HTML 1319/1500] https://iitj.ac.in/main/en/constitution-of-senate
INFO    ✓ 83 words → _main_en_constitution_of_senate_8bad0cf9.txt
INFO  [HTML 1320/1500] https://iitj.ac.in/jjm/en/assessment-of-water-supply-schemes
INFO    ✓ 90 words → _jjm_en_assessment_of_water_supply_schemes_869f5b09.txt
INFO  [HTML 1321/1500] https://iitj.ac.in/office-of-establishment-e-I/en/Contact
INFO    ✓ 93 words → _office_of_establishment_e_I_en_Contact_a010ca3c.txt
INFO  [HTML 1322/1500] https://iitj.ac.in/office-of-academics/en/M.Sc.-(Mathematics)-M.Tech.-(Data-and-Computational-Sciences)
INFO    ✓ 357 words → ematics__M_Tech___Data_and_Computational_Sciences__e3263074.txt
INFO  [HTML 1323/1500] https://iitj.ac.in/flying-wings/en/competition-details
INFO    ✓ 327 words → _flying_wings_en_competition_details_1dfe3088.txt
INFO  [HTML 1324/1500] https://iitj.ac.in/crf/en/nmr
INFO    ✓ 355 words → _crf_en_nmr_063c77cc.txt
INFO  [HTML 1325/1500] https://iitj.ac.in/jjm/en/capacity-building-program-on-21-september-2023
INFO    ✓ 168 words → _en_capacity_building_program_on_21_september_2023_b8a8ea6d.txt
INFO  [HTML 1326/1500] https://iitj.ac.in/electrical-engineering/en/ug-communication-engineering
INFO    ✓ 233 words → trical_engineering_en_ug_communication_engineering_a7dc1b00.txt
INFO  [HTML 1327/1500] https://iitj.ac.in/chemical-engineering/en/completed-projects
INFO    ✓ 137 words → _chemical_engineering_en_completed_projects_47b75e67.txt
INFO  [HTML 1328/1500] https://iitj.ac.in/dh/en/students
INFO    ✓ 622 words → _dh_en_students_67b889b8.txt
INFO  [HTML 1329/1500] https://iitj.ac.in/crf/en/trpl
INFO    ✓ 280 words → _crf_en_trpl_823fefd3.txt
INFO  [HTML 1330/1500] https://iitj.ac.in/crf/en/bet-surface-area
INFO    ✓ 281 words → _crf_en_bet_surface_area_46f53230.txt
INFO  [HTML 1331/1500] https://iitj.ac.in/bioscience-bioengineering/en/courses
INFO    ✓ 133 words → _bioscience_bioengineering_en_courses_b87b32a1.txt
INFO  [HTML 1332/1500] https://iitj.ac.in/school-of-artificial-intelligence-data-science/en/Computational-Intelligence-Lab
INFO    ✓ 84 words → nce_data_science_en_Computational_Intelligence_Lab_00518a23.txt
INFO  [HTML 1333/1500] https://iitj.ac.in/schools/en/dual-degree
INFO    ✓ 138 words → _schools_en_dual_degree_6f2e5f45.txt
INFO  [HTML 1334/1500] https://iitj.ac.in/bioscience-bioengineering/en/regulations
INFO    ✓ 101 words → _bioscience_bioengineering_en_regulations_d486a80b.txt
INFO  [HTML 1335/1500] https://iitj.ac.in/school-of-design/en/2023-2025
INFO    ✓ 252 words → _school_of_design_en_2023_2025_ce547432.txt
INFO  [HTML 1336/1500] https://iitj.ac.in/electrical-engineering/en/artificial-intelligence-of-things
INFO    ✓ 224 words → l_engineering_en_artificial_intelligence_of_things_5f78f40b.txt
INFO  [HTML 1337/1500] https://iitj.ac.in/cetsd/en/net-zero
INFO    ✓ 234 words → _cetsd_en_net_zero_f951faa9.txt
INFO  [HTML 1338/1500] https://iitj.ac.in/chemistry/en/contact-angle-meter
INFO    ✓ 133 words → _chemistry_en_contact_angle_meter_7f4ec9a0.txt
INFO  [HTML 1339/1500] https://iitj.ac.in/suraj/en/eligibility
INFO    ✓ 243 words → _suraj_en_eligibility_c59c57ac.txt
INFO  [HTML 1340/1500] https://iitj.ac.in/bioscience-bioengineering/en/Events
INFO    ✓ 105 words → _bioscience_bioengineering_en_Events_dad3500f.txt
INFO  [HTML 1341/1500] https://iitj.ac.in/chemical-engineering/en/doctoral-program
INFO    ✓ 160 words → _chemical_engineering_en_doctoral_program_812b0b4e.txt
INFO  [HTML 1342/1500] https://iitj.ac.in/physics/en/ongoing-projects
INFO    ✓ 393 words → _physics_en_ongoing_projects_0d462e4e.txt
INFO  [HTML 1343/1500] https://iitj.ac.in/aiot-fab-facility/en/lithography-tools
INFO    ✓ 536 words → _aiot_fab_facility_en_lithography_tools_cbcd1fca.txt
INFO  [HTML 1344/1500] https://iitj.ac.in/school-of-artificial-intelligence-data-science/en/Network-Cognitive-Neuroscience-Lab
INFO    ✓ 88 words → data_science_en_Network_Cognitive_Neuroscience_Lab_10c5b2b8.txt
INFO  [HTML 1345/1500] https://iitj.ac.in/computer-science-engineering/en/projects
INFO    ✓ 1,004 words → _computer_science_engineering_en_projects_8742a0fa.txt
INFO  [HTML 1346/1500] https://iitj.ac.in/jjm/en/sewage-manhole-gas-analysis
INFO    ✓ 90 words → _jjm_en_sewage_manhole_gas_analysis_33d68b82.txt
INFO  [HTML 1347/1500] https://iitj.ac.in/sst/en/latest-news
INFO    ✓ 71 words → _sst_en_latest_news_e2ea7430.txt
INFO  [HTML 1348/1500] https://iitj.ac.in/physics/en/faculty-members
INFO    ✓ 261 words → _physics_en_faculty_members_e4ad5b01.txt
INFO  [HTML 1349/1500] https://iitj.ac.in/main/en/Faculty-Positions
INFO    ✓ 293 words → _main_en_Faculty_Positions_397633b8.txt
INFO  [HTML 1350/1500] https://iitj.ac.in/dia/en/computer-center
INFO    ✓ 255 words → _dia_en_computer_center_0a954f6e.txt
INFO  [HTML 1351/1500] https://iitj.ac.in/rm/en/completed-projects-2
INFO    ✓ 139 words → _rm_en_completed_projects_2_c415106d.txt
INFO  [HTML 1352/1500] https://iitj.ac.in/winter-school/en/Partner
INFO    ✓ 69 words → _winter_school_en_Partner_ae5152f3.txt
INFO  [HTML 1353/1500] https://iitj.ac.in/qic/en/research-area
INFO    ✓ 615 words → _qic_en_research_area_19b2213b.txt
INFO  [HTML 1354/1500] https://iitj.ac.in/main/en/Public-Information-Officers
INFO    ✓ 161 words → _main_en_Public_Information_Officers_392991db.txt
INFO  [HTML 1355/1500] https://iitj.ac.in/main/en/minutes-of-the-meetings-senate
INFO    ✓ 621 words → _main_en_minutes_of_the_meetings_senate_5a00d6fd.txt
INFO  [HTML 1356/1500] https://iitj.ac.in/office-of-academics/en/Academic-Regulations
INFO    ✓ 15,488 words → _office_of_academics_en_Academic_Regulations_e336f217.txt
INFO  [HTML 1357/1500] https://iitj.ac.in/cdh/en/open-source
INFO    ✓ 160 words → _cdh_en_open_source_85d9b4f5.txt
INFO  [HTML 1358/1500] https://iitj.ac.in/office-of-training-and-placement/en/contact
INFO    ✓ 87 words → _office_of_training_and_placement_en_contact_358688c5.txt
INFO  [HTML 1359/1500] https://iitj.ac.in/cete/en/game-based-learning-for-engineering-education
INFO    ✓ 298 words → e_en_game_based_learning_for_engineering_education_6c9c2d97.txt
INFO  [HTML 1360/1500] https://iitj.ac.in/master-of-science/en/assistantship
INFO    ✓ 116 words → _master_of_science_en_assistantship_5aed127b.txt
INFO  [HTML 1361/1500] https://iitj.ac.in/mechanical-engineering/en/postgraduate-program
INFO    ✓ 466 words → _mechanical_engineering_en_postgraduate_program_aa082a2b.txt
INFO  [HTML 1362/1500] https://iitj.ac.in/suraj/en/documents-required
INFO    ✓ 117 words → _suraj_en_documents_required_96d70966.txt
INFO  [HTML 1363/1500] https://iitj.ac.in/office-of-research-development/en/Events
INFO    ✓ 69 words → _office_of_research_development_en_Events_89e70a68.txt
INFO  [HTML 1364/1500] https://iitj.ac.in/mechanical-engineering/en/post-doctoral-fellows
INFO    ✓ 156 words → _mechanical_engineering_en_post_doctoral_fellows_6e8cdc6d.txt
INFO  [HTML 1365/1500] https://iitj.ac.in/computer-science-engineering/en/artificial-intelligence-and-machine-learning
INFO    ✓ 104 words → ng_en_artificial_intelligence_and_machine_learning_0eeb2b7a.txt
INFO  [HTML 1366/1500] https://iitj.ac.in/main/en/ariia-report
INFO    ✓ 85 words → _main_en_ariia_report_e8a71955.txt
INFO  [HTML 1367/1500] https://iitj.ac.in/cybersecurity/en/advisories
INFO    ✓ 3,140 words → _cybersecurity_en_advisories_b0f7a62d.txt
INFO  [HTML 1368/1500] https://iitj.ac.in/physics/en/Latest-News
INFO    ✓ 131 words → _physics_en_Latest_News_a6735b04.txt
INFO  [HTML 1369/1500] https://iitj.ac.in/cetsd/en/publication
INFO    ✓ 874 words → _cetsd_en_publication_46c008c2.txt
INFO  [HTML 1370/1500] https://iitj.ac.in/crf/en/Research-Highlights
INFO    ✓ 64 words → _crf_en_Research_Highlights_920f0f97.txt
INFO  [HTML 1371/1500] https://iitj.ac.in/bioscience-bioengineering/en/Seminars-and-Meetings
INFO    ✓ 119 words → bioscience_bioengineering_en_Seminars_and_Meetings_0440d2d6.txt
INFO  [HTML 1372/1500] https://iitj.ac.in/bioscience-bioengineering/en/Chemical-Biology-Drug-Design
INFO    ✓ 913 words → nce_bioengineering_en_Chemical_Biology_Drug_Design_53f09f84.txt
INFO  [HTML 1373/1500] https://iitj.ac.in/jjm/en/newsletter
INFO    ✓ 86 words → _jjm_en_newsletter_dfe61a5e.txt
INFO  [HTML 1374/1500] https://iitj.ac.in/computer-science-engineering/en/Annoncement-Archive
INFO    ✓ 885 words → omputer_science_engineering_en_Annoncement_Archive_87e59691.txt
INFO  [HTML 1375/1500] https://iitj.ac.in/cetsd/en/centre-offerings
INFO    ✓ 125 words → _cetsd_en_centre_offerings_80aa229d.txt
INFO  [HTML 1376/1500] https://iitj.ac.in/crf/en/Seminars-and-Meetings
INFO    ✓ 78 words → _crf_en_Seminars_and_Meetings_e1f52833.txt
INFO  [HTML 1377/1500] https://iitj.ac.in/cybersecurity/en/archive-securityalerts
INFO    ✓ 2,869 words → _cybersecurity_en_archive_securityalerts_fefd0d18.txt
INFO  [HTML 1378/1500] https://iitj.ac.in/dh/en/msc-digital-humanities
INFO    ✓ 610 words → _dh_en_msc_digital_humanities_2a35506d.txt
INFO  [HTML 1379/1500] https://iitj.ac.in/materials-engineering/en/News-Newsletter
INFO    ✓ 165 words → _materials_engineering_en_News_Newsletter_d0dc9923.txt
INFO  [HTML 1380/1500] https://iitj.ac.in/jjm/en/government-school-aaathuno-ki-dhani-tapu
INFO    ✓ 82 words → _jjm_en_government_school_aaathuno_ki_dhani_tapu_299ff909.txt
INFO  [HTML 1381/1500] https://iitj.ac.in/dia/en/About-Digital-Infrastructure-Automation
INFO    ✓ 465 words → _dia_en_About_Digital_Infrastructure_Automation_8175b4d1.txt
INFO  [HTML 1382/1500] https://iitj.ac.in/chemistry/en/courses
INFO    ✓ 329 words → _chemistry_en_courses_65fb022c.txt
INFO  [HTML 1383/1500] https://iitj.ac.in/aiot-fab-facility/en/packaging-tools
INFO    ✓ 423 words → _aiot_fab_facility_en_packaging_tools_f41ea6d8.txt
INFO  [HTML 1384/1500] https://iitj.ac.in/chemical-engineering/en/alumni
INFO    ✓ 69 words → _chemical_engineering_en_alumni_9eade33d.txt
INFO  [HTML 1385/1500] https://iitj.ac.in/doctor-of-philosophy/en/Apply-Online
INFO    ✓ 189 words → _doctor_of_philosophy_en_Apply_Online_fd023de9.txt
INFO  [HTML 1386/1500] https://iitj.ac.in/chemistry/en/Electrochemical-Workstation
INFO    ✓ 66 words → _chemistry_en_Electrochemical_Workstation_df80f971.txt
INFO  [HTML 1387/1500] https://iitj.ac.in/cetsd/en/sustainability-plan-policy
INFO    ✓ 286 words → _cetsd_en_sustainability_plan_policy_bc27e164.txt
INFO  [HTML 1388/1500] https://iitj.ac.in/jjm/en/Visit-to-Doliya-and-Jatiyawas
INFO    ✓ 80 words → _jjm_en_Visit_to_Doliya_and_Jatiyawas_f2da71db.txt
INFO  [HTML 1389/1500] https://iitj.ac.in/rashtriya-avishkar-abhiyan/en/people
INFO    ✓ 103 words → _rashtriya_avishkar_abhiyan_en_people_011293c1.txt
INFO  [HTML 1390/1500] https://iitj.ac.in/ek-bharat-shreshtha-bharat/en/contact
INFO    ✓ 110 words → _ek_bharat_shreshtha_bharat_en_contact_d2efd6ea.txt
INFO  [HTML 1391/1500] https://iitj.ac.in/dia-coe/en/omd
INFO    ✓ 212 words → _dia_coe_en_omd_2ca4f138.txt
INFO  [HTML 1392/1500] https://iitj.ac.in/jjm/en/contact
INFO    ✓ 98 words → _jjm_en_contact_bcaa5d52.txt
INFO  [HTML 1393/1500] https://iitj.ac.in/main/en/House-Allotment-Rules
INFO    ✓ 88 words → _main_en_House_Allotment_Rules_99cc0f17.txt
INFO  [HTML 1394/1500] https://iitj.ac.in/bioscience-bioengineering/en/Biomaterials-Tissue-Engineering
INFO    ✓ 749 words → _bioengineering_en_Biomaterials_Tissue_Engineering_95f4dc90.txt
INFO  [HTML 1395/1500] https://iitj.ac.in/physics/en/regulations
INFO    ✓ 92 words → _physics_en_regulations_1b0116c4.txt
INFO  [HTML 1396/1500] https://iitj.ac.in/electrical-engineering/en/RF,-Microwaves-and-Photonics
INFO    ✓ 540 words → trical_engineering_en_RF__Microwaves_and_Photonics_b938f067.txt
INFO  [HTML 1397/1500] https://iitj.ac.in/mechanical-engineering/en/Metrology-lab
INFO    ✓ 167 words → _mechanical_engineering_en_Metrology_lab_b604e2c6.txt
INFO  [HTML 1398/1500] https://iitj.ac.in/chemistry/en/regulations
INFO    ✓ 214 words → _chemistry_en_regulations_c261bcdf.txt
INFO  [HTML 1399/1500] https://iitj.ac.in/vtu/en/upcoming-programmes
INFO    ✓ 549 words → _vtu_en_upcoming_programmes_70c9eac1.txt
INFO  [HTML 1400/1500] https://iitj.ac.in/jjm/en/government-school-aathuni-dhani
INFO    ✓ 82 words → _jjm_en_government_school_aathuni_dhani_dc2cee53.txt
INFO  [HTML 1401/1500] https://iitj.ac.in/chemical-engineering/en/program-structure
INFO    ✓ 156 words → _chemical_engineering_en_program_structure_9e40856a.txt
INFO  [HTML 1402/1500] https://iitj.ac.in/office-of-students/en/UG-Orientation
INFO    ✓ 124 words → _office_of_students_en_UG_Orientation_8e87a4cc.txt
INFO  [HTML 1403/1500] https://iitj.ac.in/center-for-technology-foresight-and-policy/en/vision
INFO    ✓ 958 words → nter_for_technology_foresight_and_policy_en_vision_38d34e30.txt
INFO  [HTML 1404/1500] https://iitj.ac.in/electrical-engineering/en/Multimodal-Interaction-Lab-(MIL)
INFO    ✓ 556 words → al_engineering_en_Multimodal_Interaction_Lab__MIL__caa54a10.txt
INFO  [HTML 1405/1500] https://iitj.ac.in/gian/en/Advanced-Materials-and-Future-Technologies-for-Solar-Energy-Conversion
INFO    ✓ 120 words → nd_Future_Technologies_for_Solar_Energy_Conversion_71ac46bd.txt
INFO  [HTML 1406/1500] https://iitj.ac.in/civil-and-infrastructure-engineering/en/geotechnical-engineering
INFO    ✓ 599 words → astructure_engineering_en_geotechnical_engineering_d9014e75.txt
INFO  [HTML 1407/1500] https://iitj.ac.in/chemistry/en/collaborations
INFO    ✓ 274 words → _chemistry_en_collaborations_10016bf0.txt
INFO  [HTML 1408/1500] https://iitj.ac.in/rcrice/en/academics
INFO    ✓ 412 words → _rcrice_en_academics_cd4bf5ea.txt
INFO  [HTML 1409/1500] https://iitj.ac.in/jjm/en/education
INFO    ✓ 147 words → _jjm_en_education_0386093f.txt
INFO  [HTML 1410/1500] https://iitj.ac.in/chemistry/en/Computational-Chemistry
INFO    ✓ 761 words → _chemistry_en_Computational_Chemistry_c7394ead.txt
INFO  [HTML 1411/1500] https://iitj.ac.in/dia/en/vpn
INFO    ✓ 144 words → _dia_en_vpn_c439777f.txt
INFO  [HTML 1412/1500] https://iitj.ac.in/materials-engineering/en/contact
INFO    ✓ 87 words → _materials_engineering_en_contact_033f2fcc.txt
INFO  [HTML 1413/1500] https://iitj.ac.in/transit-accommodation-guest-house/en/About-Us
INFO    ✓ 270 words → _transit_accommodation_guest_house_en_About_Us_91ae0172.txt
INFO  [HTML 1414/1500] https://iitj.ac.in/dia/en/internet-wifi-access-facility
INFO    ✓ 132 words → _dia_en_internet_wifi_access_facility_6f7733b0.txt
INFO  [HTML 1415/1500] https://iitj.ac.in/unnat-bharat-abhiyan/en/Gallery
INFO    ✓ 68 words → _unnat_bharat_abhiyan_en_Gallery_2ac2527b.txt
INFO  [HTML 1416/1500] https://iitj.ac.in/computer-science-engineering/en/placements
INFO    ✓ 77 words → _computer_science_engineering_en_placements_cfdab9fb.txt
INFO  [HTML 1417/1500] https://iitj.ac.in/bachelor-of-technology/en/hostels-facilities
INFO    ✓ 1,003 words → _bachelor_of_technology_en_hostels_facilities_a1265c27.txt
INFO  [HTML 1418/1500] https://iitj.ac.in/mathematics/en/latest-events
INFO    ✓ 1,223 words → _mathematics_en_latest_events_3eef034e.txt
INFO  [HTML 1419/1500] https://iitj.ac.in/flying-wings/en/sponsor
INFO    ✓ 144 words → _flying_wings_en_sponsor_aab2fea3.txt
INFO  [HTML 1420/1500] https://iitj.ac.in/aiot-fab-facility/en/training-workshop
INFO    ✓ 72 words → _aiot_fab_facility_en_training_workshop_e101f9af.txt
INFO  [HTML 1421/1500] https://iitj.ac.in/chemistry/en/electrochemical-workstation-facility
INFO    ✓ 127 words → _chemistry_en_electrochemical_workstation_facility_12c1210d.txt
INFO  [HTML 1422/1500] https://iitj.ac.in/bioscience-bioengineering/en/project-staff-members
INFO    ✓ 187 words → bioscience_bioengineering_en_project_staff_members_ae98067a.txt
INFO  [HTML 1423/1500] https://iitj.ac.in/rcrice/en/student
INFO    ✓ 145 words → _rcrice_en_student_5b75c52e.txt
INFO  [HTML 1424/1500] https://iitj.ac.in/bioscience-bioengineering/en/Molecular-Motors-Cell-Motility
INFO    ✓ 380 words → e_bioengineering_en_Molecular_Motors_Cell_Motility_12f8594d.txt
INFO  [HTML 1425/1500] https://iitj.ac.in/bioscience-bioengineering/en/Announcement
INFO    ✓ 183 words → _bioscience_bioengineering_en_Announcement_aee36250.txt
INFO  [HTML 1426/1500] https://iitj.ac.in/mathematics/en/technical-staff-members
INFO    ✓ 133 words → _mathematics_en_technical_staff_members_ce01eaa3.txt
INFO  [HTML 1427/1500] https://iitj.ac.in/bioscience-bioengineering/en/laboratories
INFO    ✓ 183 words → _bioscience_bioengineering_en_laboratories_412eb634.txt
INFO  [HTML 1428/1500] https://iitj.ac.in/mechanical-engineering/en/undergraduate-program
INFO    ✓ 1,021 words → _mechanical_engineering_en_undergraduate_program_e4774d42.txt
INFO  [HTML 1429/1500] https://iitj.ac.in/school-of-liberal-arts/en/alumni
INFO    ✓ 144 words → _school_of_liberal_arts_en_alumni_f9cf9c37.txt
INFO  [HTML 1430/1500] https://iitj.ac.in/vtu/en/contact
INFO    ✓ 89 words → _vtu_en_contact_d03e0b5a.txt
INFO  [HTML 1431/1500] https://iitj.ac.in/Orders
INFO    ✓ 573 words → _Orders_84a99e10.txt
INFO  [HTML 1432/1500] https://iitj.ac.in/civil-and-infrastructure-engineering/en/mtech-phd-student
INFO    ✓ 197 words → nd_infrastructure_engineering_en_mtech_phd_student_b9645356.txt
INFO  [HTML 1433/1500] https://iitj.ac.in/school-of-artificial-intelligence-data-science/en/Social-Engineering
INFO    ✓ 127 words → al_intelligence_data_science_en_Social_Engineering_33988499.txt
INFO  [HTML 1434/1500] https://iitj.ac.in/school-of-liberal-arts/en/msc-students
INFO    ✓ 450 words → _school_of_liberal_arts_en_msc_students_79c0c33f.txt
INFO  [HTML 1435/1500] https://iitj.ac.in/institute-repository/en/Accessible
INFO    ✓ 75 words → _institute_repository_en_Accessible_157c8564.txt
INFO  [HTML 1436/1500] https://iitj.ac.in/mechanical-engineering/en/Refrigeration-and-Air-Conditioning
INFO    ✓ 206 words → _engineering_en_Refrigeration_and_Air_Conditioning_eeb6e0f9.txt
INFO  [HTML 1437/1500] https://iitj.ac.in/electrical-engineering/en/Power-Engineering
INFO    ✓ 148 words → _electrical_engineering_en_Power_Engineering_ff55c055.txt
INFO  [HTML 1438/1500] https://iitj.ac.in/dh/en/project-1
INFO    ✓ 196 words → _dh_en_project_1_587cf62d.txt
INFO  [HTML 1439/1500] https://iitj.ac.in/mechanical-engineering/en/Fluid-Mechanics-and-Turbomachinery
INFO    ✓ 338 words → _engineering_en_Fluid_Mechanics_and_Turbomachinery_72474c5c.txt
INFO  [HTML 1440/1500] https://iitj.ac.in/school-of-design/en/the-design-pod
INFO    ✓ 119 words → _school_of_design_en_the_design_pod_26a778e0.txt
INFO  [HTML 1441/1500] https://iitj.ac.in/dia/en/objective
INFO    ✓ 123 words → _dia_en_objective_f32f8c94.txt
INFO  [HTML 1442/1500] https://iitj.ac.in/mechanical-engineering/en/Automotive-Propulsion
INFO    ✓ 154 words → _mechanical_engineering_en_Automotive_Propulsion_a04dc0b4.txt
INFO  [HTML 1443/1500] https://iitj.ac.in/chemistry/en/fluorescence
INFO    ✓ 65 words → _chemistry_en_fluorescence_d34a4e98.txt
INFO  [HTML 1444/1500] https://iitj.ac.in/grad-cohort-workshop/en/Registration
INFO    ✓ 72 words → _grad_cohort_workshop_en_Registration_58a03e7e.txt
INFO  [HTML 1445/1500] https://iitj.ac.in/chemical-engineering/en/technical-staff-members
INFO    ✓ 115 words → _chemical_engineering_en_technical_staff_members_80b35a2b.txt
INFO  [HTML 1446/1500] https://iitj.ac.in/dia/en/about-dia
INFO    ✓ 589 words → _dia_en_about_dia_74048244.txt
INFO  [HTML 1447/1500] https://iitj.ac.in/office-of-academics/en/B.Tech.-Materials-Engineering
INFO    ✓ 257 words → fice_of_academics_en_B_Tech__Materials_Engineering_f21b0011.txt
INFO  [HTML 1448/1500] https://iitj.ac.in/cetsd/en/campus-sustainability
INFO    ✓ 184 words → _cetsd_en_campus_sustainability_a195fcea.txt
INFO  [HTML 1449/1500] https://iitj.ac.in/main/en/Procedure-for-RTI
INFO    ✓ 328 words → _main_en_Procedure_for_RTI_4a675132.txt
INFO  [HTML 1450/1500] https://iitj.ac.in/removed1/en/Students
INFO    ✓ 130 words → _removed1_en_Students_05ebc7db.txt
INFO  [HTML 1451/1500] https://iitj.ac.in/doctor-of-philosophy/en/scholarships
INFO    ✓ 73 words → _doctor_of_philosophy_en_scholarships_90d770c4.txt
INFO  [HTML 1452/1500] https://iitj.ac.in/chemistry/en/hrms-facility
INFO    ✓ 129 words → _chemistry_en_hrms_facility_86867000.txt
INFO  [HTML 1453/1500] https://iitj.ac.in/jjm/en/greywater-management-practices-in-danwara-and-hardhani-villages
INFO    ✓ 90 words → agement_practices_in_danwara_and_hardhani_villages_eef0f772.txt
INFO  [HTML 1454/1500] https://iitj.ac.in/crf/en/ink-jet-printer
INFO    ✓ 217 words → _crf_en_ink_jet_printer_fe909121.txt
INFO  [HTML 1455/1500] https://iitj.ac.in/school-of-artificial-intelligence-data-science/en/Theoretical-AI
INFO    ✓ 131 words → ficial_intelligence_data_science_en_Theoretical_AI_42c6c166.txt
INFO  [HTML 1456/1500] https://iitj.ac.in/cete/en/edtech-talk
INFO    ✓ 165 words → _cete_en_edtech_talk_4adcd02b.txt
INFO  [HTML 1457/1500] https://iitj.ac.in/electrical-engineering/en/Wireless-and-Microwave-Laboratory
INFO    ✓ 419 words → l_engineering_en_Wireless_and_Microwave_Laboratory_76002978.txt
INFO  [HTML 1458/1500] https://iitj.ac.in/school-of-liberal-arts/en/Events,-News-and-Achievements
INFO    ✓ 110 words → l_of_liberal_arts_en_Events__News_and_Achievements_c2a8e81b.txt
INFO  [HTML 1459/1500] https://iitj.ac.in/office-of-estate/en/Contact
INFO    ✓ 79 words → _office_of_estate_en_Contact_a0114106.txt
INFO  [HTML 1460/1500] https://iitj.ac.in/jjm/en/government-school-hanuman-bhakri-balarwa
INFO    ✓ 80 words → _jjm_en_government_school_hanuman_bhakri_balarwa_d1077f36.txt
INFO  [HTML 1461/1500] https://iitj.ac.in/computer-science-engineering/en/sponsors-collaborators
INFO    ✓ 358 words → uter_science_engineering_en_sponsors_collaborators_8b8bf4ed.txt
INFO  [HTML 1462/1500] https://iitj.ac.in/removed1/en/Curriculum
INFO    ✓ 198 words → _removed1_en_Curriculum_3eeb6a23.txt
INFO  [HTML 1463/1500] https://iitj.ac.in/removed1/en/Specialisation
INFO    ✓ 1,939 words → _removed1_en_Specialisation_79ee5380.txt
INFO  [HTML 1464/1500] https://iitj.ac.in/jjm/en/government-school-sindhlon-ki-dhani
INFO    ✓ 80 words → _jjm_en_government_school_sindhlon_ki_dhani_2ba3c99b.txt
INFO  [HTML 1465/1500] https://iitj.ac.in/gian/en/Robot-Modeling-and-Control-and-Applications-to-Aerial-Robots
INFO    ✓ 114 words → ling_and_Control_and_Applications_to_Aerial_Robots_083da3dd.txt
INFO  [HTML 1466/1500] https://iitj.ac.in/sst/en/contact
INFO    ✓ 85 words → _sst_en_contact_e397d0e2.txt
INFO  [HTML 1467/1500] https://iitj.ac.in/chemistry/en/internal-sample
INFO    ✓ 630 words → _chemistry_en_internal_sample_2dc5b20f.txt
INFO  [HTML 1468/1500] https://iitj.ac.in/institute-repository/en/ARIIA-2019-20
INFO    ✓ 75 words → _institute_repository_en_ARIIA_2019_20_c087cec2.txt
INFO  [HTML 1469/1500] https://iitj.ac.in/centre-of-excellence-on-arts-and-digital-immersion/en/iitjxpati-artist-in-residency
INFO    ✓ 564 words → digital_immersion_en_iitjxpati_artist_in_residency_6c79bba5.txt
INFO  [HTML 1470/1500] https://iitj.ac.in/office-of-security-transports/en/security
INFO    ✓ 537 words → _office_of_security_transports_en_security_c291aa63.txt
INFO  [HTML 1471/1500] https://iitj.ac.in/cetsd/en/contact
INFO    ✓ 92 words → _cetsd_en_contact_d93ef139.txt
INFO  [HTML 1472/1500] https://iitj.ac.in/electrical-engineering/en/cyber-physical-system
INFO    ✓ 207 words → _electrical_engineering_en_cyber_physical_system_f3491a71.txt
INFO  [HTML 1473/1500] https://iitj.ac.in/jjm/en/ashirvad-water-challenge-consultancy
INFO    ✓ 128 words → _jjm_en_ashirvad_water_challenge_consultancy_7e29ffa0.txt
INFO  [HTML 1474/1500] https://iitj.ac.in/support-iit-jodhpur/en/CSR
INFO    ✓ 117 words → _support_iit_jodhpur_en_CSR_ec1267d4.txt
INFO  [HTML 1475/1500] https://iitj.ac.in/lecture-series/en/distinguished-lectures
INFO    ✓ 157 words → _lecture_series_en_distinguished_lectures_86e6a11a.txt
INFO  [HTML 1476/1500] https://iitj.ac.in/removed1/en/How-to-apply
INFO    ✓ 82 words → _removed1_en_How_to_apply_3bf6a147.txt
INFO  [HTML 1477/1500] https://iitj.ac.in/download?dept=office-of-registrar&c=Office-Orders-1
WARNING    Too short (5 w), skip: https://iitj.ac.in/download?dept=office-of-registrar&c=Office-Orders-1
INFO  [HTML 1478/1500] https://iitj.ac.in/unnat-bharat-abhiyan/en/selected-villages
INFO    ✓ 69 words → _unnat_bharat_abhiyan_en_selected_villages_b4a79d17.txt
INFO  [HTML 1479/1500] https://iitj.ac.in/school-of-liberal-arts/en/newsletter
INFO    ✓ 68 words → _school_of_liberal_arts_en_newsletter_c0c2bae4.txt
INFO  [HTML 1480/1500] https://iitj.ac.in/office-of-international-relations/en/alumni-global-presence
INFO    ✓ 1,365 words → _international_relations_en_alumni_global_presence_ea2a51ce.txt
INFO  [HTML 1481/1500] https://iitj.ac.in/mechanical-engineering/en/Advanced-Manufacturing
INFO    ✓ 237 words → _mechanical_engineering_en_Advanced_Manufacturing_1f151588.txt
INFO  [HTML 1482/1500] https://iitj.ac.in/materials-engineering/en/M.-Tech.-Ph.D.-Program
INFO    ✓ 488 words → _materials_engineering_en_M__Tech__Ph_D__Program_15a3edff.txt
INFO  [HTML 1483/1500] https://iitj.ac.in/centre-of-excellence-on-arts-and-digital-immersion/en/contact
INFO    ✓ 94 words → xcellence_on_arts_and_digital_immersion_en_contact_a3d25746.txt
INFO  [HTML 1484/1500] https://iitj.ac.in/aiot-fab-facility/en/electrical-characterization
INFO    ✓ 329 words → _aiot_fab_facility_en_electrical_characterization_882ba97f.txt
INFO  [HTML 1485/1500] https://iitj.ac.in/chemistry/en/news-and-newsletter
INFO    ✓ 288 words → _chemistry_en_news_and_newsletter_e4ae7200.txt
INFO  [HTML 1486/1500] https://iitj.ac.in/office-of-research-development/en/About-Us
INFO    ✓ 465 words → _office_of_research_development_en_About_Us_1b2f0a9e.txt
INFO  [HTML 1487/1500] https://iitj.ac.in/centre-of-excellence-on-arts-and-digital-immersion/en/research-projects
INFO    ✓ 584 words → on_arts_and_digital_immersion_en_research_projects_4f85b063.txt
INFO  [HTML 1488/1500] https://iitj.ac.in/jjm/en/government-school-bhakandaa-naada-borunda
INFO    ✓ 80 words → _jjm_en_government_school_bhakandaa_naada_borunda_559b6023.txt
INFO  [HTML 1489/1500] https://iitj.ac.in/school-of-design/en/admission-phd-program-in-design
INFO    ✓ 526 words → chool_of_design_en_admission_phd_program_in_design_77c42483.txt
INFO  [HTML 1490/1500] https://iitj.ac.in/tisc/en/about
INFO    ✓ 305 words → _tisc_en_about_668f310b.txt
INFO  [HTML 1491/1500] https://iitj.ac.in/iot/en/project
INFO    ✓ 1,073 words → _iot_en_project_d32439c4.txt
INFO  [HTML 1492/1500] https://iitj.ac.in/computer-science-engineering/en/students
INFO    ✓ 247 words → _computer_science_engineering_en_students_6105ede4.txt
INFO  [HTML 1493/1500] https://iitj.ac.in/vtu/en/past-programmes
INFO    ✓ 842 words → _vtu_en_past_programmes_9733c824.txt
INFO  [HTML 1494/1500] https://iitj.ac.in/sst/en/News-Newsletter
INFO    ✓ 117 words → _sst_en_News_Newsletter_f5a0d792.txt
INFO  [HTML 1495/1500] https://iitj.ac.in/computer-science-engineering/en/contact
INFO    ✓ 87 words → _computer_science_engineering_en_contact_174c7d82.txt
INFO  [HTML 1496/1500] https://iitj.ac.in/cybersecurity/en/cyberawareness
INFO    ✓ 109 words → _cybersecurity_en_cyberawareness_bfce0d14.txt
INFO  [HTML 1497/1500] https://iitj.ac.in/rti-cell/en/Contact
INFO    ✓ 93 words → _rti_cell_en_Contact_7765813e.txt
INFO  [HTML 1498/1500] https://iitj.ac.in/jjm/en/groundwater-recharge-for-arid-and-semi-arid
INFO    ✓ 84 words → jjm_en_groundwater_recharge_for_arid_and_semi_arid_c2ea5274.txt
INFO  [HTML 1499/1500] https://iitj.ac.in/chemistry/en/researchrlaboratories
INFO    ✓ 100 words → _chemistry_en_researchrlaboratories_69edcc7a.txt
INFO  [HTML 1500/1500] https://iitj.ac.in/office-of-international-relations/en/guest-visit
INFO    ✓ 205 words → _office_of_international_relations_en_guest_visit_076556b5.txt
INFO  
── Phase 2: PDF extraction (1657 PDFs found) ──────
INFO  [PDF 1/1000] https://intranet.iitj.ac.in/correspondences/assets/uploads/document/2025/02/2025-02-24-67bc14df30a8f-1740379359.pdf
INFO  [PDF 2/1000] https://iitj.ac.in/PageImages/Pages/03-2025/eb3fd7cf-c97b-4ca8-a574-e785aa5c8bc8.pdf
INFO    ✓ [PDF] 1,492 words → s_03_2025_eb3fd7cf_c97b_4ca8_a574_e785aa5c8bc8_pdf_ac766ebd.txt
INFO  [PDF 3/1000] https://iitj.ac.in/PageImages/Pages/11-2025/Khamma-Ghani-03-11-2025.pdf
INFO    ✓ [PDF] 195 words → geImages_Pages_11_2025_Khamma_Ghani_03_11_2025_pdf_ece45554.txt
INFO  [PDF 4/1000] https://iitj.ac.in/PageImages/Gallery/03-2025/Website-Research-Projects-638772906605230764.pdf
INFO    ✓ [PDF] 17,366 words → 5_Website_Research_Projects_638772906605230764_pdf_59504f97.txt
INFO  [PDF 5/1000] https://iitj.ac.in/PageImages/RTI/07-2025/Time-limit-for-achieving-the-targets-1-638869699849300334.pdf
INFO  [PDF 6/1000] https://iitj.ac.in/PageImages/Recruitment/05-2025/Non-Teaching-Staff-Members-Result-IITJ-O(E-II)-2024-25-Non-Academic-Staff-57-638821754984894606.pdf
INFO    ✓ [PDF] 89 words → 24_25_Non_Academic_Staff_57_638821754984894606_pdf_3727ed82.txt
INFO  [PDF 7/1000] https://iitj.ac.in/PageImages/Gallery/03-2025/smecutoff-638780923040774902.pdf
INFO    ✓ [PDF] 106 words → s_Gallery_03_2025_smecutoff_638780923040774902_pdf_e39d23fc.txt
INFO  [PDF 8/1000] https://iitj.ac.in/PageImages/Gallery/12-2024/Advt-67-1-638701183242317154.pdf
INFO    ✓ [PDF] 612 words → s_Gallery_12_2024_Advt_67_1_638701183242317154_pdf_24c8d9aa.txt
INFO  [PDF 9/1000] https://www.iitj.ac.in/PageImages/Gallery/11-2025/shortlisted-physics-for-test-candidatesPhD-202526Sem2Webmaster-638985382082311996.pdf
INFO    ✓ [PDF] 112 words → atesPhD_202526Sem2Webmaster_638985382082311996_pdf_136fb851.txt
INFO  [PDF 10/1000] https://iitj.ac.in/PageImages/Gallery/03-2025/cps_programstructure_27072019.pdf
INFO    ✓ [PDF] 202 words → _Gallery_03_2025_cps_programstructure_27072019_pdf_79e7a9b0.txt
INFO  [PDF 11/1000] https://iitj.ac.in/PageImages/Gallery/04-2025/October%202021_SM.pdf
INFO    ✓ [PDF] 369 words → _PageImages_Gallery_04_2025_October_202021_SM_pdf_00ce58e3.txt
INFO  [PDF 12/1000] https://iitj.ac.in/PageImages/Gallery/11-2025/Notification-12_23062022-2021-22.pdf
INFO  [PDF 13/1000] https://iitj.ac.in/PageImages/RTI/03-2025/Budget-Allocation-by-MHRD-1-638780827165691598.pdf
INFO    ✓ [PDF] 205 words → Budget_Allocation_by_MHRD_1_638780827165691598_pdf_74f6a871.txt
INFO  [PDF 14/1000] https://intranet.iitj.ac.in/correspondences/assets/uploads/document/2025/03/2025-03-18-67d957ff60d87-1742297087.pdf
INFO  [PDF 15/1000] https://iitj.ac.in/PageImages/Pages/03-2025/bc298e0d-b5b2-482e-8486-c38473569483.pdf
INFO    ✓ [PDF] 4,390 words → s_03_2025_bc298e0d_b5b2_482e_8486_c38473569483_pdf_e9665e05.txt
INFO  [PDF 16/1000] https://intranet.iitj.ac.in/acad_website/pg_curriculum/BIOSCIENCE%20AND%20BIOENGINEERING_06092019.pdf
INFO    ✓ [PDF] 16,035 words → lum_BIOSCIENCE_20AND_20BIOENGINEERING_06092019_pdf_5c5ceda6.txt
INFO  [PDF 17/1000] https://intranet.iitj.ac.in/correspondences/assets/uploads/main_website/Revised Notification_IBSC_28.01.2026.pdf
INFO    ✓ [PDF] 338 words → n_website_Revised_Notification_IBSC_28_01_2026_pdf_8452c0a7.txt
INFO  [PDF 18/1000] https://iitj.ac.in/PageImages/Gallery/01-2026/-Khamma-Ghani-AprilJune-2025-639033868725991058.pdf
INFO    ✓ [PDF] 238 words → Khamma_Ghani_AprilJune_2025_639033868725991058_pdf_2f4270ab.txt
INFO  [PDF 19/1000] https://iitj.ac.in/PageImages/RTI/03-2025/Total-Budget-for-the-public-authority-1-638779852284409381.pdf
INFO  [PDF 20/1000] https://iitj.ac.in/PageImages/Gallery/03-2025/biocourses3-638769676842435203.pdf
INFO    ✓ [PDF] 346 words → Gallery_03_2025_biocourses3_638769676842435203_pdf_337208b4.txt
INFO  [PDF 21/1000] https://iitj.ac.in/PageImages/RTI/07-2025/•-List-of-RTI-Applications_____April-2024-to-March-2025-1-638869870637792696.pdf
WARNING    Too short (10 w), skip: https://iitj.ac.in/PageImages/RTI/07-2025/•-List-of-RTI-Applications_____April-2024-to-March-2025-1-638869870637792696.pdf
INFO  [PDF 22/1000] https://iitj.ac.in/PageImages/Gallery/04-2025/June%202021_SM.pdf
INFO    ✓ [PDF] 365 words → _PageImages_Gallery_04_2025_June_202021_SM_pdf_90d7c89e.txt
INFO  [PDF 23/1000] https://iitj.ac.in/PageImages/Recruitment/03-2025/Non-Teaching-Staff-Members-Syllabus-IITJ-O(E-II)-2024-25-Non-Academic-Staff-57-638779883497966489.pdf
INFO    ✓ [PDF] 455 words → 24_25_Non_Academic_Staff_57_638779883497966489_pdf_64b7a51d.txt
INFO  [PDF 24/1000] https://iitj.ac.in/PageImages/Recruitment/03-2025/Non-Teaching-Staff-Members-Provisionally-Shortlisted-IITJ-O(E-II)-2024-25-Non-Academic-Staff-57-638780042585749889.pdf
INFO    ✓ [PDF] 334 words → 24_25_Non_Academic_Staff_57_638780042585749889_pdf_e34b88bd.txt
INFO  [PDF 25/1000] https://iitj.ac.in/PageImages/Gallery/04-2025/Event-Prof-Rene-M-Koenigs-638809219710629600.pdf
INFO    ✓ [PDF] 114 words → 5_Event_Prof_Rene_M_Koenigs_638809219710629600_pdf_84c60fa6.txt
INFO  [PDF 26/1000] https://iitj.ac.in/PageImages/Gallery/04-2025/2024-07-16-66961a8a0584a-1721113226.pdf
INFO    ✓ [PDF] 453 words → ry_04_2025_2024_07_16_66961a8a0584a_1721113226_pdf_8930a97c.txt
INFO  [PDF 27/1000] https://iitj.ac.in/PageImages/Recruitment/03-2025/Non-Teaching-Staff-Members-Not-Shortlisted-IITJ-O(E-II)-2024-25-Non-Academic-Staff-57-638780052003338436.pdf
INFO    ✓ [PDF] 2,448 words → 24_25_Non_Academic_Staff_57_638780052003338436_pdf_dfd74ca0.txt
INFO  [PDF 28/1000] https://iitj.ac.in/PageImages/Pages/03-2025/f674fcb4-ec7f-42bb-b875-da0cde17cb16.pdf
INFO  [PDF 29/1000] https://intranet.iitj.ac.in/correspondences/assets/uploads/main_website/Revised Notification_Institute Publication Committee.pdf
INFO  [PDF 30/1000] https://www.iitj.ac.in/PageImages/Gallery/01-2025/FINAL-PLACEMENT-REPORT-MBA-Batch-202022--638738472906016571.pdf
WARNING  Could not get FontBBox from font descriptor because None cannot be parsed as 4 floats
INFO    ✓ [PDF] 112 words → NT_REPORT_MBA_Batch_202022__638738472906016571_pdf_63370c04.txt
INFO  [PDF 31/1000] https://iitj.ac.in/PageImages/Gallery/02-2025/No-TDS-Certificate--638741917618081346.pdf
INFO  [PDF 32/1000] https://iitj.ac.in/PageImages/Gallery/02-2025/BTech-Functional-Materials-Specialization-and-BTech-MTech-Dual-Degree-638756574031798172.pdf
INFO    ✓ [PDF] 3,751 words → and_BTech_MTech_Dual_Degree_638756574031798172_pdf_83bfaad6.txt
INFO  [PDF 33/1000] https://iitj.ac.in/PageImages/Gallery/04-2025/News-1--638791854907609665.pdf
INFO    ✓ [PDF] 2,991 words → ges_Gallery_04_2025_News_1__638791854907609665_pdf_f75773d0.txt
INFO  [PDF 34/1000] https://iitj.ac.in/PageImages/Gallery/02-2025/IITJRD04-638741714591953689.pdf
INFO  [PDF 35/1000] https://iitj.ac.in/PageImages/Recruitment/05-2025/Non-Teaching-Staff-Members-Provisionally-Shortlisted-for-Stage-I-test-IITJ-O(E-II)-2024-25-Non-Academic-Staff-57-638821682066864405.pdf
INFO    ✓ [PDF] 1,724 words → 24_25_Non_Academic_Staff_57_638821682066864405_pdf_3e0302a9.txt
INFO  [PDF 36/1000] https://iitj.ac.in/PageImages/Recruitment/03-2025/Non-Teaching-Staff-Members-Syllabus-IITJ-O(E-II)-2024-25-Non-Academic-Staff-57-638779923640052970.pdf
INFO    ✓ [PDF] 852 words → 24_25_Non_Academic_Staff_57_638779923640052970_pdf_742b292c.txt
INFO  [PDF 37/1000] https://iitj.ac.in/PageImages/Gallery/11-2025/Notifications_RnD-IIPMG-11_15122021.pdf
INFO  [PDF 38/1000] https://iitj.ac.in/PageImages/Gallery/03-2025/Top-Class-Education-Scheme-for-SC-Students-638766147126943270.pdf
INFO    ✓ [PDF] 4,515 words → tion_Scheme_for_SC_Students_638766147126943270_pdf_2defae69.txt
INFO  [PDF 39/1000] https://iitj.ac.in/PageImages/Gallery/03-2025/NIRF%202018_Final%20Report.pdf
INFO    ✓ [PDF] 701 words → ges_Gallery_03_2025_NIRF_202018_Final_20Report_pdf_49bf7b99.txt
INFO  [PDF 40/1000] https://iitj.ac.in/PageImages/RTI/03-2025/List-of-RTI-Appeals-1-638780774952412005.pdf
WARNING    Too short (13 w), skip: https://iitj.ac.in/PageImages/RTI/03-2025/List-of-RTI-Appeals-1-638780774952412005.pdf
INFO  [PDF 41/1000] https://www.iitj.ac.in/PageImages/Gallery/11-2025/PhD-Result-Materials-of-AY-2025-26-Semester-II-638990836692803066.pdf
INFO    ✓ [PDF] 43 words → s_of_AY_2025_26_Semester_II_638990836692803066_pdf_3f7ea230.txt
INFO  [PDF 42/1000] https://intranet.iitj.ac.in/acad_website/Minor_Department_Interdisciplinary%20Specialization_31082020.pdf
INFO    ✓ [PDF] 1,842 words → nt_Interdisciplinary_20Specialization_31082020_pdf_9a65f2ea.txt
INFO  [PDF 43/1000] https://iitj.ac.in/PageImages/RTI/03-2025/Related-provisions,-acts,-rules-etc.-1-638779811094524646.pdf
INFO    ✓ [PDF] 1,053 words → visions__acts__rules_etc__1_638779811094524646_pdf_0552d2bc.txt
INFO  [PDF 44/1000] https://iitj.ac.in/PageImages/Pages/03-2025/648b23b1-4fb4-4ee5-a212-66c890cf63fe.pdf
INFO  [PDF 45/1000] https://www.iitj.ac.in/PageImages/Gallery/10-2025/shortlistedforinterviewsmephdjan2026-638972516543161438.pdf
INFO    ✓ [PDF] 47 words → edforinterviewsmephdjan2026_638972516543161438_pdf_c8fbe98c.txt
INFO  [PDF 46/1000] https://iitj.ac.in/PageImages/RTI/07-2025/Process-of-redress-of-grievances--1-638869711536482490.pdf
INFO  [PDF 47/1000] https://iitj.ac.in/PageImages/Gallery/12-2024/PD-pdf-position-notification-638701161417887389.pdf
INFO    ✓ [PDF] 95 words → D_pdf_position_notification_638701161417887389_pdf_c90a4bb4.txt
INFO  [PDF 48/1000] https://iitj.ac.in/PageImages/Gallery/03-2025/NIRF%202025%20Overall%20Final%20Sumitted%20Data%2031Jan2025.pdf
INFO    ✓ [PDF] 1,363 words → 0Overall_20Final_20Sumitted_20Data_2031Jan2025_pdf_6bbdf44c.txt
INFO  [PDF 49/1000] https://iitj.ac.in/PageImages/Gallery/12-2025/IMRG-Guideline-639005280779489594.pdf
INFO    ✓ [PDF] 687 words → lery_12_2025_IMRG_Guideline_639005280779489594_pdf_9cd267f5.txt
INFO  [PDF 50/1000] https://iitj.ac.in/PageImages/Gallery/03-2026/List-of-holdays-for-2026-639080479940387076.pdf
INFO  [PDF 51/1000] https://intranet.iitj.ac.in/correspondences/assets/uploads/document/2024/11/2024-11-11-6731924201bec-1731301954.pdf
INFO    ✓ [PDF] 148 words → nt_2024_11_2024_11_11_6731924201bec_1731301954_pdf_cdcd54d9.txt
INFO  [PDF 52/1000] https://iitj.ac.in/PageImages/Gallery/10-2025/shortlistedfortestchemphdjan2026-638972470367317307.pdf
INFO    ✓ [PDF] 32 words → listedfortestchemphdjan2026_638972470367317307_pdf_613c3e6f.txt
INFO  [PDF 53/1000] https://iitj.ac.in/PageImages/Gallery/02-2026/Online-Course-on-FORESIGHT-METHODS-CTFP-639075509049748062.pdf
INFO    ✓ [PDF] 667 words → e_on_FORESIGHT_METHODS_CTFP_639075509049748062_pdf_13c49364.txt
INFO  [PDF 54/1000] https://iitj.ac.in/PageImages/Gallery/11-2025/phd-result-cse-ay-2025-26-semester-II-638991517501835553.pdf
INFO    ✓ [PDF] 40 words → _cse_ay_2025_26_semester_II_638991517501835553_pdf_72d96bc6.txt
INFO  [PDF 55/1000] https://iitj.ac.in/PageImages/Gallery/06-2025/2025-04-29-681050efafc93-1745899759.pdf
INFO    ✓ [PDF] 136 words → ry_06_2025_2025_04_29_681050efafc93_1745899759_pdf_9766ca7b.txt
INFO  [PDF 56/1000] https://iitj.ac.in/PageImages/Recruitment/03-2025/Non-Teaching-Staff-Members-Not-Shortlisted-IITJ-O(E-II)-2024-25-Non-Academic-Staff-57-638780063331095175.pdf
INFO    ✓ [PDF] 427 words → 24_25_Non_Academic_Staff_57_638780063331095175_pdf_a53ed31f.txt
INFO  [PDF 57/1000] https://intranet.iitj.ac.in/correspondences/assets/uploads/main_website/Office Order_Setting-up of Checkpoints for compliance of Official Language Orders.pdf
INFO  [PDF 58/1000] https://iitj.ac.in/PageImages/Gallery/04-2025/cse/phd-vss-2024.pdf
INFO    ✓ [PDF] 32 words → _PageImages_Gallery_04_2025_cse_phd_vss_2024_pdf_cfeca834.txt
INFO  [PDF 59/1000] https://old.iitj.ac.in/uploaded_docs/2024/03/Advertisement_MTech%20_M.Tech.-Ph.D.%202024-25.pdf
WARNING    Bytes fetch failed https://old.iitj.ac.in/uploaded_docs/2024/03/Advertisement_MTech%20_M.Tech.-Ph.D.%202024-25.pdf: HTTPSConnectionPool(host='old.iitj.ac.in', port=443): Max retries exceeded with url: /uploaded_docs/2024/03/Advertisement_MTech%20_M.Tech.-Ph.D.%202024-25.pdf (Caused by SSLError(SSLCertVerificationError(1, '[SSL: CERTIFICATE_VERIFY_FAILED] certificate verify failed: unable to get local issuer certificate (_ssl.c:1006)')))
INFO  [PDF 60/1000] https://iitj.ac.in/PageImages/RTI/03-2025/CAG-and-PAC-paras-and-the-action-taken-reports-(ATRs)-after-these-have-been-laid-on-the-table-of-both-houses-of-the-parliament.-1-638780665421671709.pdf
INFO    ✓ [PDF] 1,484 words → houses_of_the_parliament__1_638780665421671709_pdf_92e76c10.txt
INFO  [PDF 61/1000] https://www.iitj.ac.in/PageImages/Gallery/10-2025/PhD-Digital-Humanities-Shortlisted-Candidates-AY-202526-SEMESTERII-638974371709280315.pdf
INFO    ✓ [PDF] 53 words → idates_AY_202526_SEMESTERII_638974371709280315_pdf_1f2a651c.txt
INFO  [PDF 62/1000] https://iitj.ac.in/PageImages/Recruitment/03-2025/Non-Teaching-Staff-Members-Provisionally-Shortlisted-IITJ-O(E-II)-2024-25-Non-Academic-Staff-57-638780040448729235.pdf
INFO    ✓ [PDF] 799 words → 24_25_Non_Academic_Staff_57_638780040448729235_pdf_242734a9.txt
INFO  [PDF 63/1000] https://iitj.ac.in/PageImages/Gallery/03-2025/2.1_notification_26102020.pdf
INFO    ✓ [PDF] 89 words → ages_Gallery_03_2025_2_1_notification_26102020_pdf_d485cac1.txt
INFO  [PDF 64/1000] https://iitj.ac.in/PageImages/Gallery/11-2025/RnDOfficerOrderno.10DelegationofPowerRnD2022-23.pdf
INFO    ✓ [PDF] 4,105 words → nDOfficerOrderno_10DelegationofPowerRnD2022_23_pdf_f619588b.txt
INFO  [PDF 65/1000] https://www.iitj.ac.in/PageImages/Gallery/01-2025/FINAL-PLACEMENT-BROCHURE-2023-25-638739190411487788.pdf
INFO    ✓ [PDF] 3,080 words → _PLACEMENT_BROCHURE_2023_25_638739190411487788_pdf_b30a9c2f.txt
INFO  [PDF 66/1000] https://iitj.ac.in/PageImages/Gallery/04-2025/cse/Adv_Ex-MTech_AI-2023.pdf
WARNING    PDF parse error: No /Root object! - Is this really a PDF?
INFO  [PDF 67/1000] https://iitj.ac.in/PageImages/Recruitment/03-2025/Non-Teaching-Staff-Members-Provisionally-Shortlisted-for-Stage-I-test-IITJ-O(E-II)-2024-25-Non-Academic-Staff-57-638780066336481194.pdf
INFO    ✓ [PDF] 284 words → 24_25_Non_Academic_Staff_57_638780066336481194_pdf_07bb1431.txt
INFO  [PDF 68/1000] https://iitj.ac.in/PageImages/Gallery/11-2025/Notification_07_Guidelinesforoverheadinvariousprojects_2023-24.PDF
INFO  [PDF 69/1000] https://intranet.iitj.ac.in/correspondences/assets/uploads/main_website/Notification_NEP_13102025.pdf
INFO  [PDF 70/1000] https://iitj.ac.in/PageImages/Gallery/03-2025/BSBE-Lecture-Series-Dr-G-Arunkumar--638772085269047407.pdf
INFO    ✓ [PDF] 144 words → ture_Series_Dr_G_Arunkumar__638772085269047407_pdf_d3e875a9.txt
INFO  [PDF 71/1000] https://www.iitj.ac.in/PageImages/Gallery/03-2026/Cutoffs-for-shortlisting-candidates-for-the-Personal-Interview-2026-639088599885932754.pdf
INFO    ✓ [PDF] 106 words → the_Personal_Interview_2026_639088599885932754_pdf_25bccc54.txt
INFO  [PDF 72/1000] https://iitj.ac.in/PageImages/RTI/03-2025/Details-of-questions-asked-and-replies-given-1-638780795239178021.pdf
INFO  [PDF 73/1000] https://iitj.ac.in/PageImages/Gallery/07-2024/ec4d0b67-5c3a-46f3-80d6-b1a6e4504d3c.pdf
INFO    ✓ [PDF] 910 words → y_07_2024_ec4d0b67_5c3a_46f3_80d6_b1a6e4504d3c_pdf_bedc0526.txt
INFO  [PDF 74/1000] https://iitj.ac.in/PageImages/Gallery/07-2025/web-hosting-638870694818995549.pdf
INFO    ✓ [PDF] 45 words → Gallery_07_2025_web_hosting_638870694818995549_pdf_b3a0f532.txt
INFO  [PDF 75/1000] https://intranet.iitj.ac.in/correspondences/uploaded_docs/assets/uploads/orders/Notification_Constitution of Course Equivalence and Credit Transfer Committee.pdf
WARNING    Bytes fetch failed https://intranet.iitj.ac.in/correspondences/uploaded_docs/assets/uploads/orders/Notification_Constitution of Course Equivalence and Credit Transfer Committee.pdf: 404 Client Error: Not Found for url: https://intranet.iitj.ac.in/correspondences/uploaded_docs/assets/uploads/orders/Notification_Constitution%20of%20Course%20Equivalence%20and%20Credit%20Transfer%20Committee.pdf
INFO  [PDF 76/1000] https://iitj.ac.in/PageImages/Gallery/04-2025/cse/PHD-VSS.pdf
INFO    ✓ [PDF] 49 words → _PageImages_Gallery_04_2025_cse_PHD_VSS_pdf_ee0f3a5b.txt
INFO  [PDF 77/1000] https://iitj.ac.in/PageImages/RTI/03-2025/Committee-of-PIOs-FAAs-with-rich-experience-in-RTI-to-identify-frequently-sought-information-under-RTI---(a)-Dates-from-which-constituted,-(b)-Name-&-Designation-of-the-Officers-2-638780800067134144.pdf
INFO    ✓ [PDF] 136 words → signation_of_the_Officers_2_638780800067134144_pdf_14c86af1.txt
INFO  [PDF 78/1000] https://iitj.ac.in/PageImages/Gallery/02-2025/Case-Western-Reserve-University-Dual-Degree-11-Programme-SME-638753869556165430.pdf
INFO    ✓ [PDF] 324 words → ual_Degree_11_Programme_SME_638753869556165430_pdf_67dd8342.txt
INFO  [PDF 79/1000] https://iitj.ac.in/PageImages/RTI/07-2025/6.-1-638870746352182668.pdf
INFO    ✓ [PDF] 99,487 words → PageImages_RTI_07_2025_6__1_638870746352182668_pdf_6aeaf888.txt
INFO  [PDF 80/1000] https://iitj.ac.in/PageImages/Pages/03-2025/6bdb6b28-6968-4154-8564-3148b9dc8ca9.pdf
INFO  [PDF 81/1000] https://iitj.ac.in/PageImages/RTI/03-2025/Total-Budget-for-the-public-authority-1-638779850932309863.pdf
INFO  [PDF 82/1000] https://iitj.ac.in/PageImages/Recruitment/05-2025/Non-Teaching-Staff-Members-Provisionally-Shortlisted-for-Stage-I-test-IITJ-O(E-II)-2024-25-Non-Academic-Staff-57-638821677604885792.pdf
INFO    ✓ [PDF] 448 words → 24_25_Non_Academic_Staff_57_638821677604885792_pdf_dd88d788.txt
INFO  [PDF 83/1000] https://iitj.ac.in/PageImages/RTI/07-2025/Foreign-and-domestic-Tours-by-ministries-and-officials-of-the-rank-of-Joint-Secretary-to-the-Government-and-above,-as-well-as-the-heads-of-the-Department.-1-638871546421918934.pdf
INFO    ✓ [PDF] 69 words → _heads_of_the_Department__1_638871546421918934_pdf_a2714d0c.txt
INFO  [PDF 84/1000] https://iitj.ac.in/PageImages/Gallery/07-2025/116Genesis-or-Chronological-Development-of-the-Institute2024-638869686988790651.pdf
INFO    ✓ [PDF] 405 words → opment_of_the_Institute2024_638869686988790651_pdf_1afe926b.txt
INFO  [PDF 85/1000] https://www.iitj.ac.in/PageImages/Gallery/11-2025/PhD-IDRPRMS-Shortlisted-Candidates-AY-202526-SEMESTERII-638981301861785161.pdf
INFO    ✓ [PDF] 98 words → idates_AY_202526_SEMESTERII_638981301861785161_pdf_6ef6b487.txt
INFO  [PDF 86/1000] https://iitj.ac.in/PageImages/Gallery/07-2025/khammaghani_25062025.pdf
INFO    ✓ [PDF] 130 words → ageImages_Gallery_07_2025_khammaghani_25062025_pdf_11b2815d.txt
INFO  [PDF 87/1000] https://iitj.ac.in/PageImages/Gallery/03-2025/ConsultancyProjectDetail.pdf
INFO    ✓ [PDF] 315 words → mages_Gallery_03_2025_ConsultancyProjectDetail_pdf_6252cd14.txt
INFO  [PDF 88/1000] https://iitj.ac.in/PageImages/Gallery/11-2025/2.NormsforAdhocAppointment-2021-22.PDF
INFO  [PDF 89/1000] https://iitj.ac.in/PageImages/Gallery/04-2025/July%202020_SM.pdf
INFO    ✓ [PDF] 159 words → _PageImages_Gallery_04_2025_July_202020_SM_pdf_8484a11d.txt
INFO  [PDF 90/1000] https://iitj.ac.in/PageImages/Gallery/11-2025/RnDNotification7ImplementationofeOfficeFormsandHelpdeskinRnD2022-23.pdf
INFO    ✓ [PDF] 146 words → mentationofeOfficeFormsandHelpdeskinRnD2022_23_pdf_7f49a5a2.txt
INFO  [PDF 91/1000] https://intranet.iitj.ac.in/correspondences/assets/uploads/main_website/Notification_Constitution of Student Scholarships & Prizes Committee_13102025.pdf
INFO  [PDF 92/1000] https://iitj.ac.in/PageImages/Gallery/04-2025/Guideline-for-hiring-of-manpower-638810968555282754.pdf
INFO  [PDF 93/1000] https://iitj.ac.in/PageImages/RTI/07-2025/6.-1-638869875124258827.pdf
INFO    ✓ [PDF] 339 words → PageImages_RTI_07_2025_6__1_638869875124258827_pdf_0773940c.txt
INFO  [PDF 94/1000] https://iitj.ac.in/PageImages/RTI/03-2025/Item---information-disclosed-so-that-public-have-minimum-resort-to-use-of-RTI-Act-to-obtain-information-1-638780815507836122.pdf
WARNING    Too short (21 w), skip: https://iitj.ac.in/PageImages/RTI/03-2025/Item---information-disclosed-so-that-public-have-minimum-resort-to-use-of-RTI-Act-to-obtain-information-1-638780815507836122.pdf
INFO  [PDF 95/1000] https://iitj.ac.in/PageImages/Gallery/04-2025/Gross%20Salary-FM_April%202022.pdf
INFO    ✓ [PDF] 1,150 words → Gallery_04_2025_Gross_20Salary_FM_April_202022_pdf_a4dface2.txt
INFO  [PDF 96/1000] https://iitj.ac.in/PageImages/Recruitment/07-2025/Non-Teaching-Staff-Members-Result-IITJ-O(E-II)-2024-25-Non-Academic-Staff-57-638871430836779710.pdf
INFO    ✓ [PDF] 186 words → 24_25_Non_Academic_Staff_57_638871430836779710_pdf_94b41746.txt
INFO  [PDF 97/1000] https://intranet.iitj.ac.in/acad_website/pg_curriculum/HUMANITIES%20AND%20SOCIAL%20SCIENCE_06092019.pdf
INFO    ✓ [PDF] 1,825 words → m_HUMANITIES_20AND_20SOCIAL_20SCIENCE_06092019_pdf_e42fe5a2.txt
INFO  [PDF 98/1000] https://intranet.iitj.ac.in/acad_website/intra/8.%20B.Tech%20CI_09102020.pdf
INFO    ✓ [PDF] 28,531 words → _acad_website_intra_8__20B_Tech_20CI_09102020_pdf_4203056c.txt
INFO  [PDF 99/1000] https://iitj.ac.in/PageImages/Gallery/03-2025/5_Circular_IITJ_OA_C_2021-22_21_122_20.01.2022.pdf
INFO    ✓ [PDF] 904 words → 5_Circular_IITJ_OA_C_2021_22_21_122_20_01_2022_pdf_1d950cfc.txt
INFO  [PDF 100/1000] https://intranet.iitj.ac.in/correspondences/assets/uploads/document/2024/09/2024-09-02-66d57ee5bc4d3-1725267685.pdf
INFO  [PDF 101/1000] https://www.iitj.ac.in/PageImages/Gallery/03-2025/Indian%20Institute%20of%20Technology%20Jodhpur20220218.pdf
INFO    ✓ [PDF] 910 words → 0Institute_20of_20Technology_20Jodhpur20220218_pdf_685ad46d.txt
INFO  [PDF 102/1000] https://iitj.ac.in/admission-postgraduate-programs/hi/List of Shortlisted Student_PhD Full Time_Sponsored_042026.pdf
WARNING    PDF parse error: No /Root object! - Is this really a PDF?
INFO  [PDF 103/1000] https://iitj.ac.in/PageImages/Gallery/12-2024/TMORL-pdf-638699576255598951.pdf
WARNING    Too short (28 w), skip: https://iitj.ac.in/PageImages/Gallery/12-2024/TMORL-pdf-638699576255598951.pdf
INFO  [PDF 104/1000] https://iitj.ac.in/PageImages/Pages/03-2025/727c46c8-2ef0-40de-9733-00cb28565f03.pdf
INFO  [PDF 105/1000] https://iitj.ac.in/PageImages/Gallery/03-2025/biocurri1-638769681210557182.pdf
INFO    ✓ [PDF] 39 words → s_Gallery_03_2025_biocurri1_638769681210557182_pdf_b9234519.txt
INFO  [PDF 106/1000] https://iitj.ac.in/PageImages/Gallery/04-2025/phd_physics.pdf
INFO    ✓ [PDF] 78 words → _PageImages_Gallery_04_2025_phd_physics_pdf_58b4df88.txt
INFO  [PDF 107/1000] https://iitj.ac.in/PageImages/Recruitment/05-2025/Non-Teaching-Staff-Members-Result-IITJ-O(E-II)-2024-25-Non-Academic-Staff-57-638821761797093531.pdf
INFO    ✓ [PDF] 97 words → 24_25_Non_Academic_Staff_57_638821761797093531_pdf_625e0bce.txt
INFO  [PDF 108/1000] https://iitj.ac.in/PageImages/RTI/03-2025/Budget-Allocation-by-MHRD-1-638780826451957739.pdf
INFO    ✓ [PDF] 136 words → Budget_Allocation_by_MHRD_1_638780826451957739_pdf_ac580828.txt
INFO  [PDF 109/1000] https://iitj.ac.in/PageImages/Gallery/03-2025/AcademicCalendarAY202425-638780656023588564.pdf
INFO    ✓ [PDF] 2,138 words → 25_AcademicCalendarAY202425_638780656023588564_pdf_8ca29936.txt
INFO  [PDF 110/1000] https://iitj.ac.in/PageImages/Pages/03-2025/9e3facac-cb16-4c09-857c-7fb7b2ed59d7.pdf
INFO  [PDF 111/1000] https://iitj.ac.in/PageImages/Gallery/06-2025/2025-06-04-684022c3604ee-1749033667.pdf
INFO    ✓ [PDF] 48 words → ry_06_2025_2025_06_04_684022c3604ee_1749033667_pdf_63ebc1d5.txt
INFO  [PDF 112/1000] https://iitj.ac.in/PageImages/Recruitment/05-2025/Non-Teaching-Staff-Members-Result-IITJ-O(E-II)-2024-25-Non-Academic-Staff-57-638821742303095743.pdf
INFO    ✓ [PDF] 85 words → 24_25_Non_Academic_Staff_57_638821742303095743_pdf_1fd7dca2.txt
INFO  [PDF 113/1000] https://iitj.ac.in/PageImages/Gallery/11-2025/15_2023-24.pdf
INFO  [PDF 114/1000] https://iitj.ac.in/PageImages/Gallery/03-2025/MSc-in-Digital-Humanities-AY-20212022-Qualifying-Criteria-for-an-InterviewCall-638773052512989939.pdf
INFO    ✓ [PDF] 125 words → iteria_for_an_InterviewCall_638773052512989939_pdf_051bc897.txt
INFO  [PDF 115/1000] https://iitj.ac.in/uploaded_docs/CGPA%20Conversion%20and%20Medium%20of%20Teaching%20Certificate_02042019.pdf
WARNING    PDF parse error: No /Root object! - Is this really a PDF?
INFO  [PDF 116/1000] https://iitj.ac.in/PageImages/RecruitmentAdvertisementMaster/03-2025/Addendum-3-1-638779765118135410.pdf
INFO    ✓ [PDF] 69 words → Master_03_2025_Addendum_3_1_638779765118135410_pdf_fd1e0908.txt
INFO  [PDF 117/1000] https://iitj.ac.in/PageImages/Gallery/02-2025/Ongoingproject5-638755650463942452.pdf
INFO    ✓ [PDF] 450 words → ery_02_2025_Ongoingproject5_638755650463942452_pdf_4387ea13.txt
INFO  [PDF 118/1000] https://iitj.ac.in/PageImages/Gallery/01-2025/Student-MBA-BATCH-PROFILE-2024-2026-638739352371711100.pdf
INFO    ✓ [PDF] 1,454 words → MBA_BATCH_PROFILE_2024_2026_638739352371711100_pdf_c67c8176.txt
INFO  [PDF 119/1000] https://iitj.ac.in/PageImages/Gallery/03-2025/ADMISSION-TO-PhD-IN-DIGITAL-HUMANITIES-638773049552778319.pdf
INFO    ✓ [PDF] 76 words → O_PhD_IN_DIGITAL_HUMANITIES_638773049552778319_pdf_5cd62886.txt
INFO  [PDF 120/1000] https://iitj.ac.in/PageImages/Gallery/04-2025/Event2-638792001168329076.pdf
WARNING  Could not get FontBBox from font descriptor because None cannot be parsed as 4 floats
WARNING  Could not get FontBBox from font descriptor because None cannot be parsed as 4 floats
WARNING  Could not get FontBBox from font descriptor because None cannot be parsed as 4 floats
INFO    ✓ [PDF] 259 words → ages_Gallery_04_2025_Event2_638792001168329076_pdf_116c453e.txt
INFO  [PDF 121/1000] https://iitj.ac.in/PageImages/Gallery/02-2025/Non-deduction-of-tds-on-gst-cerficate-638741928174616026.pdf
INFO  [PDF 122/1000] https://iitj.ac.in/PageImages/Gallery/04-2025/February%202022_FM.pdf
INFO    ✓ [PDF] 1,134 words → _PageImages_Gallery_04_2025_February_202022_FM_pdf_d9266d05.txt
INFO  [PDF 123/1000] https://iitj.ac.in/PageImages/Gallery/03-2025/Curriculum-of-the-MTech-before-2019-638772019194831520.pdf
INFO    ✓ [PDF] 11,406 words → um_of_the_MTech_before_2019_638772019194831520_pdf_cacdb319.txt
INFO  [PDF 124/1000] https://intranet.iitj.ac.in/correspondences/assets/uploads/document/2024/11/2024-11-27-6746ab7b7596f-1732684667.pdf
INFO    ✓ [PDF] 1,148 words → nt_2024_11_2024_11_27_6746ab7b7596f_1732684667_pdf_5c28266c.txt
INFO  [PDF 125/1000] https://iitj.ac.in/PageImages/Gallery/03-2025/Indian%20Institute%20of%20Technology%20Jodhpur20220218.pdf
INFO    ✓ [PDF] 910 words → 0Institute_20of_20Technology_20Jodhpur20220218_pdf_2e2103a4.txt
INFO  [PDF 126/1000] https://iitj.ac.in/PageImages/Gallery/01-2025/STI-Report-638731589124382418.pdf
INFO    ✓ [PDF] 1,135 words → _Gallery_01_2025_STI_Report_638731589124382418_pdf_aec566b1.txt
INFO  [PDF 127/1000] https://iitj.ac.in/PageImages/RTI/03-2025/English-1-638780692872881841.pdf
INFO    ✓ [PDF] 5,452 words → mages_RTI_03_2025_English_1_638780692872881841_pdf_21cf4ba4.txt
INFO  [PDF 128/1000] https://www.iitj.ac.in/PageImages/Gallery/03-2025/National%20Institutional%20Ranking%20Framework%20(NIRF)_Ranking%202017_Final%20Report.pdf
INFO    ✓ [PDF] 926 words → amework_20_NIRF__Ranking_202017_Final_20Report_pdf_d5f5ca8d.txt
INFO  [PDF 129/1000] https://iitj.ac.in/PageImages/Gallery/11-2025/1.RollingAdvt.(CallforProposal)-IRMG-2021-22.pdf
INFO  [PDF 130/1000] https://iitj.ac.in/PageImages/RTI/03-2025/CAG-and-PAC-paras-and-the-action-taken-reports-(ATRs)-after-these-have-been-laid-on-the-table-of-both-houses-of-the-parliament.-1-638780665098503439.pdf
INFO  [PDF 131/1000] https://www.iitj.ac.in/PageImages/Gallery/11-2025/PhD-CETSD-Shortlisting-Criteria-and-Syllabus-for-PhD-AY-202526-SEMESTERII-638977788100636923.pdf
INFO    ✓ [PDF] 120 words → or_PhD_AY_202526_SEMESTERII_638977788100636923_pdf_5b12e63a.txt
INFO  [PDF 132/1000] https://iitj.ac.in/PageImages/Gallery/02-2025/Ongoingproject11-638755652121602560.pdf
INFO    ✓ [PDF] 415 words → ry_02_2025_Ongoingproject11_638755652121602560_pdf_f46a7f37.txt
INFO  [PDF 133/1000] https://iitj.ac.in/PageImages/Gallery/12-2024/Pdf-position-list-638701159056123608.pdf
INFO    ✓ [PDF] 865 words → y_12_2024_Pdf_position_list_638701159056123608_pdf_be1fb505.txt
INFO  [PDF 134/1000] https://iitj.ac.in/PageImages/Gallery/07-2024/f787f8f7-7a38-4140-9e25-b9033e0b53bb.pdf
INFO    ✓ [PDF] 73 words → y_07_2024_f787f8f7_7a38_4140_9e25_b9033e0b53bb_pdf_5f9d70cb.txt
INFO  [PDF 135/1000] https://iitj.ac.in/PageImages/Gallery/02-2025/-Cancelled-Cheques-HDFC-Bank--638741915498788990.pdf
INFO  [PDF 136/1000] https://iitj.ac.in/PageImages/Gallery/03-2025/AcademicCalendarPGCAIMLprogram-638780656840856504.pdf
INFO    ✓ [PDF] 291 words → demicCalendarPGCAIMLprogram_638780656840856504_pdf_17cd96ff.txt
INFO  [PDF 137/1000] https://iitj.ac.in/PageImages/Gallery/12-2024/SBL-pdf-638699630511756017.pdf
INFO    ✓ [PDF] 84 words → ges_Gallery_12_2024_SBL_pdf_638699630511756017_pdf_c5e2b3dd.txt
INFO  [PDF 138/1000] https://iitj.ac.in/PageImages/Gallery/07-2025/115New-Administrative-Structure-638869684723442059.pdf
INFO    ✓ [PDF] 378 words → ew_Administrative_Structure_638869684723442059_pdf_f56202c7.txt
INFO  [PDF 139/1000] https://intranet.iitj.ac.in/correspondences/assets/uploads/main_website/Notification_Post Doctoral Fellowship Committee_13102025.pdf
INFO  [PDF 140/1000] https://intranet.iitj.ac.in/acad_website/intra/4.%20B.Tech%20BB_09102020.pdf
INFO    ✓ [PDF] 14,875 words → _acad_website_intra_4__20B_Tech_20BB_09102020_pdf_8fe78573.txt
INFO  [PDF 141/1000] https://iitj.ac.in/PageImages/Gallery/07-2024/15f641f5-c551-4658-a2ca-b8a8ea095f7f.pdf
INFO    ✓ [PDF] 43 words → y_07_2024_15f641f5_c551_4658_a2ca_b8a8ea095f7f_pdf_72ebf57b.txt
INFO  [PDF 142/1000] https://iitj.ac.in/PageImages/Gallery/10-2025/shortlistphdtestmaterials202526sem2-638972599648935947.pdf
INFO    ✓ [PDF] 91 words → tphdtestmaterials202526sem2_638972599648935947_pdf_547f0014.txt
INFO  [PDF 143/1000] https://iitj.ac.in/PageImages/Gallery/03-2025/wp-content/uploads/2023/07/UG_Computational-Materials-Engineering_-Specializations_BTech_MT.pdf
WARNING    PDF parse error: No /Root object! - Is this really a PDF?
INFO  [PDF 144/1000] https://iitj.ac.in/PageImages/Gallery/01-2025/Final-Placement-Report-Batch-2022-2024-638738478877673935.pdf
INFO    ✓ [PDF] 409 words → ment_Report_Batch_2022_2024_638738478877673935_pdf_ee8822c7.txt
INFO  [PDF 145/1000] https://iitj.ac.in/PageImages/Gallery/12-2025/Provisionally-Shortlisted-for-PhD-admissions-under-IDRP-QIC-639021068034692855.pdf
INFO    ✓ [PDF] 49 words → D_admissions_under_IDRP_QIC_639021068034692855_pdf_d8f2e1b3.txt
INFO  [PDF 146/1000] https://iitj.ac.in/PageImages/Gallery/05-2025/Institutes-of-Technology-Act-1961-638829208155359743.pdf
INFO  [PDF 147/1000] https://iitj.ac.in/PageImages/Pages/04-2025/06f96037-3bca-4408-b1a5-314878ae283f.pdf
INFO    ✓ [PDF] 4,103 words → s_04_2025_06f96037_3bca_4408_b1a5_314878ae283f_pdf_6f06f82e.txt
INFO  [PDF 148/1000] https://iitj.ac.in/PageImages/Gallery/04-2025/BTech_Old_REV_13122014.pdf
INFO    ✓ [PDF] 4,811 words → eImages_Gallery_04_2025_BTech_Old_REV_13122014_pdf_d6535c5d.txt
INFO  [PDF 149/1000] https://iitj.ac.in/PageImages/Gallery/02-2025/Spotlight-2-638742618866573658.pdf
INFO    ✓ [PDF] 75 words → Gallery_02_2025_Spotlight_2_638742618866573658_pdf_a370100a.txt
INFO  [PDF 150/1000] https://iitj.ac.in/PageImages/Gallery/04-2025/phd_maths.pdf
INFO    ✓ [PDF] 61 words → _PageImages_Gallery_04_2025_phd_maths_pdf_875dcc4d.txt
INFO  [PDF 151/1000] https://iitj.ac.in/PageImages/Gallery/06-2025/Fourth-merit-list_30May-23.pdf
INFO    ✓ [PDF] 38 words → ges_Gallery_06_2025_Fourth_merit_list_30May_23_pdf_18b32bb3.txt
INFO  [PDF 152/1000] https://iitj.ac.in/PageImages/Gallery/04-2025/phd_mt.pdf
INFO    ✓ [PDF] 103 words → _PageImages_Gallery_04_2025_phd_mt_pdf_5f57cdc8.txt
INFO  [PDF 153/1000] https://iitj.ac.in/PageImages/RecruitmentAdvertisementMaster/07-2025/Notice-1-638876672618484321.pdf
INFO    ✓ [PDF] 174 words → mentMaster_07_2025_Notice_1_638876672618484321_pdf_8519e15b.txt
INFO  [PDF 154/1000] https://iitj.ac.in/PageImages/Gallery/03-2025/MTech-PhD-dual-salient-features-638771985052621039.pdf
INFO    ✓ [PDF] 231 words → h_PhD_dual_salient_features_638771985052621039_pdf_9d14308d.txt
INFO  [PDF 155/1000] https://iitj.ac.in/PageImages/Gallery/06-2025/2025-05-02-6814bcf67659a-1746189558.pdf
INFO    ✓ [PDF] 64 words → ry_06_2025_2025_05_02_6814bcf67659a_1746189558_pdf_56b6d558.txt
INFO  [PDF 156/1000] https://iitj.ac.in/PageImages/Gallery/02-2025/Canara-Bank--638741914056388605.pdf
INFO  [PDF 157/1000] https://iitj.ac.in/PageImages/Gallery/03-2025/MSc-Admissions-in-Digital-Humanities-638773051449133032.pdf
INFO    ✓ [PDF] 200 words → sions_in_Digital_Humanities_638773051449133032_pdf_a7d26369.txt
INFO  [PDF 158/1000] https://iitj.ac.in/PageImages/Orders/04-2025/Appointment-of-Student-Ombudsperson-at-IIT-Jodhpur-638792790411592505.pdf
INFO    ✓ [PDF] 108 words → Ombudsperson_at_IIT_Jodhpur_638792790411592505_pdf_7ff5a3e2.txt
INFO  [PDF 159/1000] https://intranet.iitj.ac.in/correspondences/assets/uploads/main_website/Notification_Animal House Committee_13102025.pdf
INFO  [PDF 160/1000] https://iitj.ac.in/PageImages/Recruitment/03-2025/Non-Teaching-Staff-Members-Provisionally-Shortlisted-IITJ-O(E-II)-2024-25-Non-Academic-Staff-57-638780033743468182.pdf
INFO    ✓ [PDF] 752 words → 24_25_Non_Academic_Staff_57_638780033743468182_pdf_573b8ede.txt
INFO  [PDF 161/1000] https://iitj.ac.in/PageImages/Recruitment/05-2025/Non-Teaching-Staff-Members-Result-IITJ-O(E-II)-2024-25-Non-Academic-Staff-57-638821774057229923.pdf
INFO    ✓ [PDF] 181 words → 24_25_Non_Academic_Staff_57_638821774057229923_pdf_605c7fc6.txt
INFO  [PDF 162/1000] https://iitj.ac.in/PageImages/Recruitment/05-2025/Non-Teaching-Staff-Members-Result-IITJ-O(E-II)-2024-25-Non-Academic-Staff-57-638821743308834061.pdf
INFO    ✓ [PDF] 80 words → 24_25_Non_Academic_Staff_57_638821743308834061_pdf_b3cd1e7e.txt
INFO  [PDF 163/1000] https://iitj.ac.in/PageImages/Recruitment/05-2025/Non-Teaching-Staff-Members-Result-IITJ-O(E-II)-2024-25-Non-Academic-Staff-57-638821751214214050.pdf
INFO    ✓ [PDF] 98 words → 24_25_Non_Academic_Staff_57_638821751214214050_pdf_cc23eef3.txt
INFO  [PDF 164/1000] https://iitj.ac.in/PageImages/Tenders/02-2026/Supply-Installation-Testing-Commissioning-SITC-of-Submersible-Grinder-Pump-for-Sewer-Sump-in-DWTS-Tanks.-639068564718765568.pdf
INFO    ✓ [PDF] 15,847 words → r_Sewer_Sump_in_DWTS_Tanks__639068564718765568_pdf_9a9289a9.txt
INFO  [PDF 165/1000] https://iitj.ac.in/PageImages/RTI/03-2025/Item---information-disclosed-so-that-public-have-minimum-resort-to-use-of-RTI-Act-to-obtain-information-1-638780819120337971.pdf
INFO    ✓ [PDF] 6,387 words → Act_to_obtain_information_1_638780819120337971_pdf_ab8a8f2e.txt
INFO  [PDF 166/1000] https://intranet.iitj.ac.in/correspondences/assets/uploads/main_website/Notification_Ranking Committee.pdf
INFO  [PDF 167/1000] https://iitj.ac.in/PageImages/Gallery/08-2025/Cyber-Security-Awareness-Session-IITJ-638905258686468766.pdf
INFO    ✓ [PDF] 1,881 words → rity_Awareness_Session_IITJ_638905258686468766_pdf_2779c6fd.txt
INFO  [PDF 168/1000] https://iitj.ac.in/PageImages/Gallery/02-2025/new23-638763576897419742.pdf
INFO    ✓ [PDF] 625 words → mages_Gallery_02_2025_new23_638763576897419742_pdf_4e34b6a4.txt
INFO  [PDF 169/1000] https://iitj.ac.in/PageImages/Gallery/03-2025/National%20Ranking%20(Important).pdf
INFO    ✓ [PDF] 245 words → llery_03_2025_National_20Ranking_20_Important__pdf_6fb062d0.txt
INFO  [PDF 170/1000] https://iitj.ac.in/PageImages/Gallery/04-2025/msc_maths.pdf
INFO    ✓ [PDF] 85 words → _PageImages_Gallery_04_2025_msc_maths_pdf_d1bf4d21.txt
INFO  [PDF 171/1000] https://iitj.ac.in/PageImages/Gallery/02-2026/Minutes-of-the-39th-Meeting-of-Board-of-GovernorsIITJ-held-on-1103-639062444037963973.pdf
INFO    ✓ [PDF] 3,233 words → _GovernorsIITJ_held_on_1103_639062444037963973_pdf_cf144bb8.txt
INFO  [PDF 172/1000] https://iitj.ac.in/PageImages/Gallery/06-2025/List-of-candidates-provisionally-selected-for-MS-by-Research-Programme.pdf
WARNING    Too short (25 w), skip: https://iitj.ac.in/PageImages/Gallery/06-2025/List-of-candidates-provisionally-selected-for-MS-by-Research-Programme.pdf
INFO  [PDF 173/1000] https://iitj.ac.in/PageImages/Gallery/01-2025/linux-mac-vpn-638738459214358006.pdf
INFO    ✓ [PDF] 121 words → llery_01_2025_linux_mac_vpn_638738459214358006_pdf_866624a3.txt
INFO  [PDF 174/1000] https://www.iitj.ac.in/PageImages/Orders/03-2025/Adoption-of-the-rules-pertaining-to-Scheme-for-Compassionate-Appointment-under-Central-Government-at-IIT-Jodhpur---reg.-638784161368411270.pdf
INFO  [PDF 175/1000] https://iitj.ac.in/PageImages/Gallery/02-2025/Brandeis-International-Business-School-USA-Dual-Degree-11-Programme-SME-638753869437237880.pdf
INFO    ✓ [PDF] 35 words → ual_Degree_11_Programme_SME_638753869437237880_pdf_e984558b.txt
INFO  [PDF 176/1000] https://www.iitj.ac.in/PageImages/Gallery/03-2025/TopUniversityDetails_5D.pdf
INFO    ✓ [PDF] 319 words → Images_Gallery_03_2025_TopUniversityDetails_5D_pdf_a833fac0.txt
INFO  [PDF 177/1000] https://iitj.ac.in/PageImages/Orders/03-2025/Constitution-of-Committee-to-review-the-proposal-of-discontinuation-of-IITJ-Outreach-Center,-NCR,-New-Delhi-638784164825532424.pdf
WARNING    PDF parse error: No /Root object! - Is this really a PDF?
INFO  [PDF 178/1000] https://iitj.ac.in/PageImages/Gallery/04-2025/cse/MTech-CSE-WOF.pdf
INFO    ✓ [PDF] 129 words → _PageImages_Gallery_04_2025_cse_MTech_CSE_WOF_pdf_99b31f91.txt
INFO  [PDF 179/1000] https://iitj.ac.in/PageImages/Gallery/07-2025/CurrentCPIOsFAAs-511-638869806586410809.pdf
INFO    ✓ [PDF] 353 words → 7_2025_CurrentCPIOsFAAs_511_638869806586410809_pdf_b3859044.txt
INFO  [PDF 180/1000] https://iitj.ac.in/PageImages/Gallery/02-2025/IITJRD10-638741715511006493.pdf
INFO  [PDF 181/1000] https://iitj.ac.in/PageImages/Gallery/06-2025/Fifth-merit-list_7th-June-23.pdf
INFO    ✓ [PDF] 32 words → s_Gallery_06_2025_Fifth_merit_list_7th_June_23_pdf_d542dc46.txt
INFO  [PDF 182/1000] http://home.iitj.ac.in/~subhasish/1698821831_biodata.pdf
WARNING    Bytes fetch failed http://home.iitj.ac.in/~subhasish/1698821831_biodata.pdf: 403 Client Error: Forbidden for url: https://home.iitj.ac.in/
INFO  [PDF 183/1000] https://iitj.ac.in/PageImages/Gallery/03-2025/PhD-Admissions-in-Digital-Humanities-638773050376418007.pdf
INFO    ✓ [PDF] 149 words → sions_in_Digital_Humanities_638773050376418007_pdf_a61ea103.txt
INFO  [PDF 184/1000] https://iitj.ac.in/PageImages/Gallery/12-2025/Nursing-Staff-Provisional-Shortlisted-639023766055560989.pdf
INFO    ✓ [PDF] 517 words → aff_Provisional_Shortlisted_639023766055560989_pdf_725e5687.txt
INFO  [PDF 185/1000] https://intranet.iitj.ac.in/correspondences/assets/uploads/document/2024/08/2024-08-05-66b0639bc729a-1722835867.pdf
INFO  [PDF 186/1000] https://iitj.ac.in/PageImages/Recruitment/05-2025/Non-Teaching-Staff-Members-Result-IITJ-O(E-II)-2024-25-Non-Academic-Staff-57-638821768299253774.pdf
INFO    ✓ [PDF] 123 words → 24_25_Non_Academic_Staff_57_638821768299253774_pdf_76a3ffdf.txt
INFO  [PDF 187/1000] https://iitj.ac.in/PageImages/Gallery/02-2025/Manual-For-Procurement-Of-Goods-638742616254986212.pdf
INFO    ✓ [PDF] 113,627 words → al_For_Procurement_Of_Goods_638742616254986212_pdf_7472ba3c.txt
INFO  [PDF 188/1000] https://iitj.ac.in/PageImages/Pages/03-2025/555c9f32-0918-4be4-92b6-90b5a21164a6.pdf
INFO  [PDF 189/1000] https://iitj.ac.in/PageImages/Gallery/08-2025/book2pdf-638901833967233267.pdf
INFO  [PDF 190/1000] https://iitj.ac.in/PageImages/Gallery/10-2025/UBA-newsletter-638973543359263543.pdf
INFO    ✓ [PDF] 1,983 words → lery_10_2025_UBA_newsletter_638973543359263543_pdf_50d36ab7.txt
INFO  [PDF 191/1000] https://iitj.ac.in/PageImages/Gallery/07-2025/Faculty-Members-Salary-Jan-2025-638869787016572555.pdf
INFO    ✓ [PDF] 1,048 words → lty_Members_Salary_Jan_2025_638869787016572555_pdf_51098098.txt
INFO  [PDF 192/1000] https://iitj.ac.in/PageImages/Gallery/04-2025/Gross%20Salary-SM_April%202022.pdf
INFO    ✓ [PDF] 431 words → Gallery_04_2025_Gross_20Salary_SM_April_202022_pdf_e6b91059.txt
INFO  [PDF 193/1000] https://www.iitj.ac.in/PageImages/Gallery/03-2025/NIRF%202025%20Management%20Final%20Sumitted%20Data%2031Jan2025.pdf
INFO    ✓ [PDF] 545 words → nagement_20Final_20Sumitted_20Data_2031Jan2025_pdf_2df93618.txt
INFO  [PDF 194/1000] https://iitj.ac.in/PageImages/Gallery/07-2025/Requisition-for-working-in-beyond-office-hoursCIFD-638871329787609113.pdf
INFO    ✓ [PDF] 115 words → _in_beyond_office_hoursCIFD_638871329787609113_pdf_473cfaa3.txt
INFO  [PDF 195/1000] https://iitj.ac.in/PageImages/Gallery/06-2025/Candidates-Selected-for-PhD-Admission-AY-202526-SemesterI--638862669973999434.pdf
INFO    ✓ [PDF] 40 words → ission_AY_202526_SemesterI__638862669973999434_pdf_4f17929c.txt
INFO  [PDF 196/1000] https://iitj.ac.in/PageImages/Gallery/01-2026/PGBookletChemicalEngg14012026-639040055402262336.pdf
INFO    ✓ [PDF] 5,122 words → BookletChemicalEngg14012026_639040055402262336_pdf_9f1104e2.txt
INFO  [PDF 197/1000] https://iitj.ac.in/PageImages/Gallery/03-2025/Inclusivity-Cell-Policies-638785146921489519.pdf
INFO    ✓ [PDF] 2,499 words → 5_Inclusivity_Cell_Policies_638785146921489519_pdf_e72ac429.txt
INFO  [PDF 198/1000] https://iitj.ac.in/PageImages/Gallery/02-2025/Testimonials-from-our-first-batch-638745391210434301.pdf
INFO    ✓ [PDF] 338 words → onials_from_our_first_batch_638745391210434301_pdf_fedd8b94.txt
INFO  [PDF 199/1000] https://iitj.ac.in/PageImages/Gallery/04-2025/July%202020_FM.pdf
INFO    ✓ [PDF] 514 words → _PageImages_Gallery_04_2025_July_202020_FM_pdf_a33394a8.txt
INFO  [PDF 200/1000] https://www.iitj.ac.in/PageImages/Gallery/10-2025/PhD-Mathematics-Schedule-for-Interview-AY-202526-SEMESTERII-638974374480915702.pdf
INFO    ✓ [PDF] 173 words → erview_AY_202526_SEMESTERII_638974374480915702_pdf_efba9aba.txt
INFO  [PDF 201/1000] https://intranet.iitj.ac.in/correspondences/assets/uploads/main_website/Notification_Admission Committee.pdf
INFO  [PDF 202/1000] https://iitj.ac.in/PageImages/Gallery/02-2025/GST-Exemption-Certificate-Research-Grant-638741918164498334.pdf
INFO  [PDF 203/1000] https://iitj.ac.in/PageImages/Gallery/07-2025/SYNERGY-Edition-1-638892962942234591.pdf
WARNING  Could not get FontBBox from font descriptor because None cannot be parsed as 4 floats
WARNING  Could not get FontBBox from font descriptor because None cannot be parsed as 4 floats
WARNING  Could not get FontBBox from font descriptor because None cannot be parsed as 4 floats
WARNING  Could not get FontBBox from font descriptor because None cannot be parsed as 4 floats
WARNING  Could not get FontBBox from font descriptor because None cannot be parsed as 4 floats
WARNING  Could not get FontBBox from font descriptor because None cannot be parsed as 4 floats
WARNING  Could not get FontBBox from font descriptor because None cannot be parsed as 4 floats
WARNING  Could not get FontBBox from font descriptor because None cannot be parsed as 4 floats
WARNING  Could not get FontBBox from font descriptor because None cannot be parsed as 4 floats
INFO    ✓ [PDF] 1,317 words → y_07_2025_SYNERGY_Edition_1_638892962942234591_pdf_a099435c.txt
INFO  [PDF 204/1000] https://iitj.ac.in/PageImages/Gallery/06-2025/19-October-2022-Talk-by-Soumitra-Poddar-1.pdf
WARNING    PDF parse error: No /Root object! - Is this really a PDF?
INFO  [PDF 205/1000] https://iitj.ac.in/PageImages/RTI/03-2025/Consultancy-committee-of-key-stake-holders-for-advice-on-suo-motu-disclosure---(a)-Dates-from-which-constituted,-(b)-Name-&-Designation-of-the-officers-2-638780799602192727.pdf
INFO    ✓ [PDF] 136 words → signation_of_the_officers_2_638780799602192727_pdf_d16bf478.txt
INFO  [PDF 206/1000] https://iitj.ac.in/PageImages/Gallery/04-2025/Gross%20Salary-SM_May%202022.pdf
INFO    ✓ [PDF] 515 words → s_Gallery_04_2025_Gross_20Salary_SM_May_202022_pdf_3a0bc665.txt
INFO  [PDF 207/1000] https://iitj.ac.in/PageImages/Gallery/03-2025/course61-638767711043619888.pdf
INFO    ✓ [PDF] 235 words → es_Gallery_03_2025_course61_638767711043619888_pdf_f8cb6ad5.txt
INFO  [PDF 208/1000] https://iitj.ac.in/PageImages/Gallery/07-2025/Constitution-of-Statutory-Bodies-IIT-Jodhpur-638869764561522458.pdf
INFO    ✓ [PDF] 1,692 words → tatutory_Bodies_IIT_Jodhpur_638869764561522458_pdf_81d418ef.txt
INFO  [PDF 209/1000] https://iitj.ac.in/PageImages/Gallery/04-2025/20230619180423.pdf
INFO  [PDF 210/1000] https://iitj.ac.in/PageImages/Recruitment/07-2025/Non-Teaching-Staff-Members-Provisionally-Shortlisted-for-Stage-I-test-IITJ-O(E-II)-2024-25-Non-Academic-Staff-57-638876733105103141.pdf
INFO    ✓ [PDF] 63 words → 24_25_Non_Academic_Staff_57_638876733105103141_pdf_d2e14884.txt
INFO  [PDF 211/1000] https://iitj.ac.in/PageImages/Pages/03-2025/347fe17d-197f-4680-807a-32081285c927.pdf
INFO    ✓ [PDF] 224 words → s_03_2025_347fe17d_197f_4680_807a_32081285c927_pdf_63ddf844.txt
INFO  [PDF 212/1000] https://iitj.ac.in/PageImages/Gallery/03-2025/Indian%20Institute%20of%20Technology%20Jodhpur20230118_Engineering_NIRF_2023.pdf
INFO    ✓ [PDF] 846 words → nology_20Jodhpur20230118_Engineering_NIRF_2023_pdf_417ec0b9.txt
INFO  [PDF 213/1000] https://iitj.ac.in/PageImages/RTI/03-2025/Budget-Allocation-by-MHRD-1-638780826857528369.pdf
INFO    ✓ [PDF] 151 words → Budget_Allocation_by_MHRD_1_638780826857528369_pdf_f07be110.txt
INFO  [PDF 214/1000] https://iitj.ac.in/PageImages/Gallery/03-2025/CY_curriculum structure.pdf
INFO    ✓ [PDF] 87 words → Images_Gallery_03_2025_CY_curriculum_structure_pdf_2934873c.txt
INFO  [PDF 215/1000] https://iitj.ac.in/PageImages/RTI/03-2025/Item---information-disclosed-so-that-public-have-minimum-resort-to-use-of-RTI-Act-to-obtain-information-1-638780815149104450.pdf
WARNING    Too short (14 w), skip: https://iitj.ac.in/PageImages/RTI/03-2025/Item---information-disclosed-so-that-public-have-minimum-resort-to-use-of-RTI-Act-to-obtain-information-1-638780815149104450.pdf
INFO  [PDF 216/1000] https://iitj.ac.in/PageImages/RTI/03-2025/Title-and-nature-of-the-record--manual--instruction.-1-638779944549612569.pdf
INFO    ✓ [PDF] 80,194 words → ord__manual__instruction__1_638779944549612569_pdf_e7123580.txt
INFO  [PDF 217/1000] https://iitj.ac.in/PageImages/Gallery/12-2025/SoLA Newsletter 2025.pdf
INFO    ✓ [PDF] 1,772 words → ageImages_Gallery_12_2025_SoLA_Newsletter_2025_pdf_26d37151.txt
INFO  [PDF 218/1000] https://iitj.ac.in/PageImages/Gallery/10-2025/PhD-CTEP-Shortlisted-Candidates-AY-202526-SEMESTERII-638974325731124006.pdf
INFO    ✓ [PDF] 63 words → idates_AY_202526_SEMESTERII_638974325731124006_pdf_1f0b8a3c.txt
INFO  [PDF 219/1000] https://iitj.ac.in/PageImages/Pages/03-2025/0467567b-7b2f-40a1-b6b2-1ca0bfdf329f.pdf
INFO    ✓ [PDF] 2,608 words → s_03_2025_0467567b_7b2f_40a1_b6b2_1ca0bfdf329f_pdf_b475294f.txt
INFO  [PDF 220/1000] https://intranet.iitj.ac.in/correspondences/assets/uploads/document/2024/08/2024-08-27-66cd6e3a2872f-1724739130.pdf
INFO  [PDF 221/1000] https://intranet.iitj.ac.in/acad_website/intra/1.%20B.Tech%20ME_09102020.pdf
INFO    ✓ [PDF] 20,145 words → _acad_website_intra_1__20B_Tech_20ME_09102020_pdf_57a99602.txt
INFO  [PDF 222/1000] https://iitj.ac.in/PageImages/Recruitment/03-2025/Non-Teaching-Staff-Members-Advertisement-IITJ--OR(NF)-2024-25-Med-01-638780084201306999.pdf
INFO    ✓ [PDF] 983 words → IITJ__OR_NF__2024_25_Med_01_638780084201306999_pdf_0ddb4750.txt
INFO  [PDF 223/1000] https://iitj.ac.in/PageImages/Gallery/11-2025/Notification_RnD-3_15122021.pdf
INFO  [PDF 224/1000] https://iitj.ac.in/PageImages/Gallery/03-2025/IITJ_AR_2019-20_Hindi.pdf
INFO    ✓ [PDF] 918 words → geImages_Gallery_03_2025_IITJ_AR_2019_20_Hindi_pdf_8e7d8626.txt
INFO  [PDF 225/1000] https://iitj.ac.in/PageImages/Recruitment/03-2025/Non-Teaching-Staff-Members-Syllabus-IITJ-O(E-II)-2024-25-Non-Academic-Staff-57-638779925797617207.pdf
INFO    ✓ [PDF] 188 words → 24_25_Non_Academic_Staff_57_638779925797617207_pdf_b2e6a86a.txt
INFO  [PDF 226/1000] https://iitj.ac.in/PageImages/Recruitment/03-2025/Non-Teaching-Staff-Members-Syllabus-IITJ-O(E-II)-2024-25-Non-Academic-Staff-57-638779924029386152.pdf
INFO    ✓ [PDF] 940 words → 24_25_Non_Academic_Staff_57_638779924029386152_pdf_8c87d615.txt
INFO  [PDF 227/1000] https://iitj.ac.in/PageImages/Recruitment/03-2025/Non-Teaching-Staff-Members-Provisionally-Shortlisted-IITJ-O(E-II)-2024-25-Non-Academic-Staff-57-638780048560315667.pdf
INFO    ✓ [PDF] 961 words → 24_25_Non_Academic_Staff_57_638780048560315667_pdf_08644466.txt
INFO  [PDF 228/1000] https://iitj.ac.in/PageImages/Gallery/06-2025/Towards-Carbon-Neutrality-A-Report-on-IIT-Jodhpurs-Emissions-20242025-638860168760047249.pdf
INFO    ✓ [PDF] 1,734 words → Jodhpurs_Emissions_20242025_638860168760047249_pdf_5b2dd1f3.txt
INFO  [PDF 229/1000] https://intranet.iitj.ac.in/correspondences/assets/uploads/main_website/Notification_Committee_Research_Initiation_Grant.pdf
INFO  [PDF 230/1000] https://www.iitj.ac.in/PageImages/Gallery/12-2025/PROVISIONALLY-SELECTED-FOR-PhD-639026193998027425.pdf
INFO    ✓ [PDF] 36 words → VISIONALLY_SELECTED_FOR_PhD_639026193998027425_pdf_c8b0c004.txt
INFO  [PDF 231/1000] https://iitj.ac.in/PageImages/Gallery/12-2025/Shortlisted-Candidates-for-the-Admission-to-the-PhD-Program-2026-chemical-engg-639021739623794262.pdf
WARNING    Too short (22 w), skip: https://iitj.ac.in/PageImages/Gallery/12-2025/Shortlisted-Candidates-for-the-Admission-to-the-PhD-Program-2026-chemical-engg-639021739623794262.pdf
INFO  [PDF 232/1000] https://iitj.ac.in/PageImages/Recruitment/03-2025/Non-Teaching-Staff-Members-Not-Shortlisted-IITJ-O(E-II)-2024-25-Non-Academic-Staff-57-638780052340362260.pdf
INFO    ✓ [PDF] 1,138 words → 24_25_Non_Academic_Staff_57_638780052340362260_pdf_22062358.txt
INFO  [PDF 233/1000] https://iitj.ac.in/PageImages/Recruitment/03-2025/Non-Teaching-Staff-Members-Syllabus-IITJ-O(E-II)-2024-25-Non-Academic-Staff-57-638779874202716420.pdf
INFO    ✓ [PDF] 103 words → 24_25_Non_Academic_Staff_57_638779874202716420_pdf_7a76dae8.txt
INFO  [PDF 234/1000] https://iitj.ac.in/PageImages/Gallery/03-2025/IITJ_NIRF_Submitted_19Feb2021.pdf
INFO    ✓ [PDF] 834 words → _Gallery_03_2025_IITJ_NIRF_Submitted_19Feb2021_pdf_3655e22d.txt
INFO  [PDF 235/1000] https://iitj.ac.in/PageImages/Gallery/04-2025/20230619180322.pdf
INFO  [PDF 236/1000] https://iitj.ac.in/PageImages/Gallery/03-2025/Program Structure_under_curriculum_Physics.pdf
INFO    ✓ [PDF] 183 words → 025_Program_Structure_under_curriculum_Physics_pdf_47c47150.txt
INFO  [PDF 237/1000] https://iitj.ac.in/PageImages/Pages/03-2025/a372541c-8974-4a8b-bb3e-b6b1c2e74451.pdf
INFO    ✓ [PDF] 4,529 words → s_03_2025_a372541c_8974_4a8b_bb3e_b6b1c2e74451_pdf_9f4b7fee.txt
INFO  [PDF 238/1000] https://intranet.iitj.ac.in/correspondences/assets/uploads/main_website/BoG Office Order_Creation of additional six PIC positions and Revised Administrative Structure for the Deans and PICs.pdf
INFO  [PDF 239/1000] https://iitj.ac.in/PageImages/Gallery/04-2025/Staff%20Members%20(March%2021).pdf
INFO    ✓ [PDF] 50 words → Gallery_04_2025_Staff_20Members_20_March_2021__pdf_5e18fef4.txt
INFO  [PDF 240/1000] https://iitj.ac.in/PageImages/Gallery/02-2025/Guide-to-Patent-Searching-638741895107012361.pdf
INFO    ✓ [PDF] 5,393 words → 5_Guide_to_Patent_Searching_638741895107012361_pdf_3398eae1.txt
INFO  [PDF 241/1000] https://iitj.ac.in/PageImages/Gallery/02-2025/news52-638763577582884363.pdf
WARNING    Too short (29 w), skip: https://iitj.ac.in/PageImages/Gallery/02-2025/news52-638763577582884363.pdf
INFO  [PDF 242/1000] https://iitj.ac.in/PageImages/Gallery/04-2025/cse/update-MTech-PhD-Shortlisting-Sem-1-2024.pdf
INFO    ✓ [PDF] 117 words → 5_cse_update_MTech_PhD_Shortlisting_Sem_1_2024_pdf_4985e3a1.txt
INFO  [PDF 243/1000] https://iitj.ac.in/PageImages/Gallery/06-2025/Advt.-No_-51_ELI-on-contract_F.pdf
INFO    ✓ [PDF] 941 words → Gallery_06_2025_Advt__No__51_ELI_on_contract_F_pdf_d15dda2c.txt
INFO  [PDF 244/1000] https://iitj.ac.in/PageImages/Gallery/03-2025/MTech-AI-curriculum.pdf
INFO  [PDF 245/1000] https://iitj.ac.in/PageImages/Gallery/12-2024/Facilties-CH-functionalization-pdf-638699504858935085.pdf
WARNING    Too short (26 w), skip: https://iitj.ac.in/PageImages/Gallery/12-2024/Facilties-CH-functionalization-pdf-638699504858935085.pdf
INFO  [PDF 246/1000] https://iitj.ac.in/PageImages/Recruitment/05-2025/Non-Teaching-Staff-Members-Result-IITJ-O(E-II)-2024-25-Non-Academic-Staff-57-638821737307996516.pdf
INFO    ✓ [PDF] 64 words → 24_25_Non_Academic_Staff_57_638821737307996516_pdf_91ee4deb.txt
INFO  [PDF 247/1000] https://iitj.ac.in/PageImages/Gallery/04-2025/March%202022_SM.pdf
INFO    ✓ [PDF] 402 words → _PageImages_Gallery_04_2025_March_202022_SM_pdf_961703b1.txt
INFO  [PDF 248/1000] https://www.iitj.ac.in/PageImages/Gallery/09-2025/Batch-Profile-20252027-638943106581383496.pdf
INFO    ✓ [PDF] 1,167 words → 2025_Batch_Profile_20252027_638943106581383496_pdf_b00d5303.txt
INFO  [PDF 249/1000] https://iitj.ac.in/PageImages/Gallery/02-2025/-M-Tech-PhD-Program-638756590307002500.pdf
INFO    ✓ [PDF] 14,390 words → 02_2025__M_Tech_PhD_Program_638756590307002500_pdf_9589a575.txt
INFO  [PDF 250/1000] https://iitj.ac.in/PageImages/Gallery/07-2025/Academic_Regulations_Final_03_09_2019.pdf
INFO    ✓ [PDF] 14,390 words → _07_2025_Academic_Regulations_Final_03_09_2019_pdf_6fe75f55.txt
INFO  [PDF 251/1000] https://www.iitj.ac.in/PageImages/Gallery/01-2025/Final-Placement-Brochure-2020-2022-638738505670934038.pdf
INFO  [PDF 252/1000] https://iitj.ac.in/PageImages/Gallery/03-2025/National%20Institutional%20Ranking%20Framework%20(NIRF)_Ranking%202017_Final%20Report.pdf
INFO    ✓ [PDF] 926 words → amework_20_NIRF__Ranking_202017_Final_20Report_pdf_38ee06a2.txt
INFO  [PDF 253/1000] https://intranet.iitj.ac.in/acad_website/intra/Curriculum_MSc_DH_V4.pdf
INFO    ✓ [PDF] 6,655 words → _acad_website_intra_Curriculum_MSc_DH_V4_pdf_ec26d69c.txt
INFO  [PDF 254/1000] https://iitj.ac.in/PageImages/Gallery/10-2025/dia-coe-638969318959926701.pdf
INFO    ✓ [PDF] 696 words → ges_Gallery_10_2025_dia_coe_638969318959926701_pdf_874a9fde.txt
INFO  [PDF 255/1000] https://iitj.ac.in/PageImages/Gallery/03-2025/5%20B.Tech%20AI%20&%20DS%20Program%20structure_16102020.pdf
INFO    ✓ [PDF] 110 words → h_20AI_20__20DS_20Program_20structure_16102020_pdf_4cdc0536.txt
INFO  [PDF 256/1000] https://www.iitj.ac.in/PageImages/Gallery/10-2025/PhD-Computer-Shortlisted-Candidates-AY-202526-SEMESTERII-638974291385241254.pdf
INFO    ✓ [PDF] 71 words → idates_AY_202526_SEMESTERII_638974291385241254_pdf_a96c7c47.txt
INFO  [PDF 257/1000] https://iitj.ac.in/PageImages/Gallery/01-2026/PhD-IDRDDH-Selected-Candidates-AY-202526-SEMESTERII-639035559339698355.pdf
INFO    ✓ [PDF] 44 words → idates_AY_202526_SEMESTERII_639035559339698355_pdf_d9b571e3.txt
INFO  [PDF 258/1000] https://iitj.ac.in/PageImages/Gallery/01-2025/Funding-Opportunities-Feb-2022-638739364604602887.pdf
INFO    ✓ [PDF] 1,044 words → ding_Opportunities_Feb_2022_638739364604602887_pdf_04a5ff44.txt
INFO  [PDF 259/1000] https://iitj.ac.in/PageImages/RTI/03-2025/Relevant-Acts,-Rules,-Forms-and-other-documents-which-are-normally-accessed-by-citizens-1-638780675306171873.pdf
INFO  [PDF 260/1000] https://intranet.iitj.ac.in/correspondences/assets/uploads/main_website/Notification_Constitution of Institutional Animal Ethics Committee (IAEC), IIT Jodhpur_13102025.pdf
INFO  [PDF 261/1000] https://iitj.ac.in/PageImages/Gallery/04-2025/Gross%20Salary_SM_August_2022.pdf
INFO    ✓ [PDF] 329 words → _Gallery_04_2025_Gross_20Salary_SM_August_2022_pdf_17b4a13d.txt
INFO  [PDF 262/1000] https://iitj.ac.in/PageImages/Gallery/09-2025/Batch-Profile-20252027-638943106581383496.pdf
INFO    ✓ [PDF] 1,167 words → 2025_Batch_Profile_20252027_638943106581383496_pdf_95e5a295.txt
INFO  [PDF 263/1000] https://iitj.ac.in/PageImages/Recruitment/03-2025/Non-Teaching-Staff-Members-Not-Shortlisted-IITJ-O(E-II)-2024-25-Non-Academic-Staff-57-638780057338994980.pdf
INFO    ✓ [PDF] 1,368 words → 24_25_Non_Academic_Staff_57_638780057338994980_pdf_0edeccfd.txt
INFO  [PDF 264/1000] https://iitj.ac.in/PageImages/RTI/07-2025/-Any-other-details-the-genesis,-inception,-formation-of-the-department-and-the-HoDs-from-time-to-time-as-well-as-the-committees--Commissions-constituted-from-time-to-time-have-been-dealt-1-638870620679383071.pdf
INFO    ✓ [PDF] 405 words → e_to_time_have_been_dealt_1_638870620679383071_pdf_e99003c8.txt
INFO  [PDF 265/1000] https://www.iitj.ac.in/PageImages/Gallery/03-2025/National%20Ranking%20(Important).pdf
INFO    ✓ [PDF] 245 words → llery_03_2025_National_20Ranking_20_Important__pdf_353a153a.txt
INFO  [PDF 266/1000] https://www.iitj.ac.in/PageImages/Gallery/01-2025/Summer-Internship-report-2021-638738373193502442.pdf
INFO    ✓ [PDF] 336 words → mmer_Internship_report_2021_638738373193502442_pdf_8dc98cb1.txt
INFO  [PDF 267/1000] https://intranet.iitj.ac.in/correspondences/assets/uploads/document/2024/11/2024-11-20-673d5d27e4886-1732074791.pdf
INFO    ✓ [PDF] 369 words → nt_2024_11_2024_11_20_673d5d27e4886_1732074791_pdf_eb03a992.txt
INFO  [PDF 268/1000] https://iitj.ac.in/PageImages/Recruitment/03-2025/Non-Teaching-Staff-Members-Syllabus-IITJ-O(E-II)-2024-25-Non-Academic-Staff-57-638779879858392489.pdf
INFO    ✓ [PDF] 243 words → 24_25_Non_Academic_Staff_57_638779879858392489_pdf_d571f5d2.txt
INFO  [PDF 269/1000] https://iitj.ac.in/PageImages/Recruitment/03-2025/Non-Teaching-Staff-Members-Provisionally-Shortlisted-IITJ-O(E-II)-2024-25-Non-Academic-Staff-57-638780042968046158.pdf
INFO    ✓ [PDF] 448 words → 24_25_Non_Academic_Staff_57_638780042968046158_pdf_0114b795.txt
INFO  [PDF 270/1000] https://iitj.ac.in/PageImages/Gallery/03-2025/biocurri3-638769681566934507.pdf
INFO    ✓ [PDF] 482 words → s_Gallery_03_2025_biocurri3_638769681566934507_pdf_81b4dc42.txt
INFO  [PDF 271/1000] https://intranet.iitj.ac.in/correspondences/assets/uploads/document/2024/08/2024-08-02-66ac68b8deca4-1722575032.pdf
INFO  [PDF 272/1000] https://intranet.iitj.ac.in/correspondences/assets/uploads/main_website/Notification_Institute_Resources_Generation_Committee_IRGC.pdf
INFO  [PDF 273/1000] https://intranet.iitj.ac.in/correspondences/assets/uploads/document/2024/08/2024-08-27-66cd6cde6e6eb-1724738782.pdf
INFO    ✓ [PDF] 930 words → nt_2024_08_2024_08_27_66cd6cde6e6eb_1724738782_pdf_20aee12b.txt
INFO  [PDF 274/1000] https://iitj.ac.in/PageImages/Recruitment/03-2025/Non-Teaching-Staff-Members-Not-Shortlisted-IITJ-O(E-II)-2024-25-Non-Academic-Staff-57-638780058530691451.pdf
INFO    ✓ [PDF] 774 words → 24_25_Non_Academic_Staff_57_638780058530691451_pdf_3fcc0daf.txt
INFO  [PDF 275/1000] https://iitj.ac.in/PageImages/RecruitmentAdvertisementMaster/03-2025/Addendum-1-1-638779764885207140.pdf
INFO    ✓ [PDF] 308 words → Master_03_2025_Addendum_1_1_638779764885207140_pdf_f1ad10d9.txt
INFO  [PDF 276/1000] https://iitj.ac.in/PageImages/RTI/03-2025/Item---information-disclosed-so-that-public-have-minimum-resort-to-use-of-RTI-Act-to-obtain-information-1-638780819755027212.pdf
INFO    ✓ [PDF] 66,964 words → Act_to_obtain_information_1_638780819755027212_pdf_930721df.txt
INFO  [PDF 277/1000] https://intranet.iitj.ac.in/correspondences/assets/uploads/main_website/Notification_Financial Planning Committee_13102025.pdf
INFO  [PDF 278/1000] https://iitj.ac.in/PageImages/RecruitmentAdvertisementMaster/03-2025/Advertisement-Document-1-638780083815385386.pdf
INFO    ✓ [PDF] 983 words → 25_Advertisement_Document_1_638780083815385386_pdf_92b398ba.txt
INFO  [PDF 279/1000] https://iitj.ac.in/PageImages/Recruitment/11-2025/Non-Teaching-Staff-Members-Not-Shortlisted-IITJORNF2025-2661-638999222140561571.pdf
INFO    ✓ [PDF] 123 words → ortlisted_IITJORNF2025_2661_638999222140561571_pdf_5dd38bf6.txt
INFO  [PDF 280/1000] https://iitj.ac.in/PageImages/Gallery/11-2025/Notifications_RnD-5_15122021.pdf
INFO  [PDF 281/1000] https://iitj.ac.in/PageImages/Gallery/07-2024/afda989c-da64-46cf-95a9-33c33ca945cb.pdf
INFO    ✓ [PDF] 834 words → y_07_2024_afda989c_da64_46cf_95a9_33c33ca945cb_pdf_68be2bb5.txt
INFO  [PDF 282/1000] https://iitj.ac.in/PageImages/Gallery/05-2025/23rd-ISME-International-Conference-2025-638821450327832683.pdf
INFO    ✓ [PDF] 2,293 words → ternational_Conference_2025_638821450327832683_pdf_5c1ec5ac.txt
INFO  [PDF 283/1000] https://www.iitj.ac.in/PageImages/Gallery/03-2025/NIRF%202018_Final%20Report.pdf
INFO    ✓ [PDF] 701 words → ges_Gallery_03_2025_NIRF_202018_Final_20Report_pdf_0f1714ec.txt
INFO  [PDF 284/1000] https://iitj.ac.in/PageImages/Tenders/02-2026/Providing-and-Fixing-Conical-Shape-Shed-at-Director-Residence-IIT-Jodhpur.-639065789004216027.pdf
INFO    ✓ [PDF] 3,424 words → ctor_Residence_IIT_Jodhpur__639065789004216027_pdf_3aade07b.txt
INFO  [PDF 285/1000] https://intranet.iitj.ac.in/correspondences/assets/uploads/document/2024/12/2024-12-10-6757c26896f37-1733804648.pdf
INFO    ✓ [PDF] 176 words → nt_2024_12_2024_12_10_6757c26896f37_1733804648_pdf_4f7dc47e.txt
INFO  [PDF 286/1000] https://iitj.ac.in/PageImages/Gallery/06-2025/2025-04-26-680d137bcc53f-1745687419.pdf
INFO    ✓ [PDF] 326 words → ry_06_2025_2025_04_26_680d137bcc53f_1745687419_pdf_15ac38db.txt
INFO  [PDF 287/1000] https://iitj.ac.in/PageImages/Gallery/07-2024/5c47fc04-cda1-4741-bdb8-084ab61fd16f.pdf
INFO    ✓ [PDF] 97 words → y_07_2024_5c47fc04_cda1_4741_bdb8_084ab61fd16f_pdf_b9aff363.txt
INFO  [PDF 288/1000] https://iitj.ac.in/PageImages/Pages/03-2025/34ce6f2a-c301-4f34-8d3b-c282a81e6b8c.pdf
INFO  [PDF 289/1000] https://iitj.ac.in/PageImages/Gallery/07-2025/Regulation_PG_2022-onwards_20022023.pdf
INFO    ✓ [PDF] 11,726 words → ry_07_2025_Regulation_PG_2022_onwards_20022023_pdf_414903e9.txt
INFO  [PDF 290/1000] https://www.iitj.ac.in/PageImages/Gallery/12-2025/Provisionally-Shortlisted-for-PhD-admissions-under-IDRPRMS-639021068546980635.pdf
INFO    ✓ [PDF] 52 words → hD_admissions_under_IDRPRMS_639021068546980635_pdf_105f0f1a.txt
INFO  [PDF 291/1000] https://iitj.ac.in/PageImages/Pages/03-2025/54095678-72c5-46b3-a887-fdbbe3ed04be.pdf
INFO  [PDF 292/1000] https://iitj.ac.in/admission-postgraduate-programs/hi/List of Shortlisted Student_PhD Part Time_042026.pdf
WARNING    PDF parse error: No /Root object! - Is this really a PDF?
INFO  [PDF 293/1000] https://iitj.ac.in/PageImages/Gallery/04-2025/2024-04-15-661cc08a3cfde-1713160330.pdf
INFO    ✓ [PDF] 1,468 words → ry_04_2025_2024_04_15_661cc08a3cfde_1713160330_pdf_b9d0f8e2.txt
INFO  [PDF 294/1000] https://iitj.ac.in/PageImages/Recruitment/03-2025/Non-Teaching-Staff-Members-Provisionally-Shortlisted-IITJ-O(E-II)-2024-25-Non-Academic-Staff-57-638780034356218161.pdf
INFO    ✓ [PDF] 690 words → 24_25_Non_Academic_Staff_57_638780034356218161_pdf_8c6472aa.txt
INFO  [PDF 295/1000] https://iitj.ac.in/PageImages/Gallery/04-2025/January%202022_SM.pdf
INFO    ✓ [PDF] 359 words → _PageImages_Gallery_04_2025_January_202022_SM_pdf_ce8c272e.txt
INFO  [PDF 296/1000] https://iitj.ac.in/PageImages/Pages/03-2025/a7441d89-2794-404c-a9ae-283178f1dee5.pdf
INFO  [PDF 297/1000] https://intranet.iitj.ac.in/correspondences/assets/uploads/main_website/Notification_Committee for assessment of nominations received for the REYA Awards_20112025.pdf
INFO    ✓ [PDF] 383 words → inations_received_for_the_REYA_Awards_20112025_pdf_3ca01d6f.txt
INFO  [PDF 298/1000] https://iitj.ac.in/PageImages/Gallery/04-2025/phd_ee.pdf
INFO    ✓ [PDF] 49 words → _PageImages_Gallery_04_2025_phd_ee_pdf_0861b28e.txt
INFO  [PDF 299/1000] https://iitj.ac.in/PageImages/RTI/03-2025/Organization-Chart-1-638779757859886926.pdf
WARNING    Too short (6 w), skip: https://iitj.ac.in/PageImages/RTI/03-2025/Organization-Chart-1-638779757859886926.pdf
INFO  [PDF 300/1000] https://iitj.ac.in/PageImages/Gallery/02-2025/Academic-Regulations-638760775492885595.pdf
INFO    ✓ [PDF] 14,390 words → 2_2025_Academic_Regulations_638760775492885595_pdf_cc114d70.txt
INFO  [PDF 301/1000] https://iitj.ac.in/PageImages/Recruitment/03-2025/Non-Teaching-Staff-Members-Result-IITJ-O(E-II)-2024-25-Non-Academic-Staff-57-638780074118251108.pdf
INFO    ✓ [PDF] 100 words → 24_25_Non_Academic_Staff_57_638780074118251108_pdf_1ed70dcb.txt
INFO  [PDF 302/1000] https://intranet.iitj.ac.in/acad_website/pg_curriculum/NON%20GRADED_06092019.pdf
INFO    ✓ [PDF] 579 words → ad_website_pg_curriculum_NON_20GRADED_06092019_pdf_07aaea3f.txt
INFO  [PDF 303/1000] https://iitj.ac.in/PageImages/RTI/03-2025/Total-Budget-for-the-public-authority-1-638779853364180678.pdf
INFO  [PDF 304/1000] https://iitj.ac.in/PageImages/Gallery/03-2025/1_Academic_Regulations_Final_03_09_2019.pdf
INFO    ✓ [PDF] 14,390 words → 3_2025_1_Academic_Regulations_Final_03_09_2019_pdf_6d2a6741.txt
INFO  [PDF 305/1000] https://iitj.ac.in/PageImages/Gallery/01-2025/-STUDENT-MBA-BATCH-PROFILE-2020-22-638739359831778375.pdf
INFO  [PDF 306/1000] https://iitj.ac.in/PageImages/Gallery/08-2025/AyurvedicMedcineList-638919815556999077.pdf
INFO    ✓ [PDF] 609 words → 8_2025_AyurvedicMedcineList_638919815556999077_pdf_fa288f4b.txt
INFO  [PDF 307/1000] https://iitj.ac.in/PageImages/Gallery/01-2025/Student-MBA-BATCH-PROFILE-2023-25-638739355604328061.pdf
INFO    ✓ [PDF] 1,567 words → t_MBA_BATCH_PROFILE_2023_25_638739355604328061_pdf_499d6bab.txt
INFO  [PDF 308/1000] https://iitj.ac.in/PageImages/Gallery/02-2025/Newsletter-April-2023-638748038808204583.pdf
INFO    ✓ [PDF] 2,704 words → _2025_Newsletter_April_2023_638748038808204583_pdf_4d29b2a4.txt
INFO  [PDF 309/1000] https://iitj.ac.in/PageImages/Gallery/03-2025/announcement-with-fellowship-638772046041675227.pdf
INFO    ✓ [PDF] 50 words → nnouncement_with_fellowship_638772046041675227_pdf_75a55752.txt
INFO  [PDF 310/1000] https://www.iitj.ac.in/PageImages/Gallery/10-2025/PhD-Shortlisted-Candidates-AY-2025-26-SEMESTER-II-638973332284464424.pdf
INFO    ✓ [PDF] 94 words → ates_AY_2025_26_SEMESTER_II_638973332284464424_pdf_733521ea.txt
INFO  [PDF 311/1000] https://iitj.ac.in/PageImages/Gallery/06-2025/HRMS-Facility-Guidelines-638860317972349070.pdf
INFO    ✓ [PDF] 259 words → 25_HRMS_Facility_Guidelines_638860317972349070_pdf_3f50b096.txt
INFO  [PDF 312/1000] https://www.iitj.ac.in/PageImages/Gallery/03-2025/SponsoredResearchDetail.pdf
INFO    ✓ [PDF] 1,487 words → Images_Gallery_03_2025_SponsoredResearchDetail_pdf_f51b660e.txt
INFO  [PDF 313/1000] https://www.iitj.ac.in/PageImages/Gallery/03-2025/Indian%20Institute%20of%20Technology%20Jodhpur20230118_Engineering_NIRF_2023.pdf
INFO    ✓ [PDF] 846 words → nology_20Jodhpur20230118_Engineering_NIRF_2023_pdf_0df7575c.txt
INFO  [PDF 314/1000] https://iitj.ac.in/PageImages/Pages/03-2025/e9fd0929-cd2d-45bb-9d70-8ee25d4f40b4.pdf
WARNING    Too short (12 w), skip: https://iitj.ac.in/PageImages/Pages/03-2025/e9fd0929-cd2d-45bb-9d70-8ee25d4f40b4.pdf
INFO  [PDF 315/1000] https://iitj.ac.in/PageImages/Recruitment/05-2025/Non-Teaching-Staff-Members-Result-IITJ-O(E-II)-2024-25-Non-Academic-Staff-57-638821738921037949.pdf
INFO    ✓ [PDF] 88 words → 24_25_Non_Academic_Staff_57_638821738921037949_pdf_94fed5b8.txt
INFO  [PDF 316/1000] https://iitj.ac.in/PageImages/Gallery/04-2025/cse/MTech-AI-Shortlisting-Sem-1-2024.pdf
INFO    ✓ [PDF] 240 words → y_04_2025_cse_MTech_AI_Shortlisting_Sem_1_2024_pdf_3744bc26.txt
INFO  [PDF 317/1000] https://iitj.ac.in/PageImages/Recruitment/05-2025/Non-Teaching-Staff-Members-Result-IITJ-O(E-II)-2024-25-Non-Academic-Staff-57-638821745850308726.pdf
INFO    ✓ [PDF] 97 words → 24_25_Non_Academic_Staff_57_638821745850308726_pdf_3972a75b.txt
INFO  [PDF 318/1000] https://iitj.ac.in/PageImages/Gallery/01-2026/PhD-SOLA-Selected-Candidates-AY-202526-639040703679280370.pdf
INFO    ✓ [PDF] 47 words → lected_Candidates_AY_202526_639040703679280370_pdf_75edcbc6.txt
INFO  [PDF 319/1000] https://iitj.ac.in/PageImages/Gallery/06-2025/PhDAdmissionsJuly2025Physics-638855389885318731.pdf
WARNING    Too short (28 w), skip: https://iitj.ac.in/PageImages/Gallery/06-2025/PhDAdmissionsJuly2025Physics-638855389885318731.pdf
INFO  [PDF 320/1000] https://iitj.ac.in/PageImages/Gallery/07-2024/6ed47bac-b0b2-4169-9a92-01c5a916effe.pdf
INFO    ✓ [PDF] 701 words → y_07_2024_6ed47bac_b0b2_4169_9a92_01c5a916effe_pdf_1b9d8ffc.txt
INFO  [PDF 321/1000] https://intranet.iitj.ac.in/correspondences/assets/uploads/main_website/Revised Notification_Ranking Committee_13102025.pdf
INFO  [PDF 322/1000] https://iitj.ac.in/PageImages/Gallery/07-2025/IIT-Jodhpur-House-Allotment-Rules-2024-638876792434915554.pdf
INFO    ✓ [PDF] 6,378 words → _House_Allotment_Rules_2024_638876792434915554_pdf_911d656f.txt
INFO  [PDF 323/1000] https://iitj.ac.in/PageImages/Pages/03-2025/f0f163f2-8b0f-4fbb-824d-d5cc2ec02bb9.pdf
INFO  [PDF 324/1000] https://iitj.ac.in/PageImages/Gallery/04-2025/November%202021_SM.pdf
INFO    ✓ [PDF] 356 words → _PageImages_Gallery_04_2025_November_202021_SM_pdf_021d5052.txt
INFO  [PDF 325/1000] https://www.iitj.ac.in/PageImages/Gallery/06-2025/RTI-ACT30082018-638845462253671075.pdf
INFO    ✓ [PDF] 10,474 words → ery_06_2025_RTI_ACT30082018_638845462253671075_pdf_21cbe0c3.txt
INFO  [PDF 326/1000] https://iitj.ac.in/PageImages/Gallery/03-2025/FFE-Scholarship-Programme-638766150672993960.pdf
INFO    ✓ [PDF] 1,855 words → 5_FFE_Scholarship_Programme_638766150672993960_pdf_24369700.txt
INFO  [PDF 327/1000] https://iitj.ac.in/PageImages/Gallery/06-2025/Interview-shortlist.pdf
INFO    ✓ [PDF] 74 words → PageImages_Gallery_06_2025_Interview_shortlist_pdf_524754db.txt
INFO  [PDF 328/1000] https://iitj.ac.in/PageImages/Gallery/03-2025/AR2014-15%20(English).pdf
INFO    ✓ [PDF] 22,836 words → geImages_Gallery_03_2025_AR2014_15_20_English__pdf_cb5be413.txt
INFO  [PDF 329/1000] https://iitj.ac.in/PageImages/Gallery/03-2025/vigyan-jyoti-program-638769373103508832.pdf
INFO    ✓ [PDF] 326 words → 3_2025_vigyan_jyoti_program_638769373103508832_pdf_440abffa.txt
INFO  [PDF 330/1000] https://iitj.ac.in/PageImages/RecruitmentAdvertisementMaster/03-2025/Advertisement-Document-1-638779764544775019.pdf
INFO    ✓ [PDF] 7,871 words → 25_Advertisement_Document_1_638779764544775019_pdf_68a69603.txt
INFO  [PDF 331/1000] https://iitj.ac.in/PageImages/RTI/03-2025/Budget-Allocation-by-MHRD-1-638780828290678164.pdf
INFO    ✓ [PDF] 137 words → Budget_Allocation_by_MHRD_1_638780828290678164_pdf_94cf94ba.txt
INFO  [PDF 332/1000] https://iitj.ac.in/PageImages/Orders/03-2025/Appointment-of-Student-Ombudsperson(s)-at-IIT-jodhpur-638784163039862533.pdf
INFO    ✓ [PDF] 586 words → udsperson_s__at_IIT_jodhpur_638784163039862533_pdf_e0e923b5.txt
INFO  [PDF 333/1000] https://iitj.ac.in/PageImages/Gallery/03-2025/Event-1-638769462307629171.pdf
INFO    ✓ [PDF] 116 words → ges_Gallery_03_2025_Event_1_638769462307629171_pdf_ea2d9ede.txt
INFO  [PDF 334/1000] https://iitj.ac.in/PageImages/RecruitmentAdvertisementMaster/03-2025/Application-Received-1-638779764138432513.pdf
INFO    ✓ [PDF] 182 words → 2025_Application_Received_1_638779764138432513_pdf_93fe51a1.txt
INFO  [PDF 335/1000] https://iitj.ac.in/PageImages/RTI/03-2025/CAG-and-PAC-paras-and-the-action-taken-reports-(ATRs)-after-these-have-been-laid-on-the-table-of-both-houses-of-the-parliament.-1-638780666301732863.pdf
INFO  [PDF 336/1000] https://iitj.ac.in/PageImages/Gallery/11-2025/Notifications_RnD-IIPMG-10_15122021.pdf
INFO  [PDF 337/1000] https://www.iitj.ac.in/PageImages/Gallery/03-2025/2024-02-13-65cb3d697243f-1707818345.pdf
INFO    ✓ [PDF] 884 words → ry_03_2025_2024_02_13_65cb3d697243f_1707818345_pdf_fd6fd3f8.txt
INFO  [PDF 338/1000] https://iitj.ac.in/PageImages/Gallery/10-2025/PhD-Mathematics-Shortlisting-Criteria-and-Syllabus-for-PhD-AY-202526-SEMESTERII-638974375607157772.pdf
INFO  [PDF 339/1000] https://iitj.ac.in/PageImages/Gallery/02-2025/mathsevent1-638763497888349988.pdf
INFO    ✓ [PDF] 51 words → Gallery_02_2025_mathsevent1_638763497888349988_pdf_1e9d55d6.txt
INFO  [PDF 340/1000] https://iitj.ac.in/PageImages/Recruitment/05-2025/Non-Teaching-Staff-Members-Provisionally-Shortlisted-for-Stage-I-test-IITJ-O(E-II)-2024-25-Non-Academic-Staff-57-638821680804106072.pdf
INFO    ✓ [PDF] 3,504 words → 24_25_Non_Academic_Staff_57_638821680804106072_pdf_38bae512.txt
INFO  [PDF 341/1000] https://intranet.iitj.ac.in/correspondences/assets/uploads/document/2024/10/2024-10-14-670cc8455f6e1-1728890949.pdf
INFO  [PDF 342/1000] https://www.iitj.ac.in/PageImages/Gallery/03-2025/smecutoff-638780923040774902.pdf
INFO    ✓ [PDF] 106 words → s_Gallery_03_2025_smecutoff_638780923040774902_pdf_397a4218.txt
INFO  [PDF 343/1000] https://iitj.ac.in/PageImages/Gallery/11-2025/9.RevisioninRnDForms-2021-22.PDF
INFO  [PDF 344/1000] https://iitj.ac.in/PageImages/Gallery/07-2024/af28ab29-55b4-4931-a6da-7216345a66f0.pdf
INFO    ✓ [PDF] 315 words → y_07_2024_af28ab29_55b4_4931_a6da_7216345a66f0_pdf_fd544e54.txt
INFO  [PDF 345/1000] https://iitj.ac.in/PageImages/Gallery/11-2025/13.GudelinesforEngagementinConsultancyProject-2021-22.pdf
INFO  [PDF 346/1000] https://iitj.ac.in/PageImages/Gallery/03-2025/Event-2-638769462465683004.pdf
INFO    ✓ [PDF] 176 words → ges_Gallery_03_2025_Event_2_638769462465683004_pdf_ce274c24.txt
INFO  [PDF 347/1000] https://iitj.ac.in/PageImages/Pages/03-2025/93522780-8325-4083-877b-8bcb9d7d3668.pdf
INFO  [PDF 348/1000] https://iitj.ac.in/PageImages/Pages/03-2025/0546781a-2b22-48d4-a656-258b8e8e6e8b.pdf
INFO    ✓ [PDF] 31,855 words → s_03_2025_0546781a_2b22_48d4_a656_258b8e8e6e8b_pdf_048e5e34.txt
INFO  [PDF 349/1000] https://www.iitj.ac.in/PageImages/Gallery/11-2025/Shortlisted-Candidates-IDRP-SST-638983920819093790.pdf
INFO    ✓ [PDF] 60 words → tlisted_Candidates_IDRP_SST_638983920819093790_pdf_17de507a.txt
INFO  [PDF 350/1000] https://iitj.ac.in/PageImages/Gallery/06-2025/October-11-12-2023.pdf
INFO    ✓ [PDF] 266 words → _PageImages_Gallery_06_2025_October_11_12_2023_pdf_c4723594.txt
INFO  [PDF 351/1000] https://old.iitj.ac.in/uploaded_docs/14-10%20PGC%20in%20AI%20and%20ML%20Brochure.pdf
WARNING    Bytes fetch failed https://old.iitj.ac.in/uploaded_docs/14-10%20PGC%20in%20AI%20and%20ML%20Brochure.pdf: HTTPSConnectionPool(host='old.iitj.ac.in', port=443): Max retries exceeded with url: /uploaded_docs/14-10%20PGC%20in%20AI%20and%20ML%20Brochure.pdf (Caused by SSLError(SSLCertVerificationError(1, '[SSL: CERTIFICATE_VERIFY_FAILED] certificate verify failed: unable to get local issuer certificate (_ssl.c:1006)')))
INFO  [PDF 352/1000] https://iitj.ac.in/PageImages/Gallery/02-2026/Minutes-of-the-41st-Meeting-of-Board-of-GovernorsIITJ-held-on-2711-639062444591168538.pdf
INFO    ✓ [PDF] 1,612 words → _GovernorsIITJ_held_on_2711_639062444591168538_pdf_97200230.txt
INFO  [PDF 353/1000] https://iitj.ac.in/PageImages/Gallery/06-2025/SoLA-Exhibition-Report-2.0.pdf
INFO    ✓ [PDF] 1,226 words → ges_Gallery_06_2025_SoLA_Exhibition_Report_2_0_pdf_7a26dde8.txt
INFO  [PDF 354/1000] https://iitj.ac.in/PageImages/Pages/03-2025/01f74f15-dd2b-408f-bec5-c810ae001348.pdf
INFO  [PDF 355/1000] https://iitj.ac.in/PageImages/Gallery/01-2026/new_cghs_rate_wef_13102025.pdf
INFO    ✓ [PDF] 55,807 words → ges_Gallery_01_2026_new_cghs_rate_wef_13102025_pdf_87f5be02.txt
INFO  [PDF 356/1000] https://iitj.ac.in/PageImages/Gallery/01-2026/flyer-matlab-training-639045092651938772.pdf
WARNING    Too short (5 w), skip: https://iitj.ac.in/PageImages/Gallery/01-2026/flyer-matlab-training-639045092651938772.pdf
INFO  [PDF 357/1000] https://iitj.ac.in/PageImages/RTI/03-2025/Training-of-CPIO-APIO-1-638780640176723781.pdf
INFO  [PDF 358/1000] https://iitj.ac.in/PageImages/Gallery/03-2025/bioprogstruct4-638771823427630636.pdf
INFO    ✓ [PDF] 181 words → lery_03_2025_bioprogstruct4_638771823427630636_pdf_50e1548a.txt
INFO  [PDF 359/1000] https://intranet.iitj.ac.in/correspondences/assets/uploads/main_website/Office order no.46_112025.pdf
INFO  [PDF 360/1000] https://iitj.ac.in/PageImages/Gallery/04-2025/Feb.21%20S%20(1).pdf
INFO    ✓ [PDF] 56 words → _PageImages_Gallery_04_2025_Feb_21_20S_20_1__pdf_8a024ece.txt
INFO  [PDF 361/1000] https://iitj.ac.in/PageImages/Gallery/07-2024/e01bdaa9-5bb1-4792-a4b2-fb5052de8e0f.pdf
INFO    ✓ [PDF] 1,524 words → y_07_2024_e01bdaa9_5bb1_4792_a4b2_fb5052de8e0f_pdf_a827dd26.txt
INFO  [PDF 362/1000] https://intranet.iitj.ac.in/correspondences/assets/uploads/document/2024/08/2024-08-29-66d00a3588ab3-1724910133.pdf
INFO  [PDF 363/1000] https://iitj.ac.in/PageImages/Gallery/12-2025/SoLA Newsletter Vol 4 2025-3.pdf
INFO    ✓ [PDF] 2,660 words → s_Gallery_12_2025_SoLA_Newsletter_Vol_4_2025_3_pdf_bec6827f.txt
INFO  [PDF 364/1000] https://iitj.ac.in/PageImages/RecruitmentAdvertisementMaster/09-2025/Latest-Notice-2-(Withdrawn)-1-638941601326650552.pdf
INFO    ✓ [PDF] 161 words → test_Notice_2__Withdrawn__1_638941601326650552_pdf_b471607c.txt
INFO  [PDF 365/1000] https://iitj.ac.in/PageImages/Gallery/12-2025/IITJ PGD DE - Brochure_01dec2025.pdf
INFO    ✓ [PDF] 1,469 words → llery_12_2025_IITJ_PGD_DE___Brochure_01dec2025_pdf_4162e708.txt
INFO  [PDF 366/1000] https://www.iitj.ac.in/PageImages/Gallery/10-2025/shortlistedfortestchemphdjan2026-638972470367317307.pdf
INFO    ✓ [PDF] 32 words → listedfortestchemphdjan2026_638972470367317307_pdf_a38ddfe6.txt
INFO  [PDF 367/1000] https://iitj.ac.in/PageImages/Gallery/03-2025/course11-638767710441778865.pdf
INFO    ✓ [PDF] 608 words → es_Gallery_03_2025_course11_638767710441778865_pdf_59fcf3e4.txt
INFO  [PDF 368/1000] https://iitj.ac.in/PageImages/Pages/03-2025/16ec677a-5e69-4999-8496-1a0b6396b925.pdf
INFO  [PDF 369/1000] https://iitj.ac.in/PageImages/Gallery/03-2025/M.Tech_bio_Program_Structure.pdf
INFO    ✓ [PDF] 148 words → s_Gallery_03_2025_M_Tech_bio_Program_Structure_pdf_26e4d400.txt
INFO  [PDF 370/1000] https://iitj.ac.in/PageImages/Gallery/06-2025/BTech_Old_REV_09092014.pdf
INFO    ✓ [PDF] 5,039 words → eImages_Gallery_06_2025_BTech_Old_REV_09092014_pdf_426a76ff.txt
INFO  [PDF 371/1000] https://iitj.ac.in/PageImages/Pages/03-2025/109e6176-beb6-4daa-94e4-a3eac449de58.pdf
INFO    ✓ [PDF] 2,328 words → s_03_2025_109e6176_beb6_4daa_94e4_a3eac449de58_pdf_e4d26a13.txt
INFO  [PDF 372/1000] https://iitj.ac.in/PageImages/Tenders/02-2026/Partition-and-electrical-works-in-Bays2-3-4-of-W-17-Berm-639077162073321828.pdf
INFO    ✓ [PDF] 13,858 words → s_in_Bays2_3_4_of_W_17_Berm_639077162073321828_pdf_5fb2824b.txt
INFO  [PDF 373/1000] https://iitj.ac.in/PageImages/Gallery/02-2025/For-poster-SoLA-MSC-638744510899688032.pdf
INFO    ✓ [PDF] 181 words → 02_2025_For_poster_SoLA_MSC_638744510899688032_pdf_337f1b07.txt
INFO  [PDF 374/1000] https://iitj.ac.in/PageImages/Gallery/06-2025/PROVISONALLY-selected-candidate_phd_2024.pdf
INFO    ✓ [PDF] 33 words → _2025_PROVISONALLY_selected_candidate_phd_2024_pdf_ceee271d.txt
INFO  [PDF 375/1000] https://iitj.ac.in/PageImages/RTI/07-2025/Item---information-disclosed-so-that-public-have-minimum-resort-to-use-of-RTI-Act-to-obtain-information-1-638870465537311619.pdf
WARNING    Too short (10 w), skip: https://iitj.ac.in/PageImages/RTI/07-2025/Item---information-disclosed-so-that-public-have-minimum-resort-to-use-of-RTI-Act-to-obtain-information-1-638870465537311619.pdf
INFO  [PDF 376/1000] https://intranet.iitj.ac.in/acad_website/pg_curriculum/MTechCSE-Compulsory_02082019.pdf
INFO    ✓ [PDF] 2,106 words → ite_pg_curriculum_MTechCSE_Compulsory_02082019_pdf_f30981d6.txt
INFO  [PDF 377/1000] https://iitj.ac.in/PageImages/Pages/03-2025/e0abb8d9-f5be-42a0-a1e8-6d409cbc2482.pdf
INFO  [PDF 378/1000] https://iitj.ac.in/PageImages/Recruitment/03-2025/Non-Teaching-Staff-Members-Not-Shortlisted-IITJ-O(E-II)-2024-25-Non-Academic-Staff-57-638780060014830499.pdf
INFO    ✓ [PDF] 939 words → 24_25_Non_Academic_Staff_57_638780060014830499_pdf_1a23ea87.txt
INFO  [PDF 379/1000] https://iitj.ac.in/PageImages/Gallery/06-2025/Abstract-Book-BRICS-638863763703426946.pdf
INFO    ✓ [PDF] 22,728 words → 06_2025_Abstract_Book_BRICS_638863763703426946_pdf_f006cf9f.txt
INFO  [PDF 380/1000] https://iitj.ac.in/PageImages/Recruitment/03-2025/Non-Teaching-Staff-Members-Advertisement-IITJ-OR(NF)-2024-25-HLI-59-638780082032569106.pdf
INFO    ✓ [PDF] 923 words → _IITJ_OR_NF__2024_25_HLI_59_638780082032569106_pdf_feea8a7b.txt
INFO  [PDF 381/1000] https://iitj.ac.in/PageImages/Tenders/02-2026/Corrigendum-1-639075401265681253.pdf
INFO    ✓ [PDF] 107 words → nders_02_2026_Corrigendum_1_639075401265681253_pdf_a0ef00e0.txt
INFO  [PDF 382/1000] https://iitj.ac.in/PageImages/RTI/03-2025/CAG-and-PAC-paras-and-the-action-taken-reports-(ATRs)-after-these-have-been-laid-on-the-table-of-both-houses-of-the-parliament.-1-638780666594523933.pdf
INFO  [PDF 383/1000] https://iitj.ac.in/PageImages/Gallery/03-2025/खम्म घणी मार्च 2023.pdf
INFO  [PDF 384/1000] https://intranet.iitj.ac.in/acad_website/intra/3.%20B.Tech%20CSE_09102020.pdf
INFO    ✓ [PDF] 15,822 words → _acad_website_intra_3__20B_Tech_20CSE_09102020_pdf_085e53f0.txt
INFO  [PDF 385/1000] https://iitj.ac.in/PageImages/Recruitment/03-2025/Non-Teaching-Staff-Members-Not-Shortlisted-IITJ-O(E-II)-2024-25-Non-Academic-Staff-57-638780056963809830.pdf
INFO    ✓ [PDF] 1,790 words → 24_25_Non_Academic_Staff_57_638780056963809830_pdf_28e7328f.txt
INFO  [PDF 386/1000] https://iitj.ac.in/PageImages/RTI/03-2025/Total-Budget-for-the-public-authority--1-638779848152359612.pdf
INFO    ✓ [PDF] 1,525 words → for_the_public_authority__1_638779848152359612_pdf_bbd0367c.txt
INFO  [PDF 387/1000] https://iitj.ac.in/PageImages/Gallery/04-2025/cse/Spot-Round-Mtech-AI.pdf
INFO    ✓ [PDF] 75 words → Images_Gallery_04_2025_cse_Spot_Round_Mtech_AI_pdf_16402e1f.txt
INFO  [PDF 388/1000] https://iitj.ac.in/PageImages/Gallery/11-2025/BSBE-Dept-Provisionally-selected-PhD-candidateAY-2025-2026-sem-II-638991593930661248.pdf
INFO    ✓ [PDF] 102 words → andidateAY_2025_2026_sem_II_638991593930661248_pdf_9790964f.txt
INFO  [PDF 389/1000] https://iitj.ac.in/PageImages/Gallery/04-2025/mtech_ai.pdf
INFO    ✓ [PDF] 910 words → _PageImages_Gallery_04_2025_mtech_ai_pdf_d3b88f15.txt
INFO  [PDF 390/1000] https://iitj.ac.in/PageImages/Pages/03-2025/e8e41d1d-1759-4648-ae27-5125687a8397.pdf
INFO  [PDF 391/1000] https://iitj.ac.in/PageImages/Gallery/02-2025/HDFC-RD-SB-Account-Details-638741911361912638.pdf
INFO  [PDF 392/1000] https://iitj.ac.in/PageImages/Gallery/11-2025/phd-result-civil-AY-2025-26-semester-II-dec-2025-638991510634740926.pdf
INFO    ✓ [PDF] 43 words → 025_26_semester_II_dec_2025_638991510634740926_pdf_a107358e.txt
INFO  [PDF 393/1000] https://iitj.ac.in/PageImages/Recruitment/03-2025/Non-Teaching-Staff-Members-Syllabus-IITJ-O(E-II)-2024-25-Non-Academic-Staff-57-638779927331435359.pdf
INFO    ✓ [PDF] 150 words → 24_25_Non_Academic_Staff_57_638779927331435359_pdf_269d095b.txt
INFO  [PDF 394/1000] https://iitj.ac.in/PageImages/Pages/08-2025/Khamma-Ghani_Vol1_Issue3-4_July_Dec_2015.pdf
INFO    ✓ [PDF] 5,552 words → _2025_Khamma_Ghani_Vol1_Issue3_4_July_Dec_2015_pdf_608586a5.txt
INFO  [PDF 395/1000] https://iitj.ac.in/PageImages/Gallery/11-2025/Notifications_RnD-4_15122021.pdf
INFO  [PDF 396/1000] https://iitj.ac.in/PageImages/Gallery/06-2025/2025-04-26-680d193bbfbc4-1745688891.pdf
INFO    ✓ [PDF] 78 words → ry_06_2025_2025_04_26_680d193bbfbc4_1745688891_pdf_7828063b.txt
INFO  [PDF 397/1000] https://iitj.ac.in/PageImages/Gallery/11-2025/Notification_09_GuidelinesforLoanUpperLimitRegardingfundvalueandtimeduration_2023-24.PDF
INFO  [PDF 398/1000] http://sola.iitj.ac.in/wp-content/uploads/2023/04/4.-Admission-to-M.S.-by-Research-program-offered-by-the-Center-of-Excellence-on-Art-and-Digital-Immersion-ADI-School-of-Liberal-Arts-A.Y.-2023-24_05042023.pdf
WARNING    PDF parse error: No /Root object! - Is this really a PDF?
INFO  [PDF 399/1000] https://iitj.ac.in/PageImages/Gallery/03-2026/Towards-Carbon-Neutrality-A-Report-on-IIT-Jodhpurs-Emissions-2025-2026-639096173531807608.pdf
INFO    ✓ [PDF] 1,799 words → odhpurs_Emissions_2025_2026_639096173531807608_pdf_d8d31f82.txt
INFO  [PDF 400/1000] https://iitj.ac.in/PageImages/Gallery/02-2025/news41-638763577055028486.pdf
INFO    ✓ [PDF] 87 words → ages_Gallery_02_2025_news41_638763577055028486_pdf_ae73219a.txt
INFO  [PDF 401/1000] https://iitj.ac.in/PageImages/Gallery/03-2025/course81-638767711395231829.pdf
INFO    ✓ [PDF] 184 words → es_Gallery_03_2025_course81_638767711395231829_pdf_50ec3f38.txt
INFO  [PDF 402/1000] https://iitj.ac.in/PageImages/Gallery/03-2025/MTech-CSE-curriculum.pdf
INFO  [PDF 403/1000] https://iitj.ac.in/PageImages/Gallery/04-2025/cse/Admission-CodingTest.pdf
WARNING    PDF parse error: No /Root object! - Is this really a PDF?
INFO  [PDF 404/1000] https://iitj.ac.in/PageImages/Gallery/10-2025/PhD-Electrical-Engineering-Shortlisted-Candidates-AY-202526-SEMESTERII-638974368711801983.pdf
INFO    ✓ [PDF] 357 words → idates_AY_202526_SEMESTERII_638974368711801983_pdf_10e02c09.txt
INFO  [PDF 405/1000] https://iitj.ac.in/PageImages/Pages/08-2025/Khamma-Ghani_Vol1_Issue1-2_Jan-June_2015.pdf
INFO    ✓ [PDF] 3,163 words → _2025_Khamma_Ghani_Vol1_Issue1_2_Jan_June_2015_pdf_9bdb1f7c.txt
INFO  [PDF 406/1000] https://iitj.ac.in/PageImages/Gallery/11-2025/shortlisted-physics-for-test-candidatesPhD-202526Sem2Webmaster-638985382082311996.pdf
INFO    ✓ [PDF] 112 words → atesPhD_202526Sem2Webmaster_638985382082311996_pdf_72cf9a2b.txt
INFO  [PDF 407/1000] https://iitj.ac.in/PageImages/Gallery/03-2025/Tentative%20MSc%20MA%20Structure.pdf
INFO    ✓ [PDF] 100 words → llery_03_2025_Tentative_20MSc_20MA_20Structure_pdf_87afe9cc.txt
INFO  [PDF 408/1000] https://iitj.ac.in/PageImages/Gallery/03-2025/DH-IITJChrist-Pune-Seminar-Series-638772967656745679.pdf
INFO    ✓ [PDF] 178 words → JChrist_Pune_Seminar_Series_638772967656745679_pdf_c9de810b.txt
INFO  [PDF 409/1000] https://iitj.ac.in/PageImages/Gallery/04-2025/physics-phd-shortlisting-202526sem1-638811872635972082.pdf
INFO    ✓ [PDF] 78 words → phd_shortlisting_202526sem1_638811872635972082_pdf_1c4568ee.txt
INFO  [PDF 410/1000] https://iitj.ac.in/PageImages/Gallery/07-2025/Curriculum-BTech-AIDS.pdf
INFO    ✓ [PDF] 2,544 words → geImages_Gallery_07_2025_Curriculum_BTech_AIDS_pdf_71a45827.txt
INFO  [PDF 411/1000] https://iitj.ac.in/PageImages/Gallery/04-2025/Faculty%20Members%20(April%2021).pdf
INFO    ✓ [PDF] 322 words → llery_04_2025_Faculty_20Members_20_April_2021__pdf_c4af4aa6.txt
INFO  [PDF 412/1000] https://iitj.ac.in/PageImages/Recruitment/03-2025/Non-Teaching-Staff-Members-Syllabus-IITJ-O(E-II)-2024-25-Non-Academic-Staff-57-638779924721407023.pdf
INFO    ✓ [PDF] 2,103 words → 24_25_Non_Academic_Staff_57_638779924721407023_pdf_b1932f59.txt
INFO  [PDF 413/1000] https://iitj.ac.in/PageImages/Gallery/10-2025/PhD-Mathematics-Shortlisted-Candidates-AY-202526-SEMESTERII-638974373246000787.pdf
INFO    ✓ [PDF] 68 words → idates_AY_202526_SEMESTERII_638974373246000787_pdf_41ec2518.txt
INFO  [PDF 414/1000] https://iitj.ac.in/PageImages/Gallery/02-2025/Ongoingproject12-638755652340122828.pdf
INFO    ✓ [PDF] 435 words → ry_02_2025_Ongoingproject12_638755652340122828_pdf_47313aba.txt
INFO  [PDF 415/1000] https://iitj.ac.in/PageImages/Gallery/03-2025/Promotion-of-Science-Education-POSE--638766150089640274.pdf
INFO    ✓ [PDF] 76 words → _of_Science_Education_POSE__638766150089640274_pdf_c6f0b69b.txt
INFO  [PDF 416/1000] https://iitj.ac.in/PageImages/Pages/03-2025/6ea43b9c-bb2e-476b-b569-80362d8bc4d9.pdf
INFO  [PDF 417/1000] https://iitj.ac.in/PageImages/Recruitment/03-2025/Non-Teaching-Staff-Members-Not-Shortlisted-IITJ-O(E-II)-2024-25-Non-Academic-Staff-57-638780052733007396.pdf
INFO    ✓ [PDF] 526 words → 24_25_Non_Academic_Staff_57_638780052733007396_pdf_6c0067a5.txt
INFO  [PDF 418/1000] https://iitj.ac.in/PageImages/Gallery/02-2025/George-Washington-University-MBAMS-Dual-Degree-Programme-SME-638753868460559693.pdf
WARNING    Too short (26 w), skip: https://iitj.ac.in/PageImages/Gallery/02-2025/George-Washington-University-MBAMS-Dual-Degree-Programme-SME-638753868460559693.pdf
INFO  [PDF 419/1000] https://iitj.ac.in/PageImages/Gallery/02-2025/Curriculum1-638755740799615537.pdf
INFO    ✓ [PDF] 15,886 words → Gallery_02_2025_Curriculum1_638755740799615537_pdf_d28863b4.txt
INFO  [PDF 420/1000] https://iitj.ac.in/PageImages/Gallery/02-2025/Spotlight-4-638742619168048121.pdf
WARNING    Too short (24 w), skip: https://iitj.ac.in/PageImages/Gallery/02-2025/Spotlight-4-638742619168048121.pdf
INFO  [PDF 421/1000] https://iitj.ac.in/PageImages/Gallery/03-2025/Guidelinesrule-book-638784959501498432.pdf
INFO    ✓ [PDF] 11,017 words → 03_2025_Guidelinesrule_book_638784959501498432_pdf_ea8252fb.txt
INFO  [PDF 422/1000] https://iitj.ac.in/PageImages/Gallery/10-2025/PhD-Materials-Shortlisted-Candidates-AY-202526-SEMESTERII-638974377944309334.pdf
INFO    ✓ [PDF] 84 words → idates_AY_202526_SEMESTERII_638974377944309334_pdf_52ac9641.txt
INFO  [PDF 423/1000] https://iitj.ac.in/PageImages/Recruitment/03-2025/Non-Teaching-Staff-Members-Result-IITJ-O(E-II)-2024-25-Non-Academic-Staff-57-638780074498990568.pdf
INFO    ✓ [PDF] 103 words → 24_25_Non_Academic_Staff_57_638780074498990568_pdf_03695bbf.txt
INFO  [PDF 424/1000] https://iitj.ac.in/PageImages/Recruitment/03-2025/Non-Teaching-Staff-Members-Syllabus-IITJ-O(E-II)-2024-25-Non-Academic-Staff-57-638779926604785845.pdf
INFO    ✓ [PDF] 131 words → 24_25_Non_Academic_Staff_57_638779926604785845_pdf_b7d45ebb.txt
INFO  [PDF 425/1000] https://iitj.ac.in/PageImages/Gallery/07-2024/6a100605-171e-44d3-bd3a-6b84475eebba.pdf
WARNING    Too short (27 w), skip: https://iitj.ac.in/PageImages/Gallery/07-2024/6a100605-171e-44d3-bd3a-6b84475eebba.pdf
INFO  [PDF 426/1000] https://iitj.ac.in/PageImages/Gallery/04-2025/Jan.21%20S%20(1).pdf
INFO    ✓ [PDF] 65 words → _PageImages_Gallery_04_2025_Jan_21_20S_20_1__pdf_357fdac8.txt
INFO  [PDF 427/1000] https://intranet.iitj.ac.in/correspondences/assets/uploads/document/2024/08/2024-08-27-66cd73b2b3bba-1724740530.pdf
INFO  [PDF 428/1000] https://iitj.ac.in/PageImages/RTI/03-2025/Process-of-decision-making-Identify-key-decision-making-points-1-638779790619171587.pdf
WARNING    Too short (24 w), skip: https://iitj.ac.in/PageImages/RTI/03-2025/Process-of-decision-making-Identify-key-decision-making-points-1-638779790619171587.pdf
INFO  [PDF 429/1000] https://intranet.iitj.ac.in/correspondences/assets/uploads/document/2024/08/2024-08-29-66d00a8077986-1724910208.pdf
INFO  [PDF 430/1000] https://iitj.ac.in/PageImages/Gallery/02-2025/IITJRD03-638741714461103564.pdf
INFO  [PDF 431/1000] https://iitj.ac.in/PageImages/RTI/07-2025/Item---information-disclosed-so-that-public-have-minimum-resort-to-use-of-RTI-Act-to-obtain-information-1-638870468698968110.pdf
WARNING    Too short (10 w), skip: https://iitj.ac.in/PageImages/RTI/07-2025/Item---information-disclosed-so-that-public-have-minimum-resort-to-use-of-RTI-Act-to-obtain-information-1-638870468698968110.pdf
INFO  [PDF 432/1000] https://iitj.ac.in/PageImages/Gallery/06-2025/2025-04-24-680a309be4d00-1745498267.pdf
INFO    ✓ [PDF] 49 words → ry_06_2025_2025_04_24_680a309be4d00_1745498267_pdf_15b5d865.txt
INFO  [PDF 433/1000] https://www.iitj.ac.in/PageImages/Gallery/10-2025/PhD-CET-Shortlisted-Candidates-AY-202526-SEMESTERII-638975281897492078.pdf
INFO    ✓ [PDF] 349 words → idates_AY_202526_SEMESTERII_638975281897492078_pdf_08f08915.txt
INFO  [PDF 434/1000] https://iitj.ac.in/PageImages/Recruitment/03-2025/Non-Teaching-Staff-Members-Not-Shortlisted-IITJ-O(E-II)-2024-25-Non-Academic-Staff-57-638780056154087393.pdf
INFO    ✓ [PDF] 2,139 words → 24_25_Non_Academic_Staff_57_638780056154087393_pdf_a1fcf03c.txt
INFO  [PDF 435/1000] https://iitj.ac.in/PageImages/Gallery/06-2025//Curricula%20SS.pdf
INFO    ✓ [PDF] 711 words → _PageImages_Gallery_06_2025__Curricula_20SS_pdf_b8e24dca.txt
INFO  [PDF 436/1000] https://www.iitj.ac.in/PageImages/Gallery/03-2025/NIRF%202019_Report.pdf
INFO    ✓ [PDF] 778 words → _PageImages_Gallery_03_2025_NIRF_202019_Report_pdf_77cdfe60.txt
INFO  [PDF 437/1000] https://iitj.ac.in/PageImages/Gallery/02-2025/BTech-Materials-Engineering-638756573578780359.pdf
INFO    ✓ [PDF] 14,260 words → BTech_Materials_Engineering_638756573578780359_pdf_5f97a295.txt
INFO  [PDF 438/1000] https://www.iitj.ac.in/PageImages/Gallery/03-2025/Indian%20Institute%20of%20Technology%20Jodhpur20191213-FINALREPORT.pdf
INFO    ✓ [PDF] 1,524 words → 0of_20Technology_20Jodhpur20191213_FINALREPORT_pdf_1f2e4741.txt
INFO  [PDF 439/1000] https://old.iitj.ac.in/assets/uploads/document/2024/10/2024-10-22-671789ee3428f-1729595886.pdf
WARNING    Bytes fetch failed https://old.iitj.ac.in/assets/uploads/document/2024/10/2024-10-22-671789ee3428f-1729595886.pdf: HTTPSConnectionPool(host='old.iitj.ac.in', port=443): Max retries exceeded with url: /assets/uploads/document/2024/10/2024-10-22-671789ee3428f-1729595886.pdf (Caused by SSLError(SSLCertVerificationError(1, '[SSL: CERTIFICATE_VERIFY_FAILED] certificate verify failed: unable to get local issuer certificate (_ssl.c:1006)')))
INFO  [PDF 440/1000] https://iitj.ac.in/PageImages/Gallery/03-2025/tender-draft-english-638777628848183078.pdf
INFO    ✓ [PDF] 10,947 words → 3_2025_tender_draft_english_638777628848183078_pdf_dee505e1.txt
INFO  [PDF 441/1000] https://iitj.ac.in/PageImages/Gallery/03-2025/GIAN-guidelines-638767686046337605.pdf
INFO    ✓ [PDF] 1,465 words → ery_03_2025_GIAN_guidelines_638767686046337605_pdf_a6dbffd0.txt
INFO  [PDF 442/1000] https://intranet.iitj.ac.in/acad_website/intra//M.Tech.%20CSE%20Curriculum_16102020.pdf
INFO    ✓ [PDF] 2,731 words → ite_intra__M_Tech__20CSE_20Curriculum_16102020_pdf_04e5900d.txt
INFO  [PDF 443/1000] https://iitj.ac.in/PageImages/Recruitment/05-2025/Non-Teaching-Staff-Members-Result-IITJ-O(E-II)-2024-25-Non-Academic-Staff-57-638821745138636240.pdf
INFO    ✓ [PDF] 89 words → 24_25_Non_Academic_Staff_57_638821745138636240_pdf_e94ed06b.txt
INFO  [PDF 444/1000] https://iitj.ac.in/PageImages/RTI/03-2025/Committee-of-PIOs-FAAs-with-rich-experience-in-RTI-to-identify-frequently-sought-information-under-RTI---(a)-Dates-from-which-constituted,-(b)-Name-&-Designation-of-the-Officers-1-638780800067134144.pdf
INFO    ✓ [PDF] 133 words → signation_of_the_Officers_1_638780800067134144_pdf_6c25d5a8.txt
INFO  [PDF 445/1000] https://iitj.ac.in/PageImages/Gallery/03-2026/Data-for-Placement-TP-Portal-2024-B-Tech-and-M-Tech-updated-639093538738710021.pdf
INFO    ✓ [PDF] 94 words → 4_B_Tech_and_M_Tech_updated_639093538738710021_pdf_31ed149d.txt
INFO  [PDF 446/1000] https://iitj.ac.in/PageImages/Gallery/11-2025/Office Order_2_InternforOfficeofRnD_2023-24.PDF
WARNING    PDF parse error: No /Root object! - Is this really a PDF?
INFO  [PDF 447/1000] https://www.iitj.ac.in/PageImages/Gallery/11-2025/phd-result-cse-ay-2025-26-semester-II-638991517501835553.pdf
INFO    ✓ [PDF] 40 words → _cse_ay_2025_26_semester_II_638991517501835553_pdf_d55fb8d0.txt
INFO  [PDF 448/1000] https://iitj.ac.in/PageImages/Gallery/02-2025/curriculum-of-PhD-MT-Program--638756575643402782.pdf
INFO    ✓ [PDF] 2,724 words → rriculum_of_PhD_MT_Program__638756575643402782_pdf_9e6cf1b7.txt
INFO  [PDF 449/1000] https://iitj.ac.in/PageImages/Gallery/02-2025/Norms-for-Research-Development-638741906663985707.pdf
INFO    ✓ [PDF] 12,427 words → ms_for_Research_Development_638741906663985707_pdf_1ff12086.txt
INFO  [PDF 450/1000] https://iitj.ac.in/PageImages/RTI/03-2025/Total-Budget-for-the-public-authority-2-638779853364180678.pdf
INFO  [PDF 451/1000] https://iitj.ac.in/PageImages/Gallery/07-2024/fae14dd5-9dd4-4528-b3e5-141e0d7103d4.pdf
INFO    ✓ [PDF] 778 words → y_07_2024_fae14dd5_9dd4_4528_b3e5_141e0d7103d4_pdf_36b486f0.txt
INFO  [PDF 452/1000] https://www.iitj.ac.in/PageImages/Gallery/12-2025/sme-PhD-Admission-for-AY-202526-SEMII-639002821774576777.pdf
INFO    ✓ [PDF] 48 words → mission_for_AY_202526_SEMII_639002821774576777_pdf_ebaf0c59.txt
INFO  [PDF 453/1000] https://iitj.ac.in/PageImages/Tenders/02-2026/Construction-of-DRDO-Lab-Facility-at-IIT-Jodhpur-639071998125379121.pdf
INFO    ✓ [PDF] 15,641 words → Lab_Facility_at_IIT_Jodhpur_639071998125379121_pdf_56bf0fa5.txt
INFO  [PDF 454/1000] https://iitj.ac.in/PageImages/Gallery/12-2025/phd-mathematics-semester-II-AY-202526-639002868615825450.pdf
INFO    ✓ [PDF] 41 words → atics_semester_II_AY_202526_639002868615825450_pdf_5ab02bad.txt
INFO  [PDF 455/1000] http://intra.iitj.ac.in/acad_website/pg_curriculum/MSC%20MATHEMATICS_06092019.pdf
INFO    ✓ [PDF] 6,590 words → bsite_pg_curriculum_MSC_20MATHEMATICS_06092019_pdf_597d5eaa.txt
INFO  [PDF 456/1000] http://intranet.iitj.ac.in/correspondences/assets/uploads/main_website/Office_Order_63.pdf
WARNING    Bytes fetch failed http://intranet.iitj.ac.in/correspondences/assets/uploads/main_website/Office_Order_63.pdf: 403 Client Error: Forbidden for url: https://intranet.iitj.ac.in/
INFO  [PDF 457/1000] https://www.iitj.ac.in/PageImages/Orders/04-2025/Appointment-of-Student-Ombudsperson-at-IIT-Jodhpur-638792790411592505.pdf
INFO    ✓ [PDF] 108 words → Ombudsperson_at_IIT_Jodhpur_638792790411592505_pdf_995b8be2.txt
INFO  [PDF 458/1000] https://iitj.ac.in/PageImages/Recruitment/03-2025/Non-Teaching-Staff-Members-Syllabus-IITJ-O(E-II)-2024-25-Non-Academic-Staff-57-638779924415100980.pdf
INFO    ✓ [PDF] 663 words → 24_25_Non_Academic_Staff_57_638779924415100980_pdf_f01bee65.txt
INFO  [PDF 459/1000] https://iitj.ac.in/PageImages/Gallery/07-2025/Course_Structure-Executive-MTech-AI.pdf
INFO    ✓ [PDF] 482 words → ry_07_2025_Course_Structure_Executive_MTech_AI_pdf_f54a2ec2.txt
INFO  [PDF 460/1000] https://iitj.ac.in/PageImages/Recruitment/03-2025/Non-Teaching-Staff-Members-Syllabus-IITJ-O(E-II)-2024-25-Non-Academic-Staff-57-638779907719416883.pdf
INFO    ✓ [PDF] 221 words → 24_25_Non_Academic_Staff_57_638779907719416883_pdf_d0f3dfa7.txt
INFO  [PDF 461/1000] https://iitj.ac.in/PageImages/Gallery/10-2025/shortlistedforinterviewsmephdjan2026-638972516543161438.pdf
INFO    ✓ [PDF] 47 words → edforinterviewsmephdjan2026_638972516543161438_pdf_9c864012.txt
INFO  [PDF 462/1000] https://iitj.ac.in/PageImages/RTI/03-2025/Total-Budget-for-the-public-authority-2-638779852284409381.pdf
INFO  [PDF 463/1000] https://iitj.ac.in/PageImages/Gallery/02-2026/Vigilance-Policy-639077931492716112.pdf
INFO    ✓ [PDF] 477 words → ry_02_2026_Vigilance_Policy_639077931492716112_pdf_2817a048.txt
INFO  [PDF 464/1000] https://iitj.ac.in/PageImages/RTI/03-2025/Exercised-1-638779784683667379.pdf
INFO    ✓ [PDF] 17,792 words → ges_RTI_03_2025_Exercised_1_638779784683667379_pdf_f2800b14.txt
INFO  [PDF 465/1000] https://iitj.ac.in/PageImages/Gallery/07-2024/68d39dce-a271-4243-8e58-16c4bd131488.pdf
INFO    ✓ [PDF] 245 words → y_07_2024_68d39dce_a271_4243_8e58_16c4bd131488_pdf_3b664803.txt
INFO  [PDF 466/1000] https://www.iitj.ac.in/PageImages/Gallery/06-2025/Final-Placement-Report-Batch-2023-2025-638859412401066527.pdf
INFO  [PDF 467/1000] https://iitj.ac.in/PageImages/Pages/03-2025/cf644fc1-dbad-428a-9bda-04a76b31de9f.pdf
INFO    ✓ [PDF] 224 words → s_03_2025_cf644fc1_dbad_428a_9bda_04a76b31de9f_pdf_bf1a7074.txt
INFO  [PDF 468/1000] https://iitj.ac.in/PageImages/Gallery/12-2024/Seminar-2-638701329246799385.pdf
INFO    ✓ [PDF] 127 words → s_Gallery_12_2024_Seminar_2_638701329246799385_pdf_40aac6dc.txt
INFO  [PDF 469/1000] https://iitj.ac.in/PageImages/Gallery/03-2025/institute-sustainability-committee-638779148376488067.pdf
INFO  [PDF 470/1000] https://iitj.ac.in/PageImages/Gallery/01-2026/List-of-Final-shortlisted-for-the-post-of-phytotherapist-On-Project-639033069822293352.pdf
INFO    ✓ [PDF] 41 words → f_phytotherapist_On_Project_639033069822293352_pdf_2ea1eb20.txt
INFO  [PDF 471/1000] https://iitj.ac.in/PageImages/Gallery/03-2025/AR2014-15%20(Hindi).pdf
INFO    ✓ [PDF] 24,628 words → PageImages_Gallery_03_2025_AR2014_15_20_Hindi__pdf_bb6b64ca.txt
INFO  [PDF 472/1000] https://iitj.ac.in/PageImages/Recruitment/12-2025/Non-Teaching-Staff-Members-Advertisement-IITJORNF2025-2662-639001883021429129.pdf
INFO    ✓ [PDF] 1,955 words → rtisement_IITJORNF2025_2662_639001883021429129_pdf_d5ebd80a.txt
INFO  [PDF 473/1000] https://www.iitj.ac.in/PageImages/Gallery/10-2025/PhD-AIDE-Shortlisted-Candidates-AY-202526-SEMESTERII-638973345060918574.pdf
INFO    ✓ [PDF] 151 words → idates_AY_202526_SEMESTERII_638973345060918574_pdf_85a11c20.txt
INFO  [PDF 474/1000] https://iitj.ac.in/PageImages/Gallery/03-2025/Brochure-for-MTech-program-Selfsponsored-in-Mechanical-Engineering-638771980623918395.pdf
INFO    ✓ [PDF] 203 words → d_in_Mechanical_Engineering_638771980623918395_pdf_dcaa18db.txt
INFO  [PDF 475/1000] https://www.iitj.ac.in/PageImages/Gallery/09-2025/Final-Placement-BrochureBatch-20242026SME-IIT-Jodhpur-638943104462523997.pdf
INFO    ✓ [PDF] 2,361 words → tch_20242026SME_IIT_Jodhpur_638943104462523997_pdf_dead3c5a.txt
INFO  [PDF 476/1000] https://iitj.ac.in/PageImages/RTI/07-2025/Process-of-redress-of-grievances--1-638870630756794923.pdf
INFO    ✓ [PDF] 1,255 words → of_redress_of_grievances__1_638870630756794923_pdf_1ca22fa0.txt
INFO  [PDF 477/1000] https://intranet.iitj.ac.in/acad_website/pg_curriculum/PHYSICS_06092019.pdf
INFO    ✓ [PDF] 15,780 words → _acad_website_pg_curriculum_PHYSICS_06092019_pdf_39beaa29.txt
INFO  [PDF 478/1000] https://iitj.ac.in/PageImages/Gallery/02-2025/PhD-Admissions-Result-AY-2425-Sem-II-638762597439539867.pdf
INFO    ✓ [PDF] 67 words → sions_Result_AY_2425_Sem_II_638762597439539867_pdf_d7448fdb.txt
INFO  [PDF 479/1000] https://intranet.iitj.ac.in/acad_website/pg_curriculum/CHEMISTRY_06092019.pdf
INFO    ✓ [PDF] 31,144 words → _acad_website_pg_curriculum_CHEMISTRY_06092019_pdf_e1eaf14c.txt
INFO  [PDF 480/1000] https://iitj.ac.in/PageImages/Gallery/06-2025/MeritListofcandidatesofAdmissionofPhDprogramAY202526-638863770918553900.pdf
INFO    ✓ [PDF] 45 words → missionofPhDprogramAY202526_638863770918553900_pdf_4d76948f.txt
INFO  [PDF 481/1000] https://intranet.iitj.ac.in/correspondences/assets/uploads/main_website/Notification_Constitution of Committee to monitor the Pre-School and Daycare established in the IIT Jodhpur Campus_13102025.pdf
INFO  [PDF 482/1000] https://iitj.ac.in/PageImages/Gallery/11-2025/OfficerOrderno.13NominationofDDOforRnDprojectfunds2022-23.pdf
INFO  [PDF 483/1000] https://iitj.ac.in/PageImages/RTI/03-2025/Budget-Allocation-by-MHRD-1-638780828906964380.pdf
INFO  [PDF 484/1000] https://intranet.iitj.ac.in/correspondences/assets/uploads/document/2025/03/2025-03-27-67e53ec25c13f-1743077058.pdf
INFO  [PDF 485/1000] https://iitj.ac.in/uploaded_docs/GRM23_20022023.pdf
WARNING    PDF parse error: No /Root object! - Is this really a PDF?
INFO  [PDF 486/1000] https://iitj.ac.in/PageImages/Gallery/11-2025/PhD-Result-Materials-of-AY-2025-26-Semester-II-638990836692803066.pdf
INFO    ✓ [PDF] 43 words → s_of_AY_2025_26_Semester_II_638990836692803066_pdf_cd5d206b.txt
INFO  [PDF 487/1000] https://iitj.ac.in/PageImages/Orders/03-2025/Adoption-of-the-rules-pertaining-to-Scheme-for-Compassionate-Appointment-under-Central-Government-at-IIT-Jodhpur---reg.-638784161368411270.pdf
INFO  [PDF 488/1000] https://iitj.ac.in/PageImages/Pages/03-2025/dc95e773-acce-4b2c-b370-3f504f276737.pdf
INFO  [PDF 489/1000] https://iitj.ac.in/PageImages/Gallery/04-2025/Ph.D._New.pdf
INFO    ✓ [PDF] 6,184 words → _PageImages_Gallery_04_2025_Ph_D__New_pdf_35592e38.txt
INFO  [PDF 490/1000] https://iitj.ac.in/PageImages/Gallery/06-2025/15-Nov-2022-Talk-by-Lipika-Dey-1.pdf
INFO    ✓ [PDF] 343 words → llery_06_2025_15_Nov_2022_Talk_by_Lipika_Dey_1_pdf_ee17f433.txt
INFO  [PDF 491/1000] https://intranet.iitj.ac.in/correspondences/assets/uploads/main_website/Notification_Safety & Disaster Management Committee including Lab Safety_13102025.pdf
INFO  [PDF 492/1000] https://iitj.ac.in/PageImages/RTI/07-2025/Title-and-nature-of-the-record--manual--instruction.-1-638875852761251485.pdf
INFO    ✓ [PDF] 106,650 words → ord__manual__instruction__1_638875852761251485_pdf_d7798e93.txt
INFO  [PDF 493/1000] https://iitj.ac.in/PageImages/Gallery/02-2025/BTech-Computational-Materials-Engineering-Specialization-and-BTech-MTech-Dual-Degree-638756574499644822.pdf
INFO    ✓ [PDF] 2,845 words → and_BTech_MTech_Dual_Degree_638756574499644822_pdf_89fa5b91.txt
INFO  [PDF 494/1000] https://iitj.ac.in/PageImages/Gallery/03-2025/AR_2018_19%20(English).pdf
INFO    ✓ [PDF] 32,443 words → eImages_Gallery_03_2025_AR_2018_19_20_English__pdf_1732cd26.txt
INFO  [PDF 495/1000] https://iitj.ac.in/PageImages/Pages/03-2025/81143d0f-d810-45d8-b585-6ea044c717b8.pdf
INFO  [PDF 496/1000] https://iitj.ac.in/PageImages/Gallery/11-2025/Notification14regardingPaymentofStatutoryLiabilitiesfromRnDprojectfunds2022-23.pdf
WARNING    PDF parse error: No /Root object! - Is this really a PDF?
INFO  [PDF 497/1000] https://iitj.ac.in/PageImages/Recruitment/08-2025/Non-Teaching-Staff-Members-Provisionally-Qualified-for-Stage-II-test-IITJ-O(E-II)-2024-25-Non-Academic-Staff-57-638898330492118347.pdf
INFO    ✓ [PDF] 104 words → 24_25_Non_Academic_Staff_57_638898330492118347_pdf_6d1c25d8.txt
INFO  [PDF 498/1000] https://iitj.ac.in/PageImages/Gallery/03-2025/design-638772089948454268.pdf
INFO    ✓ [PDF] 407 words → ages_Gallery_03_2025_design_638772089948454268_pdf_2b2a7b9c.txt
INFO  [PDF 499/1000] https://iitj.ac.in/PageImages/Gallery/06-2025/Curricula%20SS.pdf
INFO    ✓ [PDF] 711 words → _PageImages_Gallery_06_2025_Curricula_20SS_pdf_9ce6a489.txt
INFO  [PDF 500/1000] https://iitj.ac.in/PageImages/Gallery/03-2025/AR2011-12.pdf
INFO    ✓ [PDF] 20,671 words → _PageImages_Gallery_03_2025_AR2011_12_pdf_a4f97920.txt
INFO  [PDF 501/1000] https://iitj.ac.in/PageImages/Gallery/07-2025/145NotificationConstitution-of-Internal-Committee-638869709907681339.pdf
INFO  [PDF 502/1000] https://iitj.ac.in/PageImages/Gallery/10-2025/Schedule-for-Interview-AY-2025-26-SEMESTER-II-638973347779169932.pdf
INFO    ✓ [PDF] 301 words → view_AY_2025_26_SEMESTER_II_638973347779169932_pdf_56804cb7.txt
INFO  [PDF 503/1000] https://iitj.ac.in/PageImages/Gallery/04-2025/Faculty%20Members%20(Jan.21).pdf
WARNING    Too short (16 w), skip: https://iitj.ac.in/PageImages/Gallery/04-2025/Faculty%20Members%20(Jan.21).pdf
INFO  [PDF 504/1000] https://iitj.ac.in/PageImages/Gallery/02-2025/IITJRD06-638741714853264637.pdf
INFO  [PDF 505/1000] https://iitj.ac.in/PageImages/Gallery/02-2025/new21-638763574880920090.pdf
INFO    ✓ [PDF] 32 words → mages_Gallery_02_2025_new21_638763574880920090_pdf_49c47981.txt
INFO  [PDF 506/1000] https://intranet.iitj.ac.in/correspondences/assets/uploads/main_website/Notification_Constitution of Internal Committee in accordance with the Sexual Harassment of Women at Workplace (Prevention, Prohibition and Redressal) Act, 2013_13102025.pdf
INFO  [PDF 507/1000] https://iitj.ac.in/PageImages/Gallery/12-2025/Provisionally-chemistry-phd-selected-candidates-Jan-2026-639002732752294459.pdf
INFO    ✓ [PDF] 47 words → elected_candidates_Jan_2026_639002732752294459_pdf_b178c773.txt
INFO  [PDF 508/1000] https://iitj.ac.in/PageImages/Recruitment/03-2025/Non-Teaching-Staff-Members-Syllabus-IITJ-O(E-II)-2024-25-Non-Academic-Staff-57-638779911663395148.pdf
INFO    ✓ [PDF] 766 words → 24_25_Non_Academic_Staff_57_638779911663395148_pdf_a155af79.txt
INFO  [PDF 509/1000] https://intranet.iitj.ac.in/acad_website/intra/Advanced%20Manufacturing%20and%20Design_document-2020-11-26-16-07-pm.pdf
INFO    ✓ [PDF] 15,557 words → ng_20and_20Design_document_2020_11_26_16_07_pm_pdf_c50df21e.txt
INFO  [PDF 510/1000] https://iitj.ac.in/PageImages/Recruitment/05-2025/Non-Teaching-Staff-Members-Result-IITJ-O(E-II)-2024-25-Non-Academic-Staff-57-638821756635993965.pdf
INFO    ✓ [PDF] 89 words → 24_25_Non_Academic_Staff_57_638821756635993965_pdf_a798908b.txt
INFO  [PDF 511/1000] https://iitj.ac.in/PageImages/Recruitment/03-2025/Non-Teaching-Staff-Members-Syllabus-IITJ-O(E-II)-2024-25-Non-Academic-Staff-57-638779866803959911.pdf
INFO    ✓ [PDF] 536 words → 24_25_Non_Academic_Staff_57_638779866803959911_pdf_e39d4bf4.txt
INFO  [PDF 512/1000] https://intranet.iitj.ac.in/correspondences/assets/uploads/document/2024/09/2024-09-02-66d57de28b641-1725267426.pdf
INFO    ✓ [PDF] 266 words → nt_2024_09_2024_09_02_66d57de28b641_1725267426_pdf_aa0bc75b.txt
INFO  [PDF 513/1000] https://iitj.ac.in/PageImages/Pages/03-2025/c6f59b1d-be91-4047-a960-2a3d30566512.pdf
INFO    ✓ [PDF] 139 words → s_03_2025_c6f59b1d_be91_4047_a960_2a3d30566512_pdf_b604f76d.txt
INFO  [PDF 514/1000] https://iitj.ac.in/PageImages/Gallery/12-2025/PROVISIONALLY-SELECTED-FOR-PhD-639026193998027425.pdf
INFO    ✓ [PDF] 36 words → VISIONALLY_SELECTED_FOR_PhD_639026193998027425_pdf_a372931e.txt
INFO  [PDF 515/1000] https://iitj.ac.in/PageImages/RTI/03-2025/Information-related-to-procurements--1-638780648833960526.pdf
INFO    ✓ [PDF] 4,294 words → _related_to_procurements__1_638780648833960526_pdf_9e8e3c1d.txt
INFO  [PDF 516/1000] https://www.iitj.ac.in/PageImages/Gallery/10-2025/PhD-IDRPAIOT-Shortlisted-Candidates-AY-202526-SEMESTERII-638974419955125236.pdf
INFO    ✓ [PDF] 53 words → idates_AY_202526_SEMESTERII_638974419955125236_pdf_bfcd5fff.txt
INFO  [PDF 517/1000] https://iitj.ac.in/PageImages/Pages/08-2025/Khamma-Ghani_Vol3_Issue1_Jan_June_2017_14122017.pdf
INFO    ✓ [PDF] 5,142 words → hamma_Ghani_Vol3_Issue1_Jan_June_2017_14122017_pdf_a74befc7.txt
INFO  [PDF 518/1000] https://iitj.ac.in/uploaded_docs/Ph.D._BIO.pdf
WARNING    PDF parse error: No /Root object! - Is this really a PDF?
INFO  [PDF 519/1000] https://iitj.ac.in/PageImages/Gallery/02-2025/IIT-Act-Amendment-638741926649639700.pdf
INFO    ✓ [PDF] 2,411 words → y_02_2025_IIT_Act_Amendment_638741926649639700_pdf_96dca3c4.txt
INFO  [PDF 520/1000] https://iitj.ac.in/PageImages/Gallery/02-2025/Combined-Study-and-Practice-Stays-for-Engineering-from-Developing-Countries-KOSPIE-with-Indian-IITs-638753867859811371.pdf
INFO    ✓ [PDF] 209 words → ies_KOSPIE_with_Indian_IITs_638753867859811371_pdf_7d8f4844.txt
INFO  [PDF 521/1000] https://iitj.ac.in/PageImages/Gallery/12-2025/IITJ PGD AI - Brochure_01dec2025.pdf
INFO    ✓ [PDF] 2,543 words → llery_12_2025_IITJ_PGD_AI___Brochure_01dec2025_pdf_ba3c45c4.txt
INFO  [PDF 522/1000] https://iitj.ac.in/PageImages/Gallery/06-2025/2025-05-06-6819f065e7a81-1746530405.pdf
INFO    ✓ [PDF] 48 words → ry_06_2025_2025_05_06_6819f065e7a81_1746530405_pdf_29408805.txt
INFO  [PDF 523/1000] https://iitj.ac.in/PageImages/Gallery/11-2025/Notification_08_GuidelinesforStudentProjectStaffAirTravel_2023-24.PDF
INFO  [PDF 524/1000] https://www.iitj.ac.in/PageImages/Gallery/01-2025/Summer-Internship-Report-2024-638738374222493451.pdf
INFO    ✓ [PDF] 477 words → mmer_Internship_Report_2024_638738374222493451_pdf_317f3e21.txt
INFO  [PDF 525/1000] https://iitj.ac.in/PageImages/Gallery/04-2025/Provisionally-shorlisted-MTech-bsbe-AY-20252026-638811169633855705.pdf
INFO    ✓ [PDF] 49 words → sted_MTech_bsbe_AY_20252026_638811169633855705_pdf_d45c9aa4.txt
INFO  [PDF 526/1000] https://iitj.ac.in/PageImages/RecruitmentAdvertisementMaster/12-2025/Advertisement-For-Registrar-Post-on-TenureDeputation-1-639001880285804343.pdf
INFO    ✓ [PDF] 1,955 words → _Post_on_TenureDeputation_1_639001880285804343_pdf_7465551d.txt
INFO  [PDF 527/1000] https://iitj.ac.in/PageImages/Recruitment/03-2025/Non-Teaching-Staff-Members-Advertisement--IITJ-OR(NT)-2024-25-CA-58-638780080006143547.pdf
INFO    ✓ [PDF] 758 words → __IITJ_OR_NT__2024_25_CA_58_638780080006143547_pdf_d4a4b48c.txt
INFO  [PDF 528/1000] https://iitj.ac.in/acad_website/pg_curriculum/29.2.2_AP3_2_Detailed%20concept%20note%20and%20curriculum%20on%20M.Tech.%20and%20M.Tech.-Ph.D.%20in%20Intelligent%20Communication%20Systems_Final18.7.2022.pdf
WARNING    PDF parse error: No /Root object! - Is this really a PDF?
INFO  [PDF 529/1000] https://iitj.ac.in/PageImages/RTI/03-2025/3.-1-638780773798707843.pdf
INFO    ✓ [PDF] 40,412 words → PageImages_RTI_03_2025_3__1_638780773798707843_pdf_d656f1ae.txt
INFO  [PDF 530/1000] https://iitj.ac.in/PageImages/Gallery/04-2025/Gross%20Salary_FM_August_2022.pdf
INFO    ✓ [PDF] 685 words → _Gallery_04_2025_Gross_20Salary_FM_August_2022_pdf_40e23945.txt
INFO  [PDF 531/1000] https://iitj.ac.in/PageImages/RTI/07-2025/Related-provisions,-acts,-rules-etc.-1-638875854034039947.pdf
INFO    ✓ [PDF] 87,777 words → visions__acts__rules_etc__1_638875854034039947_pdf_613b1d03.txt
INFO  [PDF 532/1000] https://old.iitj.ac.in/uploaded_docs/24-10%20MTech%20AI%20Brochure.pdf
WARNING    Bytes fetch failed https://old.iitj.ac.in/uploaded_docs/24-10%20MTech%20AI%20Brochure.pdf: HTTPSConnectionPool(host='old.iitj.ac.in', port=443): Max retries exceeded with url: /uploaded_docs/24-10%20MTech%20AI%20Brochure.pdf (Caused by SSLError(SSLCertVerificationError(1, '[SSL: CERTIFICATE_VERIFY_FAILED] certificate verify failed: unable to get local issuer certificate (_ssl.c:1006)')))
INFO  [PDF 533/1000] https://iitj.ac.in/PageImages/Gallery/12-2024/Advt-64-4-638701183924723435.pdf
INFO    ✓ [PDF] 816 words → s_Gallery_12_2024_Advt_64_4_638701183924723435_pdf_a6487eb8.txt
INFO  [PDF 534/1000] https://iitj.ac.in/PageImages/Gallery/02-2025/Statutes-Hindi-IIT-JODHPUR-638741923755300344.pdf
INFO    ✓ [PDF] 1,155 words → _Statutes_Hindi_IIT_JODHPUR_638741923755300344_pdf_1b1c7ab6.txt
INFO  [PDF 535/1000] https://intranet.iitj.ac.in/correspondences/assets/uploads/main_website/Notification_Institute_Digital_Infrastructure_Committee_IDIC.pdf
INFO  [PDF 536/1000] https://iitj.ac.in/PageImages/Gallery/04-2025/RTI%20(Gross%20Salary%20SM%20Oct.2020).pdf
INFO    ✓ [PDF] 65 words → 04_2025_RTI_20_Gross_20Salary_20SM_20Oct_2020__pdf_1b1ccf9c.txt
INFO  [PDF 537/1000] https://iitj.ac.in/PageImages/RTI/03-2025/Total-Budget-for-the-public-authority-1-638779851273223564.pdf
INFO    ✓ [PDF] 4,476 words → _for_the_public_authority_1_638779851273223564_pdf_ee642977.txt
INFO  [PDF 538/1000] https://iitj.ac.in/PageImages/Pages/03-2025/68cc0c49-05ba-4c1e-a7d7-12cb797afc4a.pdf
INFO    ✓ [PDF] 4,252 words → s_03_2025_68cc0c49_05ba_4c1e_a7d7_12cb797afc4a_pdf_51899296.txt
INFO  [PDF 539/1000] https://iitj.ac.in/PageImages/Gallery/03-2025/IITJ_AR_2022_2023_Hindi.pdf
INFO    ✓ [PDF] 31,076 words → Images_Gallery_03_2025_IITJ_AR_2022_2023_Hindi_pdf_8a4c90ec.txt
INFO  [PDF 540/1000] https://iitj.ac.in/PageImages/Pages/08-2025/Khamma-Ghani_Vol4_Issue1_January_June_2018_01_10092018.pdf
INFO    ✓ [PDF] 8,731 words → hani_Vol4_Issue1_January_June_2018_01_10092018_pdf_1f7f1c5b.txt
INFO  [PDF 541/1000] https://iitj.ac.in/PageImages/Gallery/01-2026/Detailed-curriculum-for-MTech-CSE-AY-2025-onwards-639053782130026932.pdf
INFO    ✓ [PDF] 268 words → r_MTech_CSE_AY_2025_onwards_639053782130026932_pdf_812989e4.txt
INFO  [PDF 542/1000] https://iitj.ac.in/PageImages/Pages/03-2025/6ce3d706-5a1f-40ab-9e7d-31f4f77b8ab8.pdf
INFO  [PDF 543/1000] https://iitj.ac.in/PageImages/Gallery/06-2025/2025-04-09-67f63db7686f9-1744190903.pdf
INFO    ✓ [PDF] 1,708 words → ry_06_2025_2025_04_09_67f63db7686f9_1744190903_pdf_9b21ac1c.txt
INFO  [PDF 544/1000] https://intranet.iitj.ac.in/correspondences/assets/uploads/document/2024/12/2024-12-19-6763c25440ef2-1734591060.pdf
INFO    ✓ [PDF] 679 words → nt_2024_12_2024_12_19_6763c25440ef2_1734591060_pdf_216e4f85.txt
INFO  [PDF 545/1000] https://iitj.ac.in/PageImages/Recruitment/03-2025/Non-Teaching-Staff-Members-Not-Shortlisted-IITJ-O(E-II)-2024-25-Non-Academic-Staff-57-638780059611905301.pdf
INFO    ✓ [PDF] 716 words → 24_25_Non_Academic_Staff_57_638780059611905301_pdf_9dd5a0d9.txt
INFO  [PDF 546/1000] https://iitj.ac.in/PageImages/Gallery/02-2025/MTech-Materials-Engineering-638756404742060720.pdf
INFO    ✓ [PDF] 6,663 words → MTech_Materials_Engineering_638756404742060720_pdf_6c8ee83d.txt
INFO  [PDF 547/1000] https://iitj.ac.in/PageImages/Recruitment/03-2025/Non-Teaching-Staff-Members-Syllabus-IITJ-O(E-II)-2024-25-Non-Academic-Staff-57-638779876243344370.pdf
INFO    ✓ [PDF] 429 words → 24_25_Non_Academic_Staff_57_638779876243344370_pdf_bfa52df0.txt
INFO  [PDF 548/1000] https://iitj.ac.in/PageImages/Recruitment/03-2025/Non-Teaching-Staff-Members-Provisionally-Shortlisted-IITJ-O(E-II)-2024-25-Non-Academic-Staff-57-638780031500456963.pdf
INFO    ✓ [PDF] 446 words → 24_25_Non_Academic_Staff_57_638780031500456963_pdf_dfcbfc84.txt
INFO  [PDF 549/1000] https://iitj.ac.in/PageImages/Gallery/03-2025/biocourses1-638769676093038992.pdf
INFO    ✓ [PDF] 389 words → Gallery_03_2025_biocourses1_638769676093038992_pdf_f761f6fb.txt
INFO  [PDF 550/1000] https://iitj.ac.in/PageImages/Gallery/03-2025/Policy-Document-CCE-638773814232293299.pdf
INFO    ✓ [PDF] 3,150 words → 03_2025_Policy_Document_CCE_638773814232293299_pdf_114a2272.txt
INFO  [PDF 551/1000] https://intranet.iitj.ac.in/correspondences/assets/uploads/uploaded_docs/orders/Notification_Constitution of Institute National Education Policy (NEP) Action Committee.pdf
INFO  [PDF 552/1000] https://intranet.iitj.ac.in/correspondences/assets/uploads/uploaded_docs/orders/Notification_Committee for evaluation of Ph.D. Thesis for award of Best Ph.D. Thesis.pdf
INFO  [PDF 553/1000] https://iitj.ac.in/PageImages/Gallery/06-2025/2025-04-28-680f67f481174-1745840116.pdf
WARNING    Too short (29 w), skip: https://iitj.ac.in/PageImages/Gallery/06-2025/2025-04-28-680f67f481174-1745840116.pdf
INFO  [PDF 554/1000] https://intranet.iitj.ac.in/acad_website/intra/7.%20B.Tech%20MT_09102020.pdf
INFO    ✓ [PDF] 14,050 words → _acad_website_intra_7__20B_Tech_20MT_09102020_pdf_681db0af.txt
INFO  [PDF 555/1000] https://iitj.ac.in/PageImages/Gallery/04-2025/btech_cse.pdf
INFO    ✓ [PDF] 255 words → _PageImages_Gallery_04_2025_btech_cse_pdf_4fe6388b.txt
INFO  [PDF 556/1000] https://iitj.ac.in/PageImages/RTI/07-2025/Title-and-nature-of-the-record--manual--instruction.-1-638875851956710731.pdf
INFO    ✓ [PDF] 260,968 words → ord__manual__instruction__1_638875851956710731_pdf_51a2c92e.txt
INFO  [PDF 557/1000] https://iitj.ac.in/PageImages/Gallery/04-2025/GST-Certificate-of-IIT-Jodhpur-638810968906469700.pdf
INFO  [PDF 558/1000] https://iitj.ac.in/PageImages/Gallery/04-2025/RTI%20(Gross%20salary%20SM%20Nov.2020).pdf
INFO    ✓ [PDF] 96 words → 04_2025_RTI_20_Gross_20salary_20SM_20Nov_2020__pdf_964a34d1.txt
INFO  [PDF 559/1000] https://iitj.ac.in/PageImages/Gallery/02-2025/IITJ-Society-Registration-Certificate-IoT-Act-Amendment-638741927785995290.pdf
INFO    ✓ [PDF] 2,411 words → rtificate_IoT_Act_Amendment_638741927785995290_pdf_d65e523f.txt
INFO  [PDF 560/1000] https://iitj.ac.in/PageImages/Gallery/05-2025/syllabus-for-Mtech-and-phd-638833561725924230.pdf
INFO    ✓ [PDF] 184 words → _syllabus_for_Mtech_and_phd_638833561725924230_pdf_3259e687.txt
INFO  [PDF 561/1000] https://iitj.ac.in/PageImages/Recruitment/03-2025/Non-Teaching-Staff-Members-Provisionally-Shortlisted-IITJ-O(E-II)-2024-25-Non-Academic-Staff-57-638780035827549508.pdf
INFO    ✓ [PDF] 1,938 words → 24_25_Non_Academic_Staff_57_638780035827549508_pdf_00c58aa0.txt
INFO  [PDF 562/1000] https://iitj.ac.in/PageImages/Recruitment/07-2025/Non-Teaching-Staff-Members-Advertisement-IITJ-OR(NF)-2025-26-60-638878498323492107.pdf
INFO    ✓ [PDF] 1,999 words → ment_IITJ_OR_NF__2025_26_60_638878498323492107_pdf_73d99ff1.txt
INFO  [PDF 563/1000] https://iitj.ac.in/PageImages/Gallery/03-2025/AR2017-18%20(Hindi).pdf
INFO    ✓ [PDF] 27,732 words → PageImages_Gallery_03_2025_AR2017_18_20_Hindi__pdf_3ac4b3ff.txt
INFO  [PDF 564/1000] https://iitj.ac.in/PageImages/Gallery/11-2025/International-Mobility-Research-Grant-IMRG--638992338579874489.pdf
INFO    ✓ [PDF] 687 words → bility_Research_Grant_IMRG__638992338579874489_pdf_4cfe1aba.txt
INFO  [PDF 565/1000] https://iitj.ac.in/PageImages/Recruitment/03-2025/Non-Teaching-Staff-Members-Not-Shortlisted-IITJ-O(E-II)-2024-25-Non-Academic-Staff-57-638780061477812316.pdf
INFO    ✓ [PDF] 2,997 words → 24_25_Non_Academic_Staff_57_638780061477812316_pdf_a7ec34a3.txt
INFO  [PDF 566/1000] http://sola.iitj.ac.in/wp-content/uploads/2023/04/PHD-Application-April-2023.pdf
WARNING    PDF parse error: No /Root object! - Is this really a PDF?
INFO  [PDF 567/1000] https://iitj.ac.in/PageImages/Gallery/07-2025/NotificationJCC-638869715244657844.pdf
INFO  [PDF 568/1000] https://intranet.iitj.ac.in/correspondences/assets/uploads/document/2024/11/2024-11-11-67318fee36363-1731301358.pdf
INFO    ✓ [PDF] 306 words → nt_2024_11_2024_11_11_67318fee36363_1731301358_pdf_29578b06.txt
INFO  [PDF 569/1000] https://iitj.ac.in/PageImages/Gallery/11-2025/Notification_06_GuidelinesforProfessionalDevelopmentAccountofGroupAOfficers_2023-24.PDF
INFO  [PDF 570/1000] https://iitj.ac.in/PageImages/Recruitment/09-2025/Non-Teaching-Staff-Members-Result-IITJ-O(E-II)-2024-25-Non-Academic-Staff-57-638937214991994381.pdf
INFO    ✓ [PDF] 177 words → 24_25_Non_Academic_Staff_57_638937214991994381_pdf_1b79ac88.txt
INFO  [PDF 571/1000] https://www.iitj.ac.in/PageImages/Gallery/01-2025/Student-MBA-BATCH-PROFILE-2023-25-638739355604328061.pdf
INFO    ✓ [PDF] 1,567 words → t_MBA_BATCH_PROFILE_2023_25_638739355604328061_pdf_e31c60a0.txt
INFO  [PDF 572/1000] https://iitj.ac.in/PageImages/Gallery/04-2025/cse/Update-result_PHD-Sem-1-2024.pdf
INFO    ✓ [PDF] 188 words → llery_04_2025_cse_Update_result_PHD_Sem_1_2024_pdf_576b5154.txt
INFO  [PDF 573/1000] https://iitj.ac.in/PageImages/Gallery/02-2026/Advertisement-MTech-2026-27-Jan-2026-639056483100968235.pdf
INFO    ✓ [PDF] 3,031 words → ment_MTech_2026_27_Jan_2026_639056483100968235_pdf_c9510947.txt
INFO  [PDF 574/1000] https://iitj.ac.in/PageImages/Pages/05-2025/83417b24-7464-4d1d-859a-44d70d2da0ed.pdf
INFO    ✓ [PDF] 242 words → s_05_2025_83417b24_7464_4d1d_859a_44d70d2da0ed_pdf_0856a6c0.txt
INFO  [PDF 575/1000] https://iitj.ac.in/PageImages/Gallery/12-2024/Advt-65-3-638701183746410064.pdf
INFO    ✓ [PDF] 727 words → s_Gallery_12_2024_Advt_65_3_638701183746410064_pdf_d01256fa.txt
INFO  [PDF 576/1000] https://iitj.ac.in/PageImages/Gallery/02-2025/IITJ-At-A-Glance-Hindi-638753858782718982.pdf
INFO  [PDF 577/1000] https://iitj.ac.in/PageImages/Gallery/01-2025/MBA-Fintech-and-Cybersecurity-Batch-Profile-2023-25-638739361628637022.pdf
INFO    ✓ [PDF] 130 words → urity_Batch_Profile_2023_25_638739361628637022_pdf_df5d7b5d.txt
INFO  [PDF 578/1000] https://iitj.ac.in/PageImages/Gallery/01-2025/window-vpn-638738458850226753.pdf
INFO    ✓ [PDF] 151 words → _Gallery_01_2025_window_vpn_638738458850226753_pdf_ff169e41.txt
INFO  [PDF 579/1000] https://iitj.ac.in/PageImages/Recruitment/07-2025/Non-Teaching-Staff-Members-Result-IITJ-O(E-II)-2024-25-Non-Academic-Staff-57-638877617633469574.pdf
INFO    ✓ [PDF] 185 words → 24_25_Non_Academic_Staff_57_638877617633469574_pdf_ba66519b.txt
INFO  [PDF 580/1000] https://iitj.ac.in/PageImages/Gallery/12-2024/EECRL-pdf-638700264352048940.pdf
INFO    ✓ [PDF] 38 words → s_Gallery_12_2024_EECRL_pdf_638700264352048940_pdf_b577f80c.txt
INFO  [PDF 581/1000] https://intranet.iitj.ac.in/correspondences/assets/uploads/document/2024/09/2024-09-02-66d57e1dca989-1725267485.pdf
INFO    ✓ [PDF] 1,886 words → nt_2024_09_2024_09_02_66d57e1dca989_1725267485_pdf_80a2e050.txt
INFO  [PDF 582/1000] https://iitj.ac.in/PageImages/RTI/03-2025/Norms--standards-for-functions--service-delivery-1-638779925746324877.pdf
INFO    ✓ [PDF] 17,792 words → nctions__service_delivery_1_638779925746324877_pdf_165dbe8e.txt
INFO  [PDF 583/1000] https://iitj.ac.in/PageImages/Gallery/11-2025/OfficeOrderno.11eOfficeIDforallProjectStaff2022-23.pdf
INFO  [PDF 584/1000] https://iitj.ac.in/PageImages/Gallery/03-2025/Event-3-638769462608154967.pdf
INFO    ✓ [PDF] 66 words → ges_Gallery_03_2025_Event_3_638769462608154967_pdf_d06758ca.txt
INFO  [PDF 585/1000] https://iitj.ac.in/PageImages/Gallery/03-2026/Sustainability-Policy-IITJ19062023-639094249820830722.pdf
INFO    ✓ [PDF] 2,513 words → ability_Policy_IITJ19062023_639094249820830722_pdf_42789029.txt
INFO  [PDF 586/1000] https://iitj.ac.in/PageImages/Gallery/01-2026/Detailed-curriculum-for-MTech-AI-AY-2025-onwards-639053782336374627.pdf
INFO    ✓ [PDF] 289 words → or_MTech_AI_AY_2025_onwards_639053782336374627_pdf_94325446.txt
INFO  [PDF 587/1000] https://www.iitj.ac.in/PageImages/Gallery/02-2026/Advertisement-MSc-CSS-AY-2026-27-639056500457497359.pdf
INFO    ✓ [PDF] 1,194 words → tisement_MSc_CSS_AY_2026_27_639056500457497359_pdf_67ba1754.txt
INFO  [PDF 588/1000] https://iitj.ac.in/PageImages/Gallery/06-2025/List-of-candidates-called-for-written-test-for-PhD-program-AY-2025-26.pdf
INFO    ✓ [PDF] 40 words → ed_for_written_test_for_PhD_program_AY_2025_26_pdf_6c004550.txt
INFO  [PDF 589/1000] https://iitj.ac.in/PageImages/Recruitment/03-2025/Non-Teaching-Staff-Members-Syllabus-IITJ-O(E-II)-2024-25-Non-Academic-Staff-57-638779884922386002.pdf
INFO    ✓ [PDF] 216 words → 24_25_Non_Academic_Staff_57_638779884922386002_pdf_b8a60ad9.txt
INFO  [PDF 590/1000] https://iitj.ac.in/PageImages/Gallery/04-2025/Staff%20Members%20(May%2021).pdf
INFO    ✓ [PDF] 59 words → s_Gallery_04_2025_Staff_20Members_20_May_2021__pdf_4c203d3e.txt
INFO  [PDF 591/1000] https://intranet.iitj.ac.in/acad_website/pg_curriculum/MECHANICAL%20ENGINEERING_27112019.pdf
INFO    ✓ [PDF] 15,557 words → g_curriculum_MECHANICAL_20ENGINEERING_27112019_pdf_bca517ee.txt
INFO  [PDF 592/1000] https://iitj.ac.in/PageImages/Pages/03-2025/a3e555f3-8bcf-45cd-aba7-c4c10129b2ec.pdf
INFO    ✓ [PDF] 2,354 words → s_03_2025_a3e555f3_8bcf_45cd_aba7_c4c10129b2ec_pdf_e07dd45c.txt
INFO  [PDF 593/1000] https://iitj.ac.in/PageImages/Gallery/05-2025/Institutes-of-Technology-Amendment-Act-2012-638829208552640729.pdf
INFO    ✓ [PDF] 2,411 words → chnology_Amendment_Act_2012_638829208552640729_pdf_d22ccbd4.txt
INFO  [PDF 594/1000] https://iitj.ac.in/PageImages/Gallery/03-2025/pmrf-resolution-638785143396354198.pdf
INFO    ✓ [PDF] 201 words → ery_03_2025_pmrf_resolution_638785143396354198_pdf_0e6743f4.txt
INFO  [PDF 595/1000] https://www.iitj.ac.in/PageImages/Gallery/01-2025/-MBA-Admission-2024-26-638736631485442196.pdf
INFO    ✓ [PDF] 88 words → 2025__MBA_Admission_2024_26_638736631485442196_pdf_b6fae609.txt
INFO  [PDF 596/1000] https://intranet.iitj.ac.in/correspondences/assets/uploads/main_website/Notification_Constitution of Commercial Establishment Licensing Committee (CELC)_13102025.pdf
INFO  [PDF 597/1000] https://iitj.ac.in/PageImages/Recruitment/03-2025/Non-Teaching-Staff-Members-Syllabus-IITJ-O(E-II)-2024-25-Non-Academic-Staff-57-638779880777055074.pdf
INFO    ✓ [PDF] 157 words → 24_25_Non_Academic_Staff_57_638779880777055074_pdf_ed5a16ec.txt
INFO  [PDF 598/1000] https://iitj.ac.in/PageImages/RTI/03-2025/Title-and-nature-of-the-record--manual--instruction.-1-638779944990865528.pdf
INFO    ✓ [PDF] 9,457 words → ord__manual__instruction__1_638779944990865528_pdf_5037657b.txt
INFO  [PDF 599/1000] https://intranet.iitj.ac.in/correspondences/assets/uploads/main_website/Office_Order_01.pdf
INFO  [PDF 600/1000] https://iitj.ac.in/PageImages/Gallery/08-2025/book3pdf-638901834087404234.pdf
WARNING  Could not get FontBBox from font descriptor because None cannot be parsed as 4 floats
WARNING  Could not get FontBBox from font descriptor because None cannot be parsed as 4 floats
WARNING  Could not get FontBBox from font descriptor because None cannot be parsed as 4 floats
WARNING  Could not get FontBBox from font descriptor because None cannot be parsed as 4 floats
WARNING  Could not get FontBBox from font descriptor because None cannot be parsed as 4 floats
WARNING  Could not get FontBBox from font descriptor because None cannot be parsed as 4 floats
WARNING  Could not get FontBBox from font descriptor because None cannot be parsed as 4 floats
WARNING  Could not get FontBBox from font descriptor because None cannot be parsed as 4 floats
WARNING  Could not get FontBBox from font descriptor because None cannot be parsed as 4 floats
WARNING  Could not get FontBBox from font descriptor because None cannot be parsed as 4 floats
WARNING  Could not get FontBBox from font descriptor because None cannot be parsed as 4 floats
INFO    ✓ [PDF] 1,636 words → es_Gallery_08_2025_book3pdf_638901834087404234_pdf_4bf0ee37.txt
INFO  [PDF 601/1000] https://iitj.ac.in/PageImages/Gallery/07-2024/d0bed2af-bd03-474e-aa32-5fd53a3229aa.pdf
INFO    ✓ [PDF] 884 words → y_07_2024_d0bed2af_bd03_474e_aa32_5fd53a3229aa_pdf_26947d7e.txt
INFO  [PDF 602/1000] https://iitj.ac.in/PageImages/Gallery/04-2025/CSR-638804828397603002.pdf
INFO    ✓ [PDF] 432 words → eImages_Gallery_04_2025_CSR_638804828397603002_pdf_1dd689eb.txt
INFO  [PDF 603/1000] https://iitj.ac.in/PageImages/Gallery/07-2025/Curriculum-MTechMTech-PhDPhD-AIAY2021Onwards.pdf
INFO    ✓ [PDF] 955 words → 5_Curriculum_MTechMTech_PhDPhD_AIAY2021Onwards_pdf_e64e575d.txt
INFO  [PDF 604/1000] https://iitj.ac.in/PageImages/Gallery/07-2024/723f90b1-9ffc-413d-9151-054fa8b9921b.pdf
INFO    ✓ [PDF] 319 words → y_07_2024_723f90b1_9ffc_413d_9151_054fa8b9921b_pdf_0b407b50.txt
INFO  [PDF 605/1000] https://www.iitj.ac.in/PageImages/Gallery/01-2025/-STUDENT-MBA-BATCH-PROFILE-2020-22-638739359831778375.pdf
INFO  [PDF 606/1000] https://iitj.ac.in/PageImages/Recruitment/03-2025/Non-Teaching-Staff-Members-Provisionally-Shortlisted-for-Stage-I-test-IITJ-O(E-II)-2024-25-Non-Academic-Staff-57-638780066699124086.pdf
INFO    ✓ [PDF] 552 words → 24_25_Non_Academic_Staff_57_638780066699124086_pdf_1ef00353.txt
INFO  [PDF 607/1000] https://iitj.ac.in/PageImages/RTI/07-2025/Title-and-nature-of-the-record--manual--instruction.-1-638876600943122123.pdf
INFO    ✓ [PDF] 60,941 words → ord__manual__instruction__1_638876600943122123_pdf_7305c244.txt
INFO  [PDF 608/1000] https://iitj.ac.in/PageImages/Gallery/06-2025/BrochureMEPhD2025roundIIpdf-638859359681336886.pdf
INFO    ✓ [PDF] 225 words → BrochureMEPhD2025roundIIpdf_638859359681336886_pdf_80c90a71.txt
INFO  [PDF 609/1000] https://intranet.iitj.ac.in/correspondences/assets/uploads/main_website/Notification_Institute Foundation and Convocation Committee_13102025.pdf
INFO  [PDF 610/1000] https://intranet.iitj.ac.in/correspondences/assets/uploads/document/2024/09/2024-09-30-66fa261dca46d-1727669789.pdf
INFO    ✓ [PDF] 244 words → nt_2024_09_2024_09_30_66fa261dca46d_1727669789_pdf_3e8915d8.txt
INFO  [PDF 611/1000] https://iitj.ac.in/PageImages/Recruitment/03-2025/Non-Teaching-Staff-Members-Syllabus-IITJ-O(E-II)-2024-25-Non-Academic-Staff-57-638779927739672012.pdf
INFO    ✓ [PDF] 138 words → 24_25_Non_Academic_Staff_57_638779927739672012_pdf_54c238da.txt
INFO  [PDF 612/1000] https://intranet.iitj.ac.in/acad_website/pg_curriculum/RMS_Detailed%20concept%20note%20and%20curriculum%20on%20M.Tech.%20in%20Robotics%20and%20Mobility%20Systems_Concept%20note%20on%20M.Tech.%20in%20Robotics%20and%20Mobility%20Systems_06082022.pdf
WARNING    Bytes fetch failed https://intranet.iitj.ac.in/acad_website/pg_curriculum/RMS_Detailed%20concept%20note%20and%20curriculum%20on%20M.Tech.%20in%20Robotics%20and%20Mobility%20Systems_Concept%20note%20on%20M.Tech.%20in%20Robotics%20and%20Mobility%20Systems_06082022.pdf: 404 Client Error: Not Found for url: https://intranet.iitj.ac.in/acad_website/pg_curriculum/RMS_Detailed%20concept%20note%20and%20curriculum%20on%20M.Tech.%20in%20Robotics%20and%20Mobility%20Systems_Concept%20note%20on%20M.Tech.%20in%20Robotics%20and%20Mobility%20Systems_06082022.pdf
INFO  [PDF 613/1000] https://iitj.ac.in/PageImages/RTI/07-2025/Details-of-third-party-audit-of-voluntary-disclosure--(a)-Dates-of-audit-carried-out-,-(b)-Report-of-the-audit-carried-out-1-638870458706545767.pdf
INFO    ✓ [PDF] 4,876 words → _of_the_audit_carried_out_1_638870458706545767_pdf_1d60d852.txt
INFO  [PDF 614/1000] https://iitj.ac.in/PageImages/Gallery/03-2025/AR2016-17%20(Hindi).pdf
INFO    ✓ [PDF] 27,610 words → PageImages_Gallery_03_2025_AR2016_17_20_Hindi__pdf_71af8cb3.txt
INFO  [PDF 615/1000] https://iitj.ac.in/PageImages/Gallery/07-2025/452Detailsofapplicationsreceivedanddisposed-638869868427838908.pdf
WARNING    Too short (14 w), skip: https://iitj.ac.in/PageImages/Gallery/07-2025/452Detailsofapplicationsreceivedanddisposed-638869868427838908.pdf
INFO  [PDF 616/1000] https://iitj.ac.in/PageImages/Gallery/03-2025/Annual%20Report_Hindi_23-24.pdf
INFO  [PDF 617/1000] https://intranet.iitj.ac.in/correspondences/assets/uploads/main_website/Notification_MedicalServicesUsersCommittee.pdf
INFO  [PDF 618/1000] https://iitj.ac.in/PageImages/Pages/07-2025/cf658596-29e9-4a61-91d3-5f19637b2900.pdf
WARNING    PDF parse error: 'PSKeyword' object has no attribute 'decode'
INFO  [PDF 619/1000] https://intranet.iitj.ac.in/correspondences/assets/uploads/uploaded_docs/orders/Notification_Vision Coordination Committee (VCC).pdf
INFO  [PDF 620/1000] https://iitj.ac.in/PageImages/Gallery/06-2025/List of shortlisted Candidates_Full Time Regular_042026.pdf
INFO    ✓ [PDF] 44 words → hortlisted_Candidates_Full_Time_Regular_042026_pdf_0c0c78c2.txt
INFO  [PDF 621/1000] https://iitj.ac.in/PageImages/Gallery/06-2025/Abstract-Conceptualization-of-negotiation-and-wisdom-affect-the-negotiation-process.pdf
INFO    ✓ [PDF] 341 words → tion_and_wisdom_affect_the_negotiation_process_pdf_2eec44d3.txt
INFO  [PDF 622/1000] https://old.iitj.ac.in/uploaded_docs/dept_upload/ee/vlsi_document-2022-04-28-13-07-pm.pdf
WARNING    Bytes fetch failed https://old.iitj.ac.in/uploaded_docs/dept_upload/ee/vlsi_document-2022-04-28-13-07-pm.pdf: HTTPSConnectionPool(host='old.iitj.ac.in', port=443): Max retries exceeded with url: /uploaded_docs/dept_upload/ee/vlsi_document-2022-04-28-13-07-pm.pdf (Caused by SSLError(SSLCertVerificationError(1, '[SSL: CERTIFICATE_VERIFY_FAILED] certificate verify failed: unable to get local issuer certificate (_ssl.c:1006)')))
INFO  [PDF 623/1000] https://iitj.ac.in/PageImages/Recruitment/03-2025/Non-Teaching-Staff-Members-Syllabus-IITJ-O(E-II)-2024-25-Non-Academic-Staff-57-638779882676631672.pdf
INFO    ✓ [PDF] 103 words → 24_25_Non_Academic_Staff_57_638779882676631672_pdf_d8a884ef.txt
INFO  [PDF 624/1000] https://iitj.ac.in/PageImages/Recruitment/03-2025/Non-Teaching-Staff-Members-Syllabus-IITJ-O(E-II)-2024-25-Non-Academic-Staff-57-638779926236615939.pdf
INFO    ✓ [PDF] 242 words → 24_25_Non_Academic_Staff_57_638779926236615939_pdf_5fb80019.txt
INFO  [PDF 625/1000] https://iitj.ac.in/PageImages/Recruitment/05-2025/Non-Teaching-Staff-Members-Provisionally-Shortlisted-for-Stage-I-test-IITJ-O(E-II)-2024-25-Non-Academic-Staff-57-638821674945834785.pdf
INFO    ✓ [PDF] 832 words → 24_25_Non_Academic_Staff_57_638821674945834785_pdf_fd3c2fcd.txt
INFO  [PDF 626/1000] https://iitj.ac.in/PageImages/RTI/03-2025/Details-of-questions-asked-and-replies-given-1-638780794368263989.pdf
INFO  [PDF 627/1000] https://iitj.ac.in/PageImages/RecruitmentAdvertisementMaster/03-2025/Latest-Announcement-1-638779766823481070.pdf
INFO    ✓ [PDF] 170 words → _2025_Latest_Announcement_1_638779766823481070_pdf_c3dd80f1.txt
INFO  [PDF 628/1000] https://iitj.ac.in/PageImages/Gallery/04-2025/August%202020_FM.pdf
INFO    ✓ [PDF] 514 words → _PageImages_Gallery_04_2025_August_202020_FM_pdf_7e3920c1.txt
INFO  [PDF 629/1000] https://iitj.ac.in/PageImages/Gallery/04-2025/Faculty%20Members%20(Dec.20).pdf
INFO    ✓ [PDF] 37 words → s_Gallery_04_2025_Faculty_20Members_20_Dec_20__pdf_9e88df6b.txt
INFO  [PDF 630/1000] https://iitj.ac.in/PageImages/Pages/05-2025/a46666d4-3e4f-4a0b-929d-7d7e4aedae15.pdf
INFO    ✓ [PDF] 9,095 words → s_05_2025_a46666d4_3e4f_4a0b_929d_7d7e4aedae15_pdf_f694b2e0.txt
INFO  [PDF 631/1000] https://iitj.ac.in/PageImages/Gallery/02-2025/For-poster-SoLA-MSC-638745392257831572.pdf
INFO    ✓ [PDF] 216 words → 02_2025_For_poster_SoLA_MSC_638745392257831572_pdf_55dc79a3.txt
INFO  [PDF 632/1000] https://iitj.ac.in/PageImages/RTI/03-2025/List-of-employees-with-Gross-monthly-remuneration-1-638780022047691741.pdf
INFO  [PDF 633/1000] https://iitj.ac.in/PageImages/Gallery/03-2025/Civil-Department-Brochure-638768569230798671.pdf
INFO    ✓ [PDF] 1,005 words → 5_Civil_Department_Brochure_638768569230798671_pdf_b883760a.txt
INFO  [PDF 634/1000] https://intranet.iitj.ac.in/acad_website/pg_curriculum/COMPUTER%20SCIENCE_06092019.pdf
INFO    ✓ [PDF] 12,583 words → site_pg_curriculum_COMPUTER_20SCIENCE_06092019_pdf_1a59d282.txt
INFO  [PDF 635/1000] https://iitj.ac.in/PageImages/Gallery/01-2025/RuTAG1-638731485241217986.pdf
INFO    ✓ [PDF] 2,634 words → ages_Gallery_01_2025_RuTAG1_638731485241217986_pdf_cf85e2e4.txt
INFO  [PDF 636/1000] https://iitj.ac.in/PageImages/Gallery/03-2025/AR2009-10.pdf
INFO    ✓ [PDF] 4,030 words → _PageImages_Gallery_03_2025_AR2009_10_pdf_11efa1f8.txt
INFO  [PDF 637/1000] https://iitj.ac.in/PageImages/Gallery/02-2025/UG-Curriculum-1-CE-638755636936872089.pdf
INFO    ✓ [PDF] 18,300 words → _02_2025_UG_Curriculum_1_CE_638755636936872089_pdf_cff62f33.txt
INFO  [PDF 638/1000] https://www.iitj.ac.in/PageImages/Gallery/03-2025/Indian%20Institute%20of%20Technology%20Jodhpur20230120_Overall%20NIRF_2023.pdf
INFO    ✓ [PDF] 1,253 words → chnology_20Jodhpur20230120_Overall_20NIRF_2023_pdf_f2a1fc2b.txt
INFO  [PDF 639/1000] https://iitj.ac.in/PageImages/Gallery/03-2025/TopUniversityDetails_3D.pdf
INFO    ✓ [PDF] 97 words → Images_Gallery_03_2025_TopUniversityDetails_3D_pdf_d6569ca8.txt
INFO  [PDF 640/1000] https://iitj.ac.in/PageImages/Gallery/02-2025/IIT-Act-638741927014667583.pdf
INFO  [PDF 641/1000] https://iitj.ac.in/PageImages/Gallery/03-2025/3.1_notification_26102020.pdf
INFO    ✓ [PDF] 89 words → ages_Gallery_03_2025_3_1_notification_26102020_pdf_8caed47b.txt
INFO  [PDF 642/1000] https://intranet.iitj.ac.in/correspondences/assets/uploads/main_website/Notification_Committee for evaluation of Ph.D. Thesis for award of Best Ph.D. Thesis.pdf
INFO  [PDF 643/1000] https://iitj.ac.in/PageImages/Gallery/04-2025/June%202020_SM.pdf
INFO    ✓ [PDF] 156 words → _PageImages_Gallery_04_2025_June_202020_SM_pdf_b8ea33c7.txt
INFO  [PDF 644/1000] https://iitj.ac.in/PageImages/RTI/03-2025/2.-1-638780768507423351.pdf
WARNING    Too short (21 w), skip: https://iitj.ac.in/PageImages/RTI/03-2025/2.-1-638780768507423351.pdf
INFO  [PDF 645/1000] https://iitj.ac.in/PageImages/Gallery/04-2025/24-10%20PGD%20DE%20Brochure.pdf
INFO    ✓ [PDF] 3,254 words → es_Gallery_04_2025_24_10_20PGD_20DE_20Brochure_pdf_6081babc.txt
INFO  [PDF 646/1000] https://iitj.ac.in/PageImages/Gallery/02-2025/PG-MSc-Chemistry-638760083183272923.pdf
INFO    ✓ [PDF] 11,506 words → ry_02_2025_PG_MSc_Chemistry_638760083183272923_pdf_03d9168a.txt
INFO  [PDF 647/1000] https://iitj.ac.in/PageImages/Gallery/01-2025/FINAL-PLACEMENT-REPORT-MBA-Batch-2021-23--638738478184061967.pdf
INFO    ✓ [PDF] 736 words → T_REPORT_MBA_Batch_2021_23__638738478184061967_pdf_eb011616.txt
INFO  [PDF 648/1000] https://iitj.ac.in/PageImages/Pages/03-2025/0298ae32-c0a8-42e8-9e7b-4df854d6175a.pdf
INFO  [PDF 649/1000] https://iitj.ac.in/PageImages/Gallery/10-2025/PhD-Shortlisted-Candidates-AY-2025-26-SEMESTER-II-638973332284464424.pdf
INFO    ✓ [PDF] 94 words → ates_AY_2025_26_SEMESTER_II_638973332284464424_pdf_1ad102e2.txt
INFO  [PDF 650/1000] https://iitj.ac.in/PageImages/Recruitment/05-2025/Non-Teaching-Staff-Members-Provisionally-Shortlisted-for-Stage-I-test-IITJ-O(E-II)-2024-25-Non-Academic-Staff-57-638821689120931704.pdf
INFO    ✓ [PDF] 711 words → 24_25_Non_Academic_Staff_57_638821689120931704_pdf_5176e31e.txt
INFO  [PDF 651/1000] https://www.iitj.ac.in/PageImages/Gallery/01-2025/-STUDENT-MBA-BATCH-PROFILE-2021-23-638739358206827343.pdf
INFO    ✓ [PDF] 1,791 words → T_MBA_BATCH_PROFILE_2021_23_638739358206827343_pdf_609ad005.txt
INFO  [PDF 652/1000] https://iitj.ac.in/PageImages/Gallery/02-2025/Statutes-English-IIT-JODHPUR-638741924115875207.pdf
INFO    ✓ [PDF] 16,637 words → tatutes_English_IIT_JODHPUR_638741924115875207_pdf_204e56e0.txt
INFO  [PDF 653/1000] https://iitj.ac.in/PageImages/RTI/03-2025/Title-and-nature-of-the-record--manual--instruction.-1-638779948191754905.pdf
INFO    ✓ [PDF] 1,053 words → ord__manual__instruction__1_638779948191754905_pdf_9925ef2f.txt
INFO  [PDF 654/1000] https://intranet.iitj.ac.in/correspondences/assets/uploads/main_website/Circular_Continuance of various Committees of the Institute.pdf
INFO  [PDF 655/1000] https://iitj.ac.in/PageImages/Gallery/02-2025/IPR-Policy-638741893294608615.pdf
INFO    ✓ [PDF] 6,565 words → _Gallery_02_2025_IPR_Policy_638741893294608615_pdf_c1c9b7cd.txt
INFO  [PDF 656/1000] https://iitj.ac.in/PageImages/RTI/03-2025/Process-of-redress-of-grievances--1-638779939592876469.pdf
INFO  [PDF 657/1000] https://iitj.ac.in/PageImages/Pages/03-2025/8a435c5e-7bc0-4378-b257-19cd788fd5bf.pdf
INFO    ✓ [PDF] 4,256 words → s_03_2025_8a435c5e_7bc0_4378_b257_19cd788fd5bf_pdf_6e98da6b.txt
INFO  [PDF 658/1000] https://intranet.iitj.ac.in/correspondences/assets/uploads/main_website/Notification_Constitution of Course Equivalence and Credit Transfer Committee_13102025.pdf
INFO  [PDF 659/1000] https://iitj.ac.in/PageImages/Gallery/09-2025/CCE-Policy-on-Issue-of-Standee-638932718453688184.pdf
INFO    ✓ [PDF] 576 words → _Policy_on_Issue_of_Standee_638932718453688184_pdf_cbe683e0.txt
INFO  [PDF 660/1000] https://iitj.ac.in/PageImages/Pages/03-2025/405d5b6b-7152-471d-89f2-5641fd5d4d35.pdf
INFO    ✓ [PDF] 5,747 words → s_03_2025_405d5b6b_7152_471d_89f2_5641fd5d4d35_pdf_3e2de5bd.txt
INFO  [PDF 661/1000] https://intranet.iitj.ac.in/correspondences/assets/uploads/document/2024/08/2024-08-29-66d008d027004-1724909776.pdf
INFO    ✓ [PDF] 318 words → nt_2024_08_2024_08_29_66d008d027004_1724909776_pdf_6a24704c.txt
INFO  [PDF 662/1000] https://iitj.ac.in/PageImages/Gallery/04-2025/cse/criteria-dec-2024.pdf
INFO    ✓ [PDF] 33 words → geImages_Gallery_04_2025_cse_criteria_dec_2024_pdf_f5ce08b3.txt
INFO  [PDF 663/1000] https://iitj.ac.in/PageImages/Gallery/06-2025/Academic_Regulations_Final_03_09_2019.pdf
INFO    ✓ [PDF] 14,390 words → _06_2025_Academic_Regulations_Final_03_09_2019_pdf_3fd23ab9.txt
INFO  [PDF 664/1000] https://www.iitj.ac.in/PageImages/Gallery/12-2025/Provisionally-Shortlisted-for-PhDadmissions-under-IDRP-IOT-639021067635570378.pdf
INFO    ✓ [PDF] 50 words → hDadmissions_under_IDRP_IOT_639021067635570378_pdf_87dcfcf1.txt
INFO  [PDF 665/1000] https://intranet.iitj.ac.in/correspondences/assets/uploads/main_website/Notification_Committee for deciding IIT Jodhpur Research Excellence Award and Teaching Excellence Award_13102025.pdf
INFO    ✓ [PDF] 710 words → e_Award_and_Teaching_Excellence_Award_13102025_pdf_61d783ed.txt
INFO  [PDF 666/1000] https://iitj.ac.in/PageImages/Pages/03-2025/433e94ce-f4f7-4de7-83d0-172482c01bba.pdf
INFO    ✓ [PDF] 2,518 words → s_03_2025_433e94ce_f4f7_4de7_83d0_172482c01bba_pdf_7175204c.txt
INFO  [PDF 667/1000] https://iitj.ac.in/PageImages/Pages/03-2025/a661c958-db62-415d-be2f-30d3d53d2e50.pdf
INFO    ✓ [PDF] 3,632 words → s_03_2025_a661c958_db62_415d_be2f_30d3d53d2e50_pdf_221b4c47.txt
INFO  [PDF 668/1000] https://intranet.iitj.ac.in/correspondences/assets/uploads/uploaded_docs/orders/Notification_Medical Services Userâ€™s Committee.pdf
WARNING    Bytes fetch failed https://intranet.iitj.ac.in/correspondences/assets/uploads/uploaded_docs/orders/Notification_Medical Services Userâ€™s Committee.pdf: 404 Client Error: Not Found for url: https://intranet.iitj.ac.in/correspondences/assets/uploads/uploaded_docs/orders/Notification_Medical%20Services%20User%C3%A2%E2%82%AC%E2%84%A2s%20Committee.pdf
INFO  [PDF 669/1000] https://iitj.ac.in/PageImages/Gallery/04-2025/cse/MTech-AI.pdf
INFO    ✓ [PDF] 179 words → _PageImages_Gallery_04_2025_cse_MTech_AI_pdf_741b645a.txt
INFO  [PDF 670/1000] https://iitj.ac.in/PageImages/Gallery/11-2025/OfficeOrderno.12regardingRedefiningRnDinternalprocesses2022-23.pdf
INFO  [PDF 671/1000] https://iitj.ac.in/PageImages/Gallery/11-2025/PhD-IDRPRMS-Shortlisted-Candidates-AY-202526-SEMESTERII-638981301861785161.pdf
INFO    ✓ [PDF] 98 words → idates_AY_202526_SEMESTERII_638981301861785161_pdf_1d7b0631.txt
INFO  [PDF 672/1000] https://iitj.ac.in/PageImages/Recruitment/03-2025/Non-Teaching-Staff-Members-Syllabus-IITJ-O(E-II)-2024-25-Non-Academic-Staff-57-638779881611243122.pdf
INFO    ✓ [PDF] 263 words → 24_25_Non_Academic_Staff_57_638779881611243122_pdf_1326ae79.txt
INFO  [PDF 673/1000] https://iitj.ac.in/PageImages/Gallery/04-2025/April%2021%20S%20(1).pdf
INFO    ✓ [PDF] 45 words → ageImages_Gallery_04_2025_April_2021_20S_20_1__pdf_10979f10.txt
INFO  [PDF 674/1000] https://intranet.iitj.ac.in/acad_website/ug_curriculum/Revised%20courses%20detail%20by%20other%20department_25022021.pdf
INFO    ✓ [PDF] 265 words → es_20detail_20by_20other_20department_25022021_pdf_04faec69.txt
INFO  [PDF 675/1000] https://iitj.ac.in/PageImages/RecruitmentAdvertisementMaster/03-2025/Advertisement-Document-1-638780081706782218.pdf
INFO    ✓ [PDF] 923 words → 25_Advertisement_Document_1_638780081706782218_pdf_a70a2861.txt
INFO  [PDF 676/1000] https://intranet.iitj.ac.in/correspondences/assets/uploads/document/2024/09/2024-09-02-66d57f564e853-1725267798.pdf
INFO    ✓ [PDF] 847 words → nt_2024_09_2024_09_02_66d57f564e853_1725267798_pdf_b72167b3.txt
INFO  [PDF 677/1000] https://iitj.ac.in/PageImages/Gallery/07-2025/CSE-PhD-Compre-Papers.pdf
INFO    ✓ [PDF] 3,045 words → geImages_Gallery_07_2025_CSE_PhD_Compre_Papers_pdf_becb99e3.txt
INFO  [PDF 678/1000] https://intranet.iitj.ac.in/acad_website/pg_curriculum/ELECTRICAL%20ENGINEERING_06092019.pdf
INFO    ✓ [PDF] 20,555 words → g_curriculum_ELECTRICAL_20ENGINEERING_06092019_pdf_67e2e22b.txt
INFO  [PDF 679/1000] https://iitj.ac.in/PageImages/Recruitment/03-2025/Non-Teaching-Staff-Members-Provisionally-Shortlisted-IITJ-O(E-II)-2024-25-Non-Academic-Staff-57-638780039255592882.pdf
INFO    ✓ [PDF] 4,903 words → 24_25_Non_Academic_Staff_57_638780039255592882_pdf_4a466f7f.txt
INFO  [PDF 680/1000] https://iitj.ac.in/PageImages/Gallery/06-2025/MSC_CSS_Provisionally_selected_candidates.pdf
INFO    ✓ [PDF] 41 words → 2025_MSC_CSS_Provisionally_selected_candidates_pdf_912b01c1.txt
INFO  [PDF 681/1000] https://iitj.ac.in/PageImages/Gallery/07-2025/CSE-Courses-Details.pdf
INFO    ✓ [PDF] 29,310 words → PageImages_Gallery_07_2025_CSE_Courses_Details_pdf_ff15bbd8.txt
INFO  [PDF 682/1000] https://iitj.ac.in/PageImages/Gallery/12-2024/PD-PDF-1-638701164581228410.pdf
INFO    ✓ [PDF] 793 words → es_Gallery_12_2024_PD_PDF_1_638701164581228410_pdf_5cd6e7c5.txt
INFO  [PDF 683/1000] https://iitj.ac.in/PageImages/Gallery/04-2025/Staff%20Members%20(Dec.20).pdf
WARNING    Too short (8 w), skip: https://iitj.ac.in/PageImages/Gallery/04-2025/Staff%20Members%20(Dec.20).pdf
INFO  [PDF 684/1000] https://iitj.ac.in/PageImages/Gallery/09-2025/updated-ICNAAO2025-638929225120259627.pdf
INFO    ✓ [PDF] 718 words → _09_2025_updated_ICNAAO2025_638929225120259627_pdf_44fa0ed5.txt
INFO  [PDF 685/1000] https://iitj.ac.in/PageImages/Gallery/01-2025/SandStone-3-0-638739389438066970.pdf
INFO    ✓ [PDF] 410 words → llery_01_2025_SandStone_3_0_638739389438066970_pdf_92b70ba7.txt
INFO  [PDF 686/1000] https://library.iitj.ac.in/ssp/assets/users/_kamlesh/ddc.pdf
INFO    ✓ [PDF] 139 words → _ssp_assets_users__kamlesh_ddc_pdf_ae17c53d.txt
INFO  [PDF 687/1000] https://iitj.ac.in/PageImages/Recruitment/05-2025/Non-Teaching-Staff-Members-Result-IITJ-O(E-II)-2024-25-Non-Academic-Staff-57-638821741371392404.pdf
INFO    ✓ [PDF] 108 words → 24_25_Non_Academic_Staff_57_638821741371392404_pdf_97ec4cc7.txt
INFO  [PDF 688/1000] https://intranet.iitj.ac.in/acad_website/intra/siotfinal_document-2020-05-13-20-43-pm.pdf
WARNING    Bytes fetch failed https://intranet.iitj.ac.in/acad_website/intra/siotfinal_document-2020-05-13-20-43-pm.pdf: 404 Client Error: Not Found for url: https://intranet.iitj.ac.in/acad_website/intra/siotfinal_document-2020-05-13-20-43-pm.pdf
INFO  [PDF 689/1000] https://intranet.iitj.ac.in/correspondences/assets/uploads/uploaded_docs/orders/Notification_Post Doctoral Fellowship Committee.pdf
INFO  [PDF 690/1000] https://iitj.ac.in/PageImages/Gallery/02-2025/BTech-Structural-Materials-Specialization-and-BTech-MTech-Dual-Degree-638756573794613055.pdf
INFO    ✓ [PDF] 2,073 words → and_BTech_MTech_Dual_Degree_638756573794613055_pdf_da4140ac.txt
INFO  [PDF 691/1000] https://iitj.ac.in/PageImages/Gallery/07-2025/brocheure-of-the-program-638887974141081700.pdf
INFO    ✓ [PDF] 763 words → 25_brocheure_of_the_program_638887974141081700_pdf_4b870dc8.txt
INFO  [PDF 692/1000] https://iitj.ac.in/PageImages/Recruitment/03-2025/Non-Teaching-Staff-Members-Syllabus-IITJ-O(E-II)-2024-25-Non-Academic-Staff-57-638779931523394769.pdf
INFO    ✓ [PDF] 435 words → 24_25_Non_Academic_Staff_57_638779931523394769_pdf_f8d117f2.txt
INFO  [PDF 693/1000] https://intranet.iitj.ac.in/correspondences/assets/uploads/document/2024/08/2024-08-27-66cd701206b25-1724739602.pdf
INFO    ✓ [PDF] 332 words → nt_2024_08_2024_08_27_66cd701206b25_1724739602_pdf_67e7bba0.txt
INFO  [PDF 694/1000] https://iitj.ac.in/PageImages/Gallery/03-2025/wp-content/uploads/2023/10/cmce_minor_revised_15Credits.pdf
WARNING    PDF parse error: No /Root object! - Is this really a PDF?
INFO  [PDF 695/1000] https://intranet.iitj.ac.in/correspondences/assets/uploads/uploaded_docs/orders/Notification_Career Counselling Committee.pdf
INFO  [PDF 696/1000] https://iitj.ac.in/PageImages/Gallery/03-2025/ADMISSION-TO-MSC-IN-DIGITAL-HUMANITIES-638773048729141638.pdf
INFO    ✓ [PDF] 138 words → O_MSC_IN_DIGITAL_HUMANITIES_638773048729141638_pdf_3eabbcb7.txt
INFO  [PDF 697/1000] https://intranet.iitj.ac.in/correspondences/assets/uploads/main_website/Notification_Wardens Committee_20112025.pdf
INFO    ✓ [PDF] 172 words → ebsite_Notification_Wardens_Committee_20112025_pdf_0cbca0be.txt
INFO  [PDF 698/1000] https://iitj.ac.in/PageImages/Pages/03-2025/d2df21d3-32d5-48e6-b6a3-3833360ea580.pdf
INFO  [PDF 699/1000] https://iitj.ac.in/PageImages/Gallery/02-2026/STI-202526-report-639062281335261382.pdf
INFO    ✓ [PDF] 1,517 words → y_02_2026_STI_202526_report_639062281335261382_pdf_9ca49ef7.txt
INFO  [PDF 700/1000] https://iitj.ac.in/PageImages/Gallery/04-2025/2024-06-04-665ee2c5284b1-1717494469.pdf
INFO    ✓ [PDF] 914 words → ry_04_2025_2024_06_04_665ee2c5284b1_1717494469_pdf_e4a4aa18.txt
INFO  [PDF 701/1000] https://intranet.iitj.ac.in/correspondences/assets/uploads/document/2024/08/2024-08-27-66cd74943b988-1724740756.pdf
INFO    ✓ [PDF] 311 words → nt_2024_08_2024_08_27_66cd74943b988_1724740756_pdf_63146bb9.txt
INFO  [PDF 702/1000] https://iitj.ac.in/PageImages/Recruitment/05-2025/Non-Teaching-Staff-Members-Provisionally-Shortlisted-for-Stage-I-test-IITJ-O(E-II)-2024-25-Non-Academic-Staff-57-638821687357210455.pdf
INFO    ✓ [PDF] 2,924 words → 24_25_Non_Academic_Staff_57_638821687357210455_pdf_b1f4f777.txt
INFO  [PDF 703/1000] https://www.iitj.ac.in/PageImages/Gallery/10-2025/PhD-Materials-Shortlisted-Candidates-AY-202526-SEMESTERII-638974377944309334.pdf
INFO    ✓ [PDF] 84 words → idates_AY_202526_SEMESTERII_638974377944309334_pdf_5dd22965.txt
INFO  [PDF 704/1000] https://iitj.ac.in/PageImages/Gallery/04-2025/RTI%20(Gross%20Salary%20FM%20Nov.2020).pdf
INFO    ✓ [PDF] 112 words → 04_2025_RTI_20_Gross_20Salary_20FM_20Nov_2020__pdf_00e31289.txt
INFO  [PDF 705/1000] https://iitj.ac.in/PageImages/Gallery/02-2026/Advt-MDes-Smart-Product-Design-AY-202627-639078027810659176.pdf
INFO    ✓ [PDF] 1,438 words → rt_Product_Design_AY_202627_639078027810659176_pdf_b914a4a7.txt
INFO  [PDF 706/1000] https://iitj.ac.in/PageImages/Gallery/12-2024/AFML-pdf-638699648047504901.pdf
INFO    ✓ [PDF] 68 words → es_Gallery_12_2024_AFML_pdf_638699648047504901_pdf_a2d1fcff.txt
INFO  [PDF 707/1000] https://iitj.ac.in/PageImages/Gallery/11-2025/Notifications_RnD-9_15122021.pdf
INFO  [PDF 708/1000] https://intranet.iitj.ac.in/correspondences/assets/uploads/main_website/Notification_Constitution of Joint Consultative Committee (JCC) of the Institute_13102025.pdf
INFO  [PDF 709/1000] https://iitj.ac.in/PageImages/RecruitmentAdvertisementMaster/03-2025/Addendum-2-(Date-Extension--Till-15.03.2025)-3-638780083815385386.pdf
INFO    ✓ [PDF] 96 words → tension__Till_15_03_2025__3_638780083815385386_pdf_8f934774.txt
INFO  [PDF 710/1000] https://iitj.ac.in/PageImages/Gallery/07-2025/Faculty-Members-Salary-July-2024-638869787498625884.pdf
INFO    ✓ [PDF] 1,045 words → ty_Members_Salary_July_2024_638869787498625884_pdf_c574b40d.txt
INFO  [PDF 711/1000] https://iitj.ac.in/PageImages/Recruitment/05-2025/Non-Teaching-Staff-Members-Result-IITJ-O(E-II)-2024-25-Non-Academic-Staff-57-638821748297707679.pdf
INFO    ✓ [PDF] 58 words → 24_25_Non_Academic_Staff_57_638821748297707679_pdf_e1e8ef3c.txt
INFO  [PDF 712/1000] https://iitj.ac.in/PageImages/Gallery/03-2025/course31-638767710688835952.pdf
INFO    ✓ [PDF] 453 words → es_Gallery_03_2025_course31_638767710688835952_pdf_f75598d7.txt
INFO  [PDF 713/1000] https://iitj.ac.in/PageImages/Gallery/07-2025/Curriculum-MTechMTech-PhDPhD-CSEAY2021Onwards.pdf
INFO    ✓ [PDF] 886 words → _Curriculum_MTechMTech_PhDPhD_CSEAY2021Onwards_pdf_d301a294.txt
INFO  [PDF 714/1000] https://www.iitj.ac.in/PageImages/Gallery/01-2025/Student-MBA-Batch-Profile-2022-24-638739356970003581.pdf
INFO    ✓ [PDF] 1,536 words → t_MBA_Batch_Profile_2022_24_638739356970003581_pdf_83c8e85f.txt
INFO  [PDF 715/1000] https://iitj.ac.in/PageImages/Gallery/03-2025/ca52-638767710286639412.pdf
INFO    ✓ [PDF] 536 words → Images_Gallery_03_2025_ca52_638767710286639412_pdf_8edc46eb.txt
INFO  [PDF 716/1000] https://iitj.ac.in/PageImages/Gallery/02-2025/MSc-Chemistry-Curriculum-Structure-638760758492023982.pdf
INFO    ✓ [PDF] 10,801 words → mistry_Curriculum_Structure_638760758492023982_pdf_f9f08a49.txt
INFO  [PDF 717/1000] https://intranet.iitj.ac.in/correspondences/assets/uploads/document/2024/08/2024-08-27-66cd6d69b5503-1724738921.pdf
INFO  [PDF 718/1000] https://intranet.iitj.ac.in/correspondences/assets/uploads/uploaded_docs/orders/Notification_Security and Transport Advisory Committee.pdf
INFO  [PDF 719/1000] https://iitj.ac.in/PageImages/RecruitmentAdvertisementMaster/12-2025/Extension-Notice-1-639008984239214006.pdf
INFO    ✓ [PDF] 115 words → _12_2025_Extension_Notice_1_639008984239214006_pdf_e866b533.txt
INFO  [PDF 720/1000] https://iitj.ac.in/PageImages/Gallery/01-2026/Equipment-User-Charges-for-External-Users-CRF-639046068920681958.pdf
INFO    ✓ [PDF] 161 words → rges_for_External_Users_CRF_639046068920681958_pdf_973090d7.txt
INFO  [PDF 721/1000] https://iitj.ac.in/PageImages/Gallery/01-2025/PLACEMENT-BROCHURE-2021-23-638739187258668155.pdf
INFO    ✓ [PDF] 1,678 words → _PLACEMENT_BROCHURE_2021_23_638739187258668155_pdf_23188cd2.txt
INFO  [PDF 722/1000] https://iitj.ac.in/PageImages/Gallery/01-2025/Summer-Internship-report-2023-638738373906398009.pdf
INFO    ✓ [PDF] 588 words → mmer_Internship_report_2023_638738373906398009_pdf_b5a7b889.txt
INFO  [PDF 723/1000] https://iitj.ac.in/PageImages/Gallery/04-2025/June%202021_FM.pdf
INFO    ✓ [PDF] 1,010 words → _PageImages_Gallery_04_2025_June_202021_FM_pdf_a3b5af13.txt
INFO  [PDF 724/1000] https://iitj.ac.in/PageImages/Pages/03-2025/01a6aff9-79a4-45c7-80c1-bc1bc776c803.pdf
INFO  [PDF 725/1000] https://iitj.ac.in/PageImages/Gallery/01-2025/-MBA-Admission-2024-26-638736631485442196.pdf
INFO    ✓ [PDF] 88 words → 2025__MBA_Admission_2024_26_638736631485442196_pdf_5cd38901.txt
INFO  [PDF 726/1000] https://iitj.ac.in/PageImages/Tenders/03-2026/Tender-for-Providing-Scrap-Disposal-Services-at-IIT-Jodhpur-Campus.-639088465202817324.pdf
INFO    ✓ [PDF] 4,814 words → ices_at_IIT_Jodhpur_Campus__639088465202817324_pdf_dfb35ddb.txt
INFO  [PDF 727/1000] https://iitj.ac.in/PageImages/Recruitment/03-2025/Non-Teaching-Staff-Members-Not-Shortlisted-IITJ-O(E-II)-2024-25-Non-Academic-Staff-57-638780059253202618.pdf
INFO    ✓ [PDF] 2,963 words → 24_25_Non_Academic_Staff_57_638780059253202618_pdf_01370725.txt
INFO  [PDF 728/1000] https://iitj.ac.in/PageImages/Pages/08-2025/Khamma-Ghani_Vol3_Issue2_July_Dec_2017_07Dec2017.pdf
INFO    ✓ [PDF] 5,627 words → amma_Ghani_Vol3_Issue2_July_Dec_2017_07Dec2017_pdf_91b2c835.txt
INFO  [PDF 729/1000] https://iitj.ac.in/PageImages/Recruitment/05-2025/Non-Teaching-Staff-Members-Result-IITJ-O(E-II)-2024-25-Non-Academic-Staff-57-638821753382034128.pdf
INFO    ✓ [PDF] 85 words → 24_25_Non_Academic_Staff_57_638821753382034128_pdf_9116cf10.txt
INFO  [PDF 730/1000] https://iitj.ac.in/PageImages/RTI/03-2025/1.-1-638780772723839666.pdf
INFO    ✓ [PDF] 39,565 words → PageImages_RTI_03_2025_1__1_638780772723839666_pdf_c9907a9d.txt
INFO  [PDF 731/1000] https://iitj.ac.in/PageImages/Recruitment/03-2025/Non-Teaching-Staff-Members-Result-IITJ-O(E-II)-2024-25-Non-Academic-Staff-57-638780071923656169.pdf
INFO    ✓ [PDF] 99 words → 24_25_Non_Academic_Staff_57_638780071923656169_pdf_c305fb4a.txt
INFO  [PDF 732/1000] https://iitj.ac.in/PageImages/Recruitment/05-2025/Non-Teaching-Staff-Members-Result-IITJ-O(E-II)-2024-25-Non-Academic-Staff-57-638821747445204816.pdf
INFO    ✓ [PDF] 59 words → 24_25_Non_Academic_Staff_57_638821747445204816_pdf_d7ab64f4.txt
INFO  [PDF 733/1000] https://iitj.ac.in/PageImages/Recruitment/05-2025/Non-Teaching-Staff-Members-Provisionally-Shortlisted-for-Stage-I-test-IITJ-O(E-II)-2024-25-Non-Academic-Staff-57-638821694011066259.pdf
INFO    ✓ [PDF] 487 words → 24_25_Non_Academic_Staff_57_638821694011066259_pdf_03f61df7.txt
INFO  [PDF 734/1000] https://intranet.iitj.ac.in/correspondences/assets/uploads/main_website/Notification_Security and Transport Advisory Committee_13102025.pdf
INFO  [PDF 735/1000] https://iitj.ac.in/PageImages/Gallery/11-2025/14.GuidelinesforStudentAssistantshipinProjects-2021-22.pdf
INFO  [PDF 736/1000] https://iitj.ac.in/PageImages/Pages/03-2025/b80a0af1-6506-4840-9891-ed5b69c071ee.pdf
INFO    ✓ [PDF] 3,480 words → s_03_2025_b80a0af1_6506_4840_9891_ed5b69c071ee_pdf_db2e0440.txt
INFO  [PDF 737/1000] https://iitj.ac.in/PageImages/Gallery/04-2025/Gross%20Salary-FM_July%202022.pdf
INFO    ✓ [PDF] 1,170 words → _Gallery_04_2025_Gross_20Salary_FM_July_202022_pdf_e81a3936.txt
INFO  [PDF 738/1000] https://iitj.ac.in/PageImages/Recruitment/05-2025/Non-Teaching-Staff-Members-Result-IITJ-O(E-II)-2024-25-Non-Academic-Staff-57-638821744270216829.pdf
INFO    ✓ [PDF] 90 words → 24_25_Non_Academic_Staff_57_638821744270216829_pdf_2b73c125.txt
INFO  [PDF 739/1000] https://iitj.ac.in/PageImages/Gallery/04-2025/cse/Phd_shortlisting_dec_2024.pdf
WARNING    Too short (29 w), skip: https://iitj.ac.in/PageImages/Gallery/04-2025/cse/Phd_shortlisting_dec_2024.pdf
INFO  [PDF 740/1000] https://iitj.ac.in/PageImages/Gallery/11-2025/Shortlisting-for-Interview-based-on-SOP-638983855679971226.pdf
WARNING  Could not get FontBBox from font descriptor because None cannot be parsed as 4 floats
INFO    ✓ [PDF] 44 words → _for_Interview_based_on_SOP_638983855679971226_pdf_d7588340.txt
INFO  [PDF 741/1000] https://iitj.ac.in/PageImages/Gallery/03-2025/6%20B.Tech%20CHEM%20Program%20structure_07102020.pdf
INFO    ✓ [PDF] 73 words → 20B_Tech_20CHEM_20Program_20structure_07102020_pdf_acaaf1c3.txt
INFO  [PDF 742/1000] https://iitj.ac.in/PageImages/Recruitment/05-2025/Non-Teaching-Staff-Members-Result-IITJ-O(E-II)-2024-25-Non-Academic-Staff-57-638821738140951088.pdf
INFO    ✓ [PDF] 93 words → 24_25_Non_Academic_Staff_57_638821738140951088_pdf_fa52d15d.txt
INFO  [PDF 743/1000] https://iitj.ac.in/PageImages/Tenders/02-2026/Supply-Installation-Testing-and-Commissioning-SITC-of-MV-panel-and-3.5x300-Sqmm-XLPE-LT-cable-for-supply-to-Rishabh-Centre-for-Research-Innovation-in-Clean-Energy-at-IIT-Jodhpur-639071192749220229.pdf
INFO    ✓ [PDF] 16,022 words → Clean_Energy_at_IIT_Jodhpur_639071192749220229_pdf_a42ecfe6.txt
INFO  [PDF 744/1000] https://iitj.ac.in/PageImages/Gallery/07-2024/f9fcaef9-0ea1-40a2-84bd-e64748f93bec.pdf
INFO    ✓ [PDF] 846 words → y_07_2024_f9fcaef9_0ea1_40a2_84bd_e64748f93bec_pdf_88f9655c.txt
INFO  [PDF 745/1000] https://iitj.ac.in/PageImages/Gallery/11-2025/Notification_01_StreamliningRnDofficeprocesses_2023-24.PDF
INFO  [PDF 746/1000] https://intranet.iitj.ac.in/correspondences/assets/uploads/main_website/Notification_IIPMG and TKTG_13102025.pdf
INFO  [PDF 747/1000] https://iitj.ac.in/PageImages/Gallery/04-2025/Faculty%20Members%20Salary%20July-2023.pdf
INFO    ✓ [PDF] 1,172 words → 04_2025_Faculty_20Members_20Salary_20July_2023_pdf_e2fd89bf.txt
INFO  [PDF 748/1000] https://iitj.ac.in/PageImages/RTI/03-2025/Process-of-redress-of-grievances--1-638779933909406616.pdf
INFO  [PDF 749/1000] https://intranet.iitj.ac.in/correspondences/assets/uploads/main_website/Office_Order_03.pdf
INFO  [PDF 750/1000] https://iitj.ac.in/PageImages/Gallery/07-2024/9328a35c-1a0a-4ae4-a300-34465f50f3db.pdf
INFO    ✓ [PDF] 1,253 words → y_07_2024_9328a35c_1a0a_4ae4_a300_34465f50f3db_pdf_2cbd7eb1.txt
INFO  [PDF 751/1000] https://iitj.ac.in/PageImages/Gallery/07-2025/Curriculum-MTechMTech-PhDPhD-CSEAY2020.pdf
INFO    ✓ [PDF] 437 words → 07_2025_Curriculum_MTechMTech_PhDPhD_CSEAY2020_pdf_0a5ca5b8.txt
INFO  [PDF 752/1000] http://library.iitj.ac.in/uploads/2019/EBSCO_eBook_Titles.pdf
WARNING    PDF parse error: No /Root object! - Is this really a PDF?
INFO  [PDF 753/1000] https://iitj.ac.in/PageImages/RecruitmentAdvertisementMaster/07-2025/Latest-Announcement-1-638895651576385316.pdf
INFO    ✓ [PDF] 135 words → _2025_Latest_Announcement_1_638895651576385316_pdf_e5085b8f.txt
INFO  [PDF 754/1000] https://iitj.ac.in/PageImages/Gallery/04-2025/July%202021_SM.pdf
INFO    ✓ [PDF] 350 words → _PageImages_Gallery_04_2025_July_202021_SM_pdf_c3b76633.txt
INFO  [PDF 755/1000] https://iitj.ac.in/PageImages/Gallery/10-2025/shorlistedforinterviewcivilPhDcandidatesAY20252026semII-638971805472230955.pdf
INFO    ✓ [PDF] 37 words → hDcandidatesAY20252026semII_638971805472230955_pdf_2908ebe0.txt
INFO  [PDF 756/1000] https://iitj.ac.in/PageImages/Gallery/05-2025/Statutes-638829208914867678.pdf
INFO    ✓ [PDF] 17,792 words → es_Gallery_05_2025_Statutes_638829208914867678_pdf_7778ee1d.txt
INFO  [PDF 757/1000] https://iitj.ac.in/PageImages/Gallery/07-2025/-Internal-Committee-638884426075809074.pdf
INFO    ✓ [PDF] 343 words → 07_2025__Internal_Committee_638884426075809074_pdf_d65439d3.txt
INFO  [PDF 758/1000] https://iitj.ac.in/PageImages/Gallery/01-2025/internet-linux-638738366727934551.pdf
INFO    ✓ [PDF] 95 words → lery_01_2025_internet_linux_638738366727934551_pdf_bb04eb1d.txt
INFO  [PDF 759/1000] https://iitj.ac.in/PageImages/Gallery/01-2026/List-of-Final-Shortlisted-for-the-post-of-Staff-Nurse-On-Project-639033070106078442.pdf
INFO    ✓ [PDF] 90 words → t_of_Staff_Nurse_On_Project_639033070106078442_pdf_3f96fd4e.txt
INFO  [PDF 760/1000] https://www.iitj.ac.in/PageImages/Gallery/01-2026/PhD-SOLA-Selected-Candidates-AY-202526-639040703679280370.pdf
INFO    ✓ [PDF] 47 words → lected_Candidates_AY_202526_639040703679280370_pdf_a66e20bb.txt
INFO  [PDF 761/1000] https://iitj.ac.in/admission-postgraduate-programs/uploaded_docs/List of Shortlisted Student_PhD External_042026.pdf
WARNING    PDF parse error: No /Root object! - Is this really a PDF?
INFO  [PDF 762/1000] https://intranet.iitj.ac.in/correspondences/assets/uploads/document/2024/08/2024-08-29-66d009f8014fd-1724910072.pdf
INFO  [PDF 763/1000] https://intranet.iitj.ac.in/acad_website/pg_curriculum/IDRP%20DIGITAL%20HUMANITIES_06092019.pdf
INFO    ✓ [PDF] 3,541 words → urriculum_IDRP_20DIGITAL_20HUMANITIES_06092019_pdf_d91166c9.txt
INFO  [PDF 764/1000] https://iitj.ac.in/PageImages/Gallery/04-2025/September%202021_SM.pdf
INFO    ✓ [PDF] 351 words → PageImages_Gallery_04_2025_September_202021_SM_pdf_e11c2402.txt
INFO  [PDF 765/1000] https://iitj.ac.in/PageImages/RTI/07-2025/Process-of-redress-of-grievances--1-638869718821242601.pdf
INFO  [PDF 766/1000] https://old.iitj.ac.in/uploaded_docs/dept_upload/cse/Advisors_CSE_document-2021-01-04-21-48-pm.pdf
WARNING    Bytes fetch failed https://old.iitj.ac.in/uploaded_docs/dept_upload/cse/Advisors_CSE_document-2021-01-04-21-48-pm.pdf: HTTPSConnectionPool(host='old.iitj.ac.in', port=443): Max retries exceeded with url: /uploaded_docs/dept_upload/cse/Advisors_CSE_document-2021-01-04-21-48-pm.pdf (Caused by SSLError(SSLCertVerificationError(1, '[SSL: CERTIFICATE_VERIFY_FAILED] certificate verify failed: unable to get local issuer certificate (_ssl.c:1006)')))
INFO  [PDF 767/1000] https://iitj.ac.in/PageImages/Gallery/03-2025/International-Conference-on-Bioengineering-Solutions-for-Healthcare-638772085474970033.pdf
INFO    ✓ [PDF] 57 words → ng_Solutions_for_Healthcare_638772085474970033_pdf_56fd57b0.txt
INFO  [PDF 768/1000] https://iitj.ac.in/PageImages/Pages/08-2025/Khamma-Ghani_Vol2_Issue1_Jan_June_2016_FInal.pdf
INFO    ✓ [PDF] 6,678 words → 5_Khamma_Ghani_Vol2_Issue1_Jan_June_2016_FInal_pdf_a769bccf.txt
INFO  [PDF 769/1000] https://iitj.ac.in/PageImages/Recruitment/03-2025/Non-Teaching-Staff-Members-Provisionally-Shortlisted-for-Stage-I-test-IITJ-O(E-II)-2024-25-Non-Academic-Staff-57-638780065968395102.pdf
INFO    ✓ [PDF] 2,083 words → 24_25_Non_Academic_Staff_57_638780065968395102_pdf_1f22eb66.txt
INFO  [PDF 770/1000] https://iitj.ac.in/PageImages/Gallery/03-2025/MSc-Admissions-in-Digital-Humanities-Reporting-Details-for-Interview-638773051863071692.pdf
INFO    ✓ [PDF] 266 words → rting_Details_for_Interview_638773051863071692_pdf_a6d70af6.txt
INFO  [PDF 771/1000] https://intranet.iitj.ac.in/correspondences/assets/uploads/document/2024/08/2024-08-27-66cd70eb65ff6-1724739819.pdf
INFO  [PDF 772/1000] https://iitj.ac.in/PageImages/Gallery/08-2025/Cutoff-638919930743639412.pdf
INFO    ✓ [PDF] 209 words → ages_Gallery_08_2025_Cutoff_638919930743639412_pdf_421b2535.txt
INFO  [PDF 773/1000] https://iitj.ac.in/PageImages/Gallery/04-2025/CGPA-Conversion-638797086253041021.pdf
INFO  [PDF 774/1000] https://iitj.ac.in/PageImages/Gallery/02-2025/COURSE-TYPE-FOR-ONLINE-REGISTRATION-OF-MSC-PROGRAM-638757479750116958.pdf
WARNING    Too short (3 w), skip: https://iitj.ac.in/PageImages/Gallery/02-2025/COURSE-TYPE-FOR-ONLINE-REGISTRATION-OF-MSC-PROGRAM-638757479750116958.pdf
INFO  [PDF 775/1000] https://iitj.ac.in/PageImages/Gallery/02-2025/Ongoingproject8-638755651173246506.pdf
INFO    ✓ [PDF] 611 words → ery_02_2025_Ongoingproject8_638755651173246506_pdf_967987c1.txt
INFO  [PDF 776/1000] https://iitj.ac.in/PageImages/Recruitment/03-2025/Non-Teaching-Staff-Members-Provisionally-Shortlisted-IITJ-O(E-II)-2024-25-Non-Academic-Staff-57-638780041295103836.pdf
INFO    ✓ [PDF] 254 words → 24_25_Non_Academic_Staff_57_638780041295103836_pdf_fd57004e.txt
INFO  [PDF 777/1000] https://iitj.ac.in/PageImages/Gallery/06-2025/2025-04-26-680d1a54d4c78-1745689172.pdf
INFO    ✓ [PDF] 41 words → ry_06_2025_2025_04_26_680d1a54d4c78_1745689172_pdf_6eb6b69e.txt
INFO  [PDF 778/1000] https://iitj.ac.in/PageImages/Gallery/04-2025/phd_me.pdf
INFO    ✓ [PDF] 120 words → _PageImages_Gallery_04_2025_phd_me_pdf_89ea7b13.txt
INFO  [PDF 779/1000] https://iitj.ac.in/PageImages/Pages/03-2025/e4fbda86-ada9-45f2-b769-d6da3bc09ff4.pdf
INFO    ✓ [PDF] 7,491 words → s_03_2025_e4fbda86_ada9_45f2_b769_d6da3bc09ff4_pdf_0a735946.txt
INFO  [PDF 780/1000] https://iitj.ac.in/PageImages/RTI/03-2025/Powers-and-functions-1-638779994122094225.pdf
INFO    ✓ [PDF] 17,792 words → 2025_Powers_and_functions_1_638779994122094225_pdf_ef32818a.txt
INFO  [PDF 781/1000] https://iitj.ac.in/PageImages/Gallery/03-2025/course91-638767711280330151.pdf
INFO  [PDF 782/1000] https://iitj.ac.in/PageImages/Pages/03-2025/1b55505e-5820-4697-8ccc-5ebbc5d340b9.pdf
INFO    ✓ [PDF] 8,855 words → s_03_2025_1b55505e_5820_4697_8ccc_5ebbc5d340b9_pdf_22be9b46.txt
INFO  [PDF 783/1000] https://iitj.ac.in/PageImages/Gallery/04-2025/April%202020_FM.pdf
INFO    ✓ [PDF] 441 words → _PageImages_Gallery_04_2025_April_202020_FM_pdf_8093075e.txt
INFO  [PDF 784/1000] https://iitj.ac.in/PageImages/RTI/07-2025/List-of-RTI-Appeals-1-638870677338098153.pdf
WARNING    Too short (10 w), skip: https://iitj.ac.in/PageImages/RTI/07-2025/List-of-RTI-Appeals-1-638870677338098153.pdf
INFO  [PDF 785/1000] https://intranet.iitj.ac.in/correspondences/assets/uploads/main_website/Notification_Committee for projection of UG Programs of the Institute_13102025.pdf
INFO  [PDF 786/1000] https://iitj.ac.in/PageImages/Gallery/10-2025/PhD-Bio-Shortlisted-Candidates-AY-202526-SEMESTERII-638974287657359519.pdf
INFO    ✓ [PDF] 184 words → idates_AY_202526_SEMESTERII_638974287657359519_pdf_367df401.txt
INFO  [PDF 787/1000] https://iitj.ac.in/PageImages/Recruitment/05-2025/Non-Teaching-Staff-Members-Result-IITJ-O(E-II)-2024-25-Non-Academic-Staff-57-638821740457683237.pdf
INFO    ✓ [PDF] 109 words → 24_25_Non_Academic_Staff_57_638821740457683237_pdf_be0833f3.txt
INFO  [PDF 788/1000] https://iitj.ac.in/PageImages/Gallery/01-2025/-STUDENT-MBA-BATCH-PROFILE-2021-23-638739358206827343.pdf
INFO    ✓ [PDF] 1,791 words → T_MBA_BATCH_PROFILE_2021_23_638739358206827343_pdf_4d8509e8.txt
INFO  [PDF 789/1000] https://iitj.ac.in/PageImages/Gallery/04-2025/cse/Advertisement-for-Admission-to-Semester-long-Courses-in-AI-and-ML-last-date-extended.pdf
WARNING    PDF parse error: No /Root object! - Is this really a PDF?
INFO  [PDF 790/1000] https://iitj.ac.in/PageImages/Gallery/11-2025/Notifications_RnD-6_15122021.pdf
INFO  [PDF 791/1000] https://iitj.ac.in/PageImages/Pages/03-2025/15e29b96-62d6-40af-b680-1688774227c0.pdf
INFO  [PDF 792/1000] https://iitj.ac.in/PageImages/Recruitment/03-2025/Non-Teaching-Staff-Members-Provisionally-Shortlisted-IITJ-O(E-II)-2024-25-Non-Academic-Staff-57-638780041720018012.pdf
INFO    ✓ [PDF] 264 words → 24_25_Non_Academic_Staff_57_638780041720018012_pdf_81deaecb.txt
INFO  [PDF 793/1000] https://iitj.ac.in/PageImages/Recruitment/03-2025/Non-Teaching-Staff-Members-Provisionally-Shortlisted-IITJ-O(E-II)-2024-25-Non-Academic-Staff-57-638780043965171172.pdf
INFO    ✓ [PDF] 289 words → 24_25_Non_Academic_Staff_57_638780043965171172_pdf_601c7059.txt
INFO  [PDF 794/1000] https://iitj.ac.in/PageImages/Gallery/07-2025/Contract-details455-638870449473615607.pdf
INFO    ✓ [PDF] 1,375 words → 07_2025_Contract_details455_638870449473615607_pdf_9fa9a78d.txt
INFO  [PDF 795/1000] https://iitj.ac.in/PageImages/Gallery/03-2025/-MTech-Advanced-Manufacturing-and-Design-638772020952172613.pdf
INFO    ✓ [PDF] 15,557 words → ed_Manufacturing_and_Design_638772020952172613_pdf_67c1e881.txt
INFO  [PDF 796/1000] https://intranet.iitj.ac.in/correspondences/assets/uploads/uploaded_docs/orders/Notification_Action Committee on Viksit Bharat@2047.pdf
INFO  [PDF 797/1000] https://iitj.ac.in/PageImages/Gallery/07-2025/List-of-Selected-Candidates-for-NASI-Membership-2025-638894713004986427.pdf
INFO    ✓ [PDF] 264 words → es_for_NASI_Membership_2025_638894713004986427_pdf_cecb43c4.txt
INFO  [PDF 798/1000] https://iitj.ac.in/PageImages/Recruitment/03-2025/Non-Teaching-Staff-Members-Syllabus-IITJ-O(E-II)-2024-25-Non-Academic-Staff-57-638779872871039839.pdf
INFO    ✓ [PDF] 337 words → 24_25_Non_Academic_Staff_57_638779872871039839_pdf_0ff9209a.txt
INFO  [PDF 799/1000] https://intranet.iitj.ac.in/correspondences/assets/uploads/uploaded_docs/orders/Notification_Campus Development Committee (CDC).pdf
INFO  [PDF 800/1000] https://iitj.ac.in/PageImages/RTI/03-2025/Budget-Allocation-by-MHRD-1-638780828623708690.pdf
INFO    ✓ [PDF] 137 words → Budget_Allocation_by_MHRD_1_638780828623708690_pdf_c1ed6328.txt
INFO  [PDF 801/1000] https://iitj.ac.in/PageImages/Gallery/02-2025/Event-1-VLSI-Test-Workshop-638763554117393130.pdf
INFO    ✓ [PDF] 178 words → _Event_1_VLSI_Test_Workshop_638763554117393130_pdf_7cee326f.txt
INFO  [PDF 802/1000] https://intranet.iitj.ac.in/correspondences/assets/uploads/main_website/Notification_IEC_13102025.pdf
INFO  [PDF 803/1000] https://iitj.ac.in/PageImages/Gallery/03-2025/NIRF%202025%20Innovation%20Final%20Sumitted%20Data%2031Jan2025.pdf
INFO    ✓ [PDF] 916 words → novation_20Final_20Sumitted_20Data_2031Jan2025_pdf_5b10c724.txt
INFO  [PDF 804/1000] https://iitj.ac.in/PageImages/RecruitmentAdvertisementMaster/09-2025/Latest-Notice-(Withdrawn)-1-638936297664941935.pdf
INFO    ✓ [PDF] 162 words → Latest_Notice__Withdrawn__1_638936297664941935_pdf_7b2b3664.txt
INFO  [PDF 805/1000] https://iitj.ac.in/PageImages/Gallery/03-2025/recruit2-638780091943444175.pdf
INFO  [PDF 806/1000] https://iitj.ac.in/PageImages/Gallery/06-2025/PHD-May-2023.pdf
INFO    ✓ [PDF] 144 words → _PageImages_Gallery_06_2025_PHD_May_2023_pdf_f16f1c9b.txt
INFO  [PDF 807/1000] https://intranet.iitj.ac.in/correspondences/assets/uploads/main_website/Notification_CentralizedFurniture_and_Computer_Procurement_Committee.pdf
INFO  [PDF 808/1000] https://iitj.ac.in/PageImages/Gallery/03-2025/Details-of-UG-and-PG-Students-Scholarship-638780605862907546.pdf
INFO    ✓ [PDF] 324 words → and_PG_Students_Scholarship_638780605862907546_pdf_c928a1ff.txt
INFO  [PDF 809/1000] https://intranet.iitj.ac.in/correspondences/assets/uploads/main_website/Revised Notification_Roster Committee.pdf
INFO  [PDF 810/1000] https://iitj.ac.in/PageImages/Gallery/01-2025/Final-Placement-Brochure-2020-2022-638738505670934038.pdf
INFO  [PDF 811/1000] https://iitj.ac.in/PageImages/Gallery/07-2025/vlsifaq-638887974798919698.pdf
INFO    ✓ [PDF] 1,090 words → ges_Gallery_07_2025_vlsifaq_638887974798919698_pdf_78f724eb.txt
INFO  [PDF 812/1000] https://iitj.ac.in/PageImages/Gallery/07-2024/46c366e3-be62-4c50-8b3a-e9d275fb6358.pdf
INFO    ✓ [PDF] 926 words → y_07_2024_46c366e3_be62_4c50_8b3a_e9d275fb6358_pdf_d650a92d.txt
INFO  [PDF 813/1000] https://iitj.ac.in/PageImages/Pages/03-2025/0f308859-f358-42e5-83d3-b9da2e8b3b64.pdf
INFO    ✓ [PDF] 1,991 words → s_03_2025_0f308859_f358_42e5_83d3_b9da2e8b3b64_pdf_9632a331.txt
INFO  [PDF 814/1000] https://intranet.iitj.ac.in/correspondences/assets/uploads/main_website/Office_Order_05.pdf
INFO  [PDF 815/1000] https://intranet.iitj.ac.in/correspondences/assets/uploads/document/2024/08/2024-08-27-66cd75d0892dd-1724741072.pdf
INFO  [PDF 816/1000] https://intranet.iitj.ac.in/acad_website/pg_curriculum/IDRP%20QUANTUM%20INFORMATION_06092019.pdf
INFO    ✓ [PDF] 1,014 words → rriculum_IDRP_20QUANTUM_20INFORMATION_06092019_pdf_77fa5fa9.txt
INFO  [PDF 817/1000] https://iitj.ac.in/PageImages/Gallery/06-2025/2025-04-24-680a34fae986a-1745499386.pdf
INFO    ✓ [PDF] 44 words → ry_06_2025_2025_04_24_680a34fae986a_1745499386_pdf_39f02469.txt
INFO  [PDF 818/1000] https://iitj.ac.in/PageImages/Pages/03-2025/5c26ebee-0c73-4b4f-b9b8-d1198ae12247.pdf
INFO  [PDF 819/1000] https://iitj.ac.in/PageImages/Gallery/02-2025/mathsevent5-638763498415523412.pdf
INFO    ✓ [PDF] 180 words → Gallery_02_2025_mathsevent5_638763498415523412_pdf_4b27d40b.txt
INFO  [PDF 820/1000] https://intranet.iitj.ac.in/correspondences/assets/uploads/main_website/Notification_Time Table Committee_13102025.pdf
INFO  [PDF 821/1000] https://iitj.ac.in/PageImages/Gallery/03-2025/PGCertificatePGDiplomaMBATechAY202425-638780656626811044.pdf
INFO    ✓ [PDF] 654 words → atePGDiplomaMBATechAY202425_638780656626811044_pdf_b590e1c4.txt
INFO  [PDF 822/1000] https://iitj.ac.in/PageImages/Gallery/04-2025/Ph.D._2013.pdf
INFO    ✓ [PDF] 6,180 words → _PageImages_Gallery_04_2025_Ph_D__2013_pdf_0fc01396.txt
INFO  [PDF 823/1000] https://iitj.ac.in/PageImages/RTI/03-2025/English-1-638780692475247132.pdf
INFO    ✓ [PDF] 15,273 words → mages_RTI_03_2025_English_1_638780692475247132_pdf_36c5ff7a.txt
INFO  [PDF 824/1000] https://iitj.ac.in/PageImages/Recruitment/03-2025/Non-Teaching-Staff-Members-Provisionally-Shortlisted-IITJ-O(E-II)-2024-25-Non-Academic-Staff-57-638780036746052767.pdf
INFO    ✓ [PDF] 1,136 words → 24_25_Non_Academic_Staff_57_638780036746052767_pdf_5d030d39.txt
INFO  [PDF 825/1000] https://iitj.ac.in/PageImages/Gallery/04-2025/cse/MTech-CSE-july-2024.pdf
INFO    ✓ [PDF] 192 words → Images_Gallery_04_2025_cse_MTech_CSE_july_2024_pdf_70ef12da.txt
INFO  [PDF 826/1000] https://iitj.ac.in/PageImages/Gallery/11-2025/8I.OverheadandFacilityCharges-2021-22.PDF
INFO  [PDF 827/1000] https://iitj.ac.in/PageImages/RTI/03-2025/Process-of-decision-making-Identify-key-decision-making-points-1-638779790985552731.pdf
INFO  [PDF 828/1000] https://iitj.ac.in/PageImages/RTI/03-2025/Item---information-disclosed-so-that-public-have-minimum-resort-to-use-of-RTI-Act-to-obtain-information-1-638780818848980410.pdf
INFO    ✓ [PDF] 39,565 words → Act_to_obtain_information_1_638780818848980410_pdf_0d77eaad.txt
INFO  [PDF 829/1000] https://intranet.iitj.ac.in/correspondences/assets/uploads/document/2024/10/2024-10-14-670ca1239ecca-1728880931.pdf
WARNING    Too short (9 w), skip: https://intranet.iitj.ac.in/correspondences/assets/uploads/document/2024/10/2024-10-14-670ca1239ecca-1728880931.pdf
INFO  [PDF 830/1000] https://iitj.ac.in/PageImages/Gallery/03-2025/MTechPhD-Admissions-for-AY-2024-25-Semester-638771986257605520.pdf
INFO    ✓ [PDF] 86 words → ons_for_AY_2024_25_Semester_638771986257605520_pdf_708e72dc.txt
INFO  [PDF 831/1000] https://iitj.ac.in/PageImages/Gallery/03-2025/AR2013-14%20(English).pdf
INFO    ✓ [PDF] 23,918 words → geImages_Gallery_03_2025_AR2013_14_20_English__pdf_d2ed0c50.txt
INFO  [PDF 832/1000] https://iitj.ac.in/PageImages/RecruitmentAdvertisementMaster/07-2025/Advertisement-Document-1-638878497733244407.pdf
INFO    ✓ [PDF] 1,999 words → 25_Advertisement_Document_1_638878497733244407_pdf_792db98e.txt
INFO  [PDF 833/1000] https://iitj.ac.in/PageImages/Gallery/04-2025/cse/MTech-PhD_Shortlisting-Criteria.pdf
WARNING    Too short (17 w), skip: https://iitj.ac.in/PageImages/Gallery/04-2025/cse/MTech-PhD_Shortlisting-Criteria.pdf
INFO  [PDF 834/1000] https://intranet.iitj.ac.in/correspondences/assets/uploads/main_website/Notification_Medical Insurance Policy Committee_13102025.pdf
INFO  [PDF 835/1000] https://iitj.ac.in/PageImages/Gallery/08-2025/M-Tech-in-ICS-Revised-Curriculum-2025-638896406471031997.pdf
INFO    ✓ [PDF] 1,780 words → ICS_Revised_Curriculum_2025_638896406471031997_pdf_c709cb21.txt
INFO  [PDF 836/1000] https://iitj.ac.in/PageImages/Gallery/04-2025/Gross%20Salary_FM_September_2022.pdf
INFO    ✓ [PDF] 1,247 words → llery_04_2025_Gross_20Salary_FM_September_2022_pdf_470a4ae1.txt
INFO  [PDF 837/1000] https://iitj.ac.in/PageImages/Gallery/04-2025/cse/Shortlisting-criteria.pdf
INFO    ✓ [PDF] 33 words → ages_Gallery_04_2025_cse_Shortlisting_criteria_pdf_57bc2343.txt
INFO  [PDF 838/1000] https://www.iitj.ac.in/PageImages/Gallery/01-2025/Summer-Internship-report-2022-638738373582433941.pdf
INFO    ✓ [PDF] 451 words → mmer_Internship_report_2022_638738373582433941_pdf_d7d0505a.txt
INFO  [PDF 839/1000] https://iitj.ac.in/PageImages/Gallery/07-2025/Curriculum-MTechMTech-PhDPhD-AIAY2020.pdf
INFO    ✓ [PDF] 465 words → _07_2025_Curriculum_MTechMTech_PhDPhD_AIAY2020_pdf_11a952be.txt
INFO  [PDF 840/1000] https://iitj.ac.in/PageImages/RTI/07-2025/Details-of-questions-asked-and-replies-given-1-638870454648055641.pdf
INFO  [PDF 841/1000] https://intranet.iitj.ac.in/acad_website/intra/PG_Curriculum_document-2020-10-29-12-29-pm.pdf
INFO    ✓ [PDF] 12,236 words → tra_PG_Curriculum_document_2020_10_29_12_29_pm_pdf_d28f7e9f.txt
INFO  [PDF 842/1000] https://iitj.ac.in/PageImages/RTI/03-2025/Item---information-disclosed-so-that-public-have-minimum-resort-to-use-of-RTI-Act-to-obtain-information-1-638780821012201573.pdf
INFO    ✓ [PDF] 984 words → Act_to_obtain_information_1_638780821012201573_pdf_b12c021c.txt
INFO  [PDF 843/1000] https://intranet.iitj.ac.in/correspondences/assets/uploads/main_website/Notification_Space Planning and Allocation Committee_13102025.pdf
INFO  [PDF 844/1000] https://iitj.ac.in/PageImages/Gallery/06-2025/2025-05-02-6814bac7b81d6-1746188999.pdf
INFO    ✓ [PDF] 42 words → ry_06_2025_2025_05_02_6814bac7b81d6_1746188999_pdf_f758f172.txt
INFO  [PDF 845/1000] https://www.iitj.ac.in/PageImages/Gallery/10-2025/PhD-Bio-Shortlisted-Candidates-AY-202526-SEMESTERII-638974287657359519.pdf
INFO    ✓ [PDF] 184 words → idates_AY_202526_SEMESTERII_638974287657359519_pdf_68a7d51f.txt
INFO  [PDF 846/1000] https://iitj.ac.in/PageImages/RTI/03-2025/Powers-and-duties-of-officers-(administrative,-financial-and-judicial)--1-638779780249312715.pdf
WARNING    Too short (10 w), skip: https://iitj.ac.in/PageImages/RTI/03-2025/Powers-and-duties-of-officers-(administrative,-financial-and-judicial)--1-638779780249312715.pdf
INFO  [PDF 847/1000] https://iitj.ac.in/PageImages/Gallery/07-2025/Curriculum-BTech-CSE.pdf
INFO    ✓ [PDF] 2,813 words → ageImages_Gallery_07_2025_Curriculum_BTech_CSE_pdf_9c3b4cd2.txt
INFO  [PDF 848/1000] https://iitj.ac.in/PageImages/Gallery/03-2025/7.1_Circular_51Circular-No.-IITJOAACircular2024-2551682-dated-08-July-2024.pdf
INFO  [PDF 849/1000] https://iitj.ac.in/PageImages/Gallery/03-2025/imprint-india-resources-638768615903428336.pdf
INFO    ✓ [PDF] 17,684 words → 025_imprint_india_resources_638768615903428336_pdf_f576519a.txt
INFO  [PDF 850/1000] https://iitj.ac.in/PageImages/Gallery/06-2025/phdjuly2025IIround-638858599046513300.pdf
INFO    ✓ [PDF] 37 words → _06_2025_phdjuly2025IIround_638858599046513300_pdf_797054b1.txt
INFO  [PDF 851/1000] https://iitj.ac.in/PageImages/Gallery/06-2025/HRMS-Facility-Requisition-Form-638860322584801062.pdf
INFO    ✓ [PDF] 143 words → S_Facility_Requisition_Form_638860322584801062_pdf_85b2c490.txt
INFO  [PDF 852/1000] https://iitj.ac.in/PageImages/Gallery/07-2025/List-of-Shortlisted-StudentPhD-External-matrials-r2-638869615014957941.pdf
INFO    ✓ [PDF] 42 words → entPhD_External_matrials_r2_638869615014957941_pdf_268bed32.txt
INFO  [PDF 853/1000] https://www.iitj.ac.in/PageImages/Gallery/11-2025/Corrigendumdeadlineextended-638980302467849511.pdf
INFO    ✓ [PDF] 71 words → Corrigendumdeadlineextended_638980302467849511_pdf_5c61b491.txt
INFO  [PDF 854/1000] https://iitj.ac.in/PageImages/Gallery/03-2025/6_2024-04-17-661f605b54457-1713332315.pdf
INFO    ✓ [PDF] 1,579 words → _03_2025_6_2024_04_17_661f605b54457_1713332315_pdf_3d9daebb.txt
INFO  [PDF 855/1000] https://iitj.ac.in/PageImages/Gallery/03-2025/3%20B.Tech%20CSE%20Program%20structure_07102020.pdf
INFO    ✓ [PDF] 118 words → _20B_Tech_20CSE_20Program_20structure_07102020_pdf_f2e94079.txt
INFO  [PDF 856/1000] https://iitj.ac.in/PageImages/Recruitment/03-2025/Non-Teaching-Staff-Members-Provisionally-Shortlisted-IITJ-O(E-II)-2024-25-Non-Academic-Staff-57-638780046028561063.pdf
INFO    ✓ [PDF] 334 words → 24_25_Non_Academic_Staff_57_638780046028561063_pdf_ea6a1df2.txt
INFO  [PDF 857/1000] https://iitj.ac.in/PageImages/Gallery/03-2025/National-Scholarship-for-Higher-Education-of-ST-students-638766146772781079.pdf
INFO    ✓ [PDF] 10,712 words → er_Education_of_ST_students_638766146772781079_pdf_227f72a1.txt
INFO  [PDF 858/1000] https://iitj.ac.in/PageImages/Gallery/06-2025/2025-05-05-68189fed912e9-1746444269.pdf
WARNING    PDF parse error: No /Root object! - Is this really a PDF?
INFO  [PDF 859/1000] https://iitj.ac.in/PageImages/Gallery/02-2025/Curriculum-Rules-and-Regulations-638763523831218386.pdf
INFO    ✓ [PDF] 14,390 words → culum_Rules_and_Regulations_638763523831218386_pdf_faff1203.txt
INFO  [PDF 860/1000] https://www.iitj.ac.in/PageImages/Gallery/01-2025/Summer-Internship-report-2023-638738373906398009.pdf
INFO    ✓ [PDF] 588 words → mmer_Internship_report_2023_638738373906398009_pdf_c5097a04.txt
INFO  [PDF 861/1000] https://iitj.ac.in/PageImages/Gallery/03-2025/TopUniversityDetails_5D.pdf
INFO    ✓ [PDF] 319 words → Images_Gallery_03_2025_TopUniversityDetails_5D_pdf_3f564f3d.txt
INFO  [PDF 862/1000] https://iitj.ac.in/PageImages/Gallery/04-2025/cse/Spot-Round-Mtech-CSE.pdf
INFO    ✓ [PDF] 75 words → mages_Gallery_04_2025_cse_Spot_Round_Mtech_CSE_pdf_3ed2407d.txt
INFO  [PDF 863/1000] https://iitj.ac.in/PageImages/Gallery/04-2025/Gross%20Salary-SM_June%202022.pdf
INFO    ✓ [PDF] 568 words → _Gallery_04_2025_Gross_20Salary_SM_June_202022_pdf_78d33bc5.txt
INFO  [PDF 864/1000] https://iitj.ac.in/PageImages/Gallery/04-2025/phd_hss.pdf
INFO    ✓ [PDF] 66 words → _PageImages_Gallery_04_2025_phd_hss_pdf_12ef7d78.txt
INFO  [PDF 865/1000] https://iitj.ac.in/PageImages/Gallery/10-2025/PhD-IDRPAIOT-Shortlisted-Candidates-AY-202526-SEMESTERII-638974419955125236.pdf
INFO    ✓ [PDF] 53 words → idates_AY_202526_SEMESTERII_638974419955125236_pdf_98bac602.txt
INFO  [PDF 866/1000] https://iitj.ac.in/PageImages/RTI/03-2025/Total-Budget-for-the-public-authority-1-638779850543099075.pdf
INFO    ✓ [PDF] 6,416 words → _for_the_public_authority_1_638779850543099075_pdf_530c08ad.txt
INFO  [PDF 867/1000] https://iitj.ac.in/PageImages/RTI/03-2025/4.-1-638780769368445356.pdf
WARNING    Too short (21 w), skip: https://iitj.ac.in/PageImages/RTI/03-2025/4.-1-638780769368445356.pdf
INFO  [PDF 868/1000] https://iitj.ac.in/PageImages/Gallery/06-2025/Third-merit-list_23-May-2023-Revised.pdf
INFO    ✓ [PDF] 33 words → y_06_2025_Third_merit_list_23_May_2023_Revised_pdf_9f836371.txt
INFO  [PDF 869/1000] https://iitj.ac.in/PageImages/Recruitment/03-2025/Non-Teaching-Staff-Members-Syllabus-IITJ-O(E-II)-2024-25-Non-Academic-Staff-57-638779877046944141.pdf
INFO    ✓ [PDF] 757 words → 24_25_Non_Academic_Staff_57_638779877046944141_pdf_a090fdb4.txt
INFO  [PDF 870/1000] https://iitj.ac.in/PageImages/Gallery/03-2026/Data-for-Placement-TP-Portal-2022-B-Tech-and-M-Tech-updated-639093538294796337.pdf
INFO    ✓ [PDF] 76 words → 2_B_Tech_and_M_Tech_updated_639093538294796337_pdf_71618739.txt
INFO  [PDF 871/1000] https://iitj.ac.in/PageImages/Gallery/09-2025/Final-Placement-BrochureBatch-20242026SME-IIT-Jodhpur-638943104462523997.pdf
INFO    ✓ [PDF] 2,361 words → tch_20242026SME_IIT_Jodhpur_638943104462523997_pdf_ef72f48d.txt
INFO  [PDF 872/1000] https://iitj.ac.in/PageImages/Gallery/02-2025/mathsevent2-638763498034427850.pdf
INFO    ✓ [PDF] 323 words → Gallery_02_2025_mathsevent2_638763498034427850_pdf_c8bf2239.txt
INFO  [PDF 873/1000] https://iitj.ac.in/PageImages/Gallery/02-2025/2-yr-MSc-Chemistry-curriculum-638760103884361118.pdf
INFO    ✓ [PDF] 12,582 words → yr_MSc_Chemistry_curriculum_638760103884361118_pdf_0324c626.txt
INFO  [PDF 874/1000] https://iitj.ac.in/PageImages/Gallery/03-2025/course51-638767710916351048.pdf
INFO    ✓ [PDF] 711 words → es_Gallery_03_2025_course51_638767710916351048_pdf_afe350dd.txt
INFO  [PDF 875/1000] https://iitj.ac.in/PageImages/Gallery/02-2025/Event4-Invited-TalkTapas-Nandy-638763555043327951.pdf
INFO  [PDF 876/1000] https://iitj.ac.in/PageImages/Gallery/10-2025/PhD-Computer-Shortlisted-Candidates-AY-202526-SEMESTERII-638974291385241254.pdf
INFO    ✓ [PDF] 71 words → idates_AY_202526_SEMESTERII_638974291385241254_pdf_d7502a38.txt
INFO  [PDF 877/1000] https://iitj.ac.in/PageImages/Recruitment/03-2025/Non-Teaching-Staff-Members-Provisionally-Shortlisted-IITJ-O(E-II)-2024-25-Non-Academic-Staff-57-638780048995535756.pdf
INFO    ✓ [PDF] 86 words → 24_25_Non_Academic_Staff_57_638780048995535756_pdf_ca4d6cc7.txt
INFO  [PDF 878/1000] https://iitj.ac.in/PageImages/RTI/03-2025/Total-Budget-for-the-public-authority-1-638779849339069810.pdf
INFO  [PDF 879/1000] https://iitj.ac.in/PageImages/Gallery/04-2025/btech_ee.pdf
INFO    ✓ [PDF] 199 words → _PageImages_Gallery_04_2025_btech_ee_pdf_7569565e.txt
INFO  [PDF 880/1000] https://iitj.ac.in/PageImages/Gallery/06-2025/phd-curriculum-638857631206539024.pdf
INFO    ✓ [PDF] 61 words → lery_06_2025_phd_curriculum_638857631206539024_pdf_937b0059.txt
INFO  [PDF 881/1000] https://iitj.ac.in/PageImages/Recruitment/03-2025/Non-Teaching-Staff-Members-Not-Shortlisted-IITJ-O(E-II)-2024-25-Non-Academic-Staff-57-638780050899750116.pdf
INFO    ✓ [PDF] 600 words → 24_25_Non_Academic_Staff_57_638780050899750116_pdf_f39e94aa.txt
INFO  [PDF 882/1000] https://iitj.ac.in/PageImages/Gallery/04-2025/mtech_cse.pdf
INFO    ✓ [PDF] 1,774 words → _PageImages_Gallery_04_2025_mtech_cse_pdf_fae1c299.txt
INFO  [PDF 883/1000] https://intranet.iitj.ac.in/acad_website/pg_curriculum/MTechSIoT_Updated_v4.8_04012023.pdf
INFO    ✓ [PDF] 2,774 words → _pg_curriculum_MTechSIoT_Updated_v4_8_04012023_pdf_e92e05a3.txt
INFO  [PDF 884/1000] https://iitj.ac.in/PageImages/Gallery/07-2024/8d4363d9-6636-4a0c-8594-f3223c010506.pdf
INFO    ✓ [PDF] 2,880 words → y_07_2024_8d4363d9_6636_4a0c_8594_f3223c010506_pdf_00aff032.txt
INFO  [PDF 885/1000] https://iitj.ac.in/PageImages/Gallery/01-2025/FINAL-PLACEMENT-BROCHURE-2023-25-638739190411487788.pdf
INFO    ✓ [PDF] 3,080 words → _PLACEMENT_BROCHURE_2023_25_638739190411487788_pdf_844a189d.txt
INFO  [PDF 886/1000] https://iitj.ac.in/PageImages/Gallery/12-2025/Provisionally-Shortlisted-for-PhDadmissions-under-IDRP-SST-639021067365951169.pdf
INFO    ✓ [PDF] 51 words → hDadmissions_under_IDRP_SST_639021067365951169_pdf_2cdfbdc3.txt
INFO  [PDF 887/1000] https://iitj.ac.in/PageImages/Gallery/02-2025/UB-IITJ-Joint-PhD-Programme-CSE-MME-638753867455392564.pdf
INFO    ✓ [PDF] 256 words → Joint_PhD_Programme_CSE_MME_638753867455392564_pdf_71b716cb.txt
INFO  [PDF 888/1000] https://www.iitj.ac.in/PageImages/Gallery/06-2025/Summer-Internship-Report-2025-638859406178265533.pdf
INFO    ✓ [PDF] 302 words → mmer_Internship_Report_2025_638859406178265533_pdf_0859b744.txt
INFO  [PDF 889/1000] https://iitj.ac.in/PageImages/Gallery/11-2025/11.Notification_23022022-2021-22.pdf
INFO    ✓ [PDF] 286 words → llery_11_2025_11_Notification_23022022_2021_22_pdf_6cfacf06.txt
INFO  [PDF 890/1000] https://iitj.ac.in/PageImages/Pages/08-2025/Khamma-Ghani_Vol2_Issue2_July_Dec_2016_13May2017.pdf
INFO    ✓ [PDF] 4,417 words → amma_Ghani_Vol2_Issue2_July_Dec_2016_13May2017_pdf_6c391185.txt
INFO  [PDF 891/1000] https://iitj.ac.in/PageImages/Gallery/01-2026/PhD-Curriculum-for-SAIDE-revised-639029722366539938.pdf
INFO    ✓ [PDF] 215 words → urriculum_for_SAIDE_revised_639029722366539938_pdf_f1222d83.txt
INFO  [PDF 892/1000] https://iitj.ac.in/PageImages/Gallery/03-2025/AR2017-18%20(English).pdf
INFO    ✓ [PDF] 26,489 words → geImages_Gallery_03_2025_AR2017_18_20_English__pdf_ec595f09.txt
INFO  [PDF 893/1000] https://iitj.ac.in/PageImages/Gallery/03-2025/AR_2018_19%20(Hindi).pdf
INFO    ✓ [PDF] 32,985 words → ageImages_Gallery_03_2025_AR_2018_19_20_Hindi__pdf_d7f5afc1.txt
INFO  [PDF 894/1000] https://iitj.ac.in/PageImages/Gallery/06-2025/msc_css_15052024.pdf
WARNING    Too short (28 w), skip: https://iitj.ac.in/PageImages/Gallery/06-2025/msc_css_15052024.pdf
INFO  [PDF 895/1000] https://intranet.iitj.ac.in/correspondences/assets/uploads/main_website/Notification_Institute_International_Relations_Committee_IIRC.pdf
INFO  [PDF 896/1000] https://iitj.ac.in/PageImages/Recruitment/06-2025/Non-Teaching-Staff-Members-Provisionally-Shortlisted-for-Stage-I-test-IITJ-O(E-II)-2024-25-Non-Academic-Staff-57-638868899638156580.pdf
INFO    ✓ [PDF] 506 words → 24_25_Non_Academic_Staff_57_638868899638156580_pdf_36e3dc1a.txt
INFO  [PDF 897/1000] https://iitj.ac.in/PageImages/Gallery/01-2025/Student-MBA-Batch-Profile-2022-24-638739356970003581.pdf
INFO    ✓ [PDF] 1,536 words → t_MBA_Batch_Profile_2022_24_638739356970003581_pdf_91f60c90.txt
INFO  [PDF 898/1000] https://iitj.ac.in/PageImages/RTI/03-2025/Responses-of-RTI-Appeals-1-638780776097805433.pdf
INFO    ✓ [PDF] 984 words → _Responses_of_RTI_Appeals_1_638780776097805433_pdf_7ca52e4e.txt
INFO  [PDF 899/1000] https://iitj.ac.in/PageImages/Recruitment/03-2025/Non-Teaching-Staff-Members-Not-Shortlisted-IITJ-O(E-II)-2024-25-Non-Academic-Staff-57-638780054114303405.pdf
INFO    ✓ [PDF] 612 words → 24_25_Non_Academic_Staff_57_638780054114303405_pdf_3515c27d.txt
INFO  [PDF 900/1000] https://iitj.ac.in/PageImages/Gallery/06-2025/2025-04-29-68104f748a15c-1745899380.pdf
INFO    ✓ [PDF] 117 words → ry_06_2025_2025_04_29_68104f748a15c_1745899380_pdf_123c2c94.txt
INFO  [PDF 901/1000] https://iitj.ac.in/PageImages/Gallery/06-2025/Second-Merit-List-MSC-CSS-2023.pdf
INFO    ✓ [PDF] 46 words → Gallery_06_2025_Second_Merit_List_MSC_CSS_2023_pdf_299d8ca8.txt
INFO  [PDF 902/1000] https://iitj.ac.in/PageImages/Gallery/06-2025/2025-04-29-6810baa660f79-1745926822.pdf
INFO    ✓ [PDF] 101 words → ry_06_2025_2025_04_29_6810baa660f79_1745926822_pdf_16b14b75.txt
INFO  [PDF 903/1000] https://iitj.ac.in/PageImages/RTI/03-2025/Details-of-third-party-audit-of-voluntary-disclosure--(a)-Dates-of-audit-carried-out-,-(b)-Report-of-the-audit-carried-out-1-638780798008648632.pdf
INFO    ✓ [PDF] 2,793 words → _of_the_audit_carried_out_1_638780798008648632_pdf_a562dce7.txt
INFO  [PDF 904/1000] https://iitj.ac.in/PageImages/Recruitment/03-2025/Non-Teaching-Staff-Members-Provisionally-Shortlisted-for-Stage-I-test-IITJ-O(E-II)-2024-25-Non-Academic-Staff-57-638780065488335409.pdf
INFO    ✓ [PDF] 349 words → 24_25_Non_Academic_Staff_57_638780065488335409_pdf_d3bf4f5b.txt
INFO  [PDF 905/1000] https://iitj.ac.in/PageImages/Gallery/06-2025/2025-05-02-6814470e1dee6-1746159374.pdf
INFO    ✓ [PDF] 89 words → ry_06_2025_2025_05_02_6814470e1dee6_1746159374_pdf_4af3f49c.txt
INFO  [PDF 906/1000] https://iitj.ac.in/PageImages/Gallery/03-2025/course41-638767710796561656.pdf
INFO    ✓ [PDF] 647 words → es_Gallery_03_2025_course41_638767710796561656_pdf_998161a2.txt
INFO  [PDF 907/1000] https://iitj.ac.in/PageImages/Recruitment/03-2025/Non-Teaching-Staff-Members-Syllabus-IITJ-O(E-II)-2024-25-Non-Academic-Staff-57-638779877590304039.pdf
INFO    ✓ [PDF] 751 words → 24_25_Non_Academic_Staff_57_638779877590304039_pdf_141affb3.txt
INFO  [PDF 908/1000] https://iitj.ac.in/PageImages/Gallery/04-2025/July%202021_FM.pdf.pdf
WARNING    PDF parse error: No /Root object! - Is this really a PDF?
INFO  [PDF 909/1000] https://iitj.ac.in/PageImages/Gallery/04-2025/Staff%20Members%20Salary%20July-2023.pdf
INFO    ✓ [PDF] 853 words → y_04_2025_Staff_20Members_20Salary_20July_2023_pdf_8db6fba8.txt
INFO  [PDF 910/1000] https://iitj.ac.in/PageImages/Recruitment/03-2025/Non-Teaching-Staff-Members-Provisionally-Shortlisted-IITJ-O(E-II)-2024-25-Non-Academic-Staff-57-638780042155130774.pdf
INFO    ✓ [PDF] 242 words → 24_25_Non_Academic_Staff_57_638780042155130774_pdf_d9091998.txt
INFO  [PDF 911/1000] https://iitj.ac.in/PageImages/Pages/04-2025/aab4bbe6-3b40-444b-ac65-22ba3abbd39e.pdf
INFO    ✓ [PDF] 5,925 words → s_04_2025_aab4bbe6_3b40_444b_ac65_22ba3abbd39e_pdf_c30c6359.txt
INFO  [PDF 912/1000] https://iitj.ac.in/PageImages/Gallery/02-2025/MTech-Functional-Materials-Specialization-638756575096858702.pdf
INFO    ✓ [PDF] 5,174 words → al_Materials_Specialization_638756575096858702_pdf_a76805b2.txt
INFO  [PDF 913/1000] https://iitj.ac.in/PageImages/Gallery/02-2025/Ongoingproject9-638755651393215448.pdf
INFO    ✓ [PDF] 452 words → ery_02_2025_Ongoingproject9_638755651393215448_pdf_1a926dae.txt
INFO  [PDF 914/1000] https://iitj.ac.in/PageImages/Recruitment/03-2025/Non-Teaching-Staff-Members-Syllabus-IITJ-O(E-II)-2024-25-Non-Academic-Staff-57-638779922839445960.pdf
INFO    ✓ [PDF] 322 words → 24_25_Non_Academic_Staff_57_638779922839445960_pdf_c8c76b6a.txt
INFO  [PDF 915/1000] https://iitj.ac.in/PageImages/Gallery/12-2025/EE-Semester-II-December-2025-PhD-Admissions-result-639005250455461935.pdf
INFO    ✓ [PDF] 41 words → _2025_PhD_Admissions_result_639005250455461935_pdf_c0cf999e.txt
INFO  [PDF 916/1000] https://iitj.ac.in/PageImages/Gallery/07-2025/Final-SAR-FY-2324-638869818029757318.pdf
INFO  [PDF 917/1000] https://iitj.ac.in/PageImages/Gallery/01-2025/Brochure-638738349077220799.pdf
INFO    ✓ [PDF] 3,730 words → es_Gallery_01_2025_Brochure_638738349077220799_pdf_e0a64511.txt
INFO  [PDF 918/1000] https://iitj.ac.in/PageImages/Gallery/06-2025/Final-Placement-Report-Batch-2023-2025-638859412401066527.pdf
INFO  [PDF 919/1000] https://iitj.ac.in/PageImages/Gallery/06-2025/2025-05-02-6814ba2c6f763-1746188844.pdf
INFO    ✓ [PDF] 36 words → ry_06_2025_2025_05_02_6814ba2c6f763_1746188844_pdf_addabbbc.txt
INFO  [PDF 920/1000] https://intranet.iitj.ac.in/acad_website/intra/IITJodhpur_Energy_PG_Curriculum_document-2020-08-21-12-08-pm.pdf
INFO    ✓ [PDF] 18,358 words → rgy_PG_Curriculum_document_2020_08_21_12_08_pm_pdf_86b3e78a.txt
INFO  [PDF 921/1000] https://www.iitj.ac.in/PageImages/Gallery/10-2025/PhD-Mathematics-Shortlisting-Criteria-and-Syllabus-for-PhD-AY-202526-SEMESTERII-638974375607157772.pdf
INFO  [PDF 922/1000] https://iitj.ac.in/PageImages/Pages/03-2025/8b0bf5e3-f779-49ee-9326-369520f881c1.pdf
INFO    ✓ [PDF] 177 words → s_03_2025_8b0bf5e3_f779_49ee_9326_369520f881c1_pdf_03095a89.txt
INFO  [PDF 923/1000] https://iitj.ac.in/PageImages/RTI/03-2025/Relevant-Acts,-Rules,-Forms-and-other-documents-which-are-normally-accessed-by-citizens-1-638780668731224569.pdf
INFO    ✓ [PDF] 17,792 words → ally_accessed_by_citizens_1_638780668731224569_pdf_0e967114.txt
INFO  [PDF 924/1000] https://iitj.ac.in/PageImages/Gallery/03-2026/Data-for-Placement-TP-Portal-2023-B-Tech-and-M-Tech-updated-639093538514251688.pdf
INFO    ✓ [PDF] 80 words → 3_B_Tech_and_M_Tech_updated_639093538514251688_pdf_a3ad1797.txt
INFO  [PDF 925/1000] https://iitj.ac.in/PageImages/Gallery/03-2025/AR2016-17%20(English).pdf
INFO    ✓ [PDF] 26,319 words → geImages_Gallery_03_2025_AR2016_17_20_English__pdf_552d4d24.txt
INFO  [PDF 926/1000] https://iitj.ac.in/PageImages/Gallery/03-2026/IITJJJM-CBP-23-DEC-2025-639087408328342506.pdf
INFO    ✓ [PDF] 233 words → 026_IITJJJM_CBP_23_DEC_2025_639087408328342506_pdf_3bd82e0f.txt
INFO  [PDF 927/1000] https://iitj.ac.in/PageImages/Gallery/11-2025/Notifications_RnD-8_15122021.pdf
INFO  [PDF 928/1000] https://iitj.ac.in/PageImages/Pages/03-2025/5ca2a56b-2c0d-4f09-82ab-3abc9c1f1db4.pdf
INFO  [PDF 929/1000] https://iitj.ac.in/PageImages/Gallery/06-2025/2025-05-06-6819c344aca19-1746518852.pdf
INFO    ✓ [PDF] 62 words → ry_06_2025_2025_05_06_6819c344aca19_1746518852_pdf_d527072b.txt
INFO  [PDF 930/1000] https://iitj.ac.in/PageImages/Gallery/03-2025/biocurr2-638769681404313393.pdf
INFO    ✓ [PDF] 15,368 words → es_Gallery_03_2025_biocurr2_638769681404313393_pdf_156920a7.txt
INFO  [PDF 931/1000] https://intranet.iitj.ac.in/correspondences/assets/uploads/main_website/Notification_AIOT FAB (Clean Room) Development Committee.pdf
INFO  [PDF 932/1000] https://iitj.ac.in/PageImages/Gallery/04-2025/Event3-638792001334840463.pdf
WARNING  Could not get FontBBox from font descriptor because None cannot be parsed as 4 floats
INFO    ✓ [PDF] 109 words → ages_Gallery_04_2025_Event3_638792001334840463_pdf_b270d4b6.txt
INFO  [PDF 933/1000] https://iitj.ac.in/PageImages/Gallery/06-2025/2025-04-29-6810c03537109-1745928245.pdf
INFO    ✓ [PDF] 210 words → ry_06_2025_2025_04_29_6810c03537109_1745928245_pdf_ed40d0c4.txt
INFO  [PDF 934/1000] https://www.iitj.ac.in/PageImages/Gallery/12-2025/QIC-AY-202526-SEMESTERII-DEC-2025-PhD-ADMISSIONS-shortlisting-for-test-639005459689211291.pdf
INFO    ✓ [PDF] 69 words → SIONS_shortlisting_for_test_639005459689211291_pdf_b4d46ff5.txt
INFO  [PDF 935/1000] https://iitj.ac.in/PageImages/Gallery/01-2025/RuTAG3-638731496932723983.pdf
INFO    ✓ [PDF] 5,868 words → ages_Gallery_01_2025_RuTAG3_638731496932723983_pdf_8dd4373e.txt
INFO  [PDF 936/1000] https://iitj.ac.in/PageImages/Gallery/06-2025/Call-for-Proposals-Funding-Opportunities-March-2025-to-May-2025-638852474403934049.pdf
INFO    ✓ [PDF] 1,764 words → ties_March_2025_to_May_2025_638852474403934049_pdf_db4e90a6.txt
INFO  [PDF 937/1000] https://iitj.ac.in/PageImages/Recruitment/03-2025/Non-Teaching-Staff-Members-Not-Shortlisted-IITJ-O(E-II)-2024-25-Non-Academic-Staff-57-638780058879406633.pdf
INFO    ✓ [PDF] 1,754 words → 24_25_Non_Academic_Staff_57_638780058879406633_pdf_35df46b4.txt
INFO  [PDF 938/1000] https://iitj.ac.in/PageImages/Recruitment/03-2025/Non-Teaching-Staff-Members-Provisionally-Shortlisted-IITJ-O(E-II)-2024-25-Non-Academic-Staff-57-638780046878023589.pdf
INFO    ✓ [PDF] 3,320 words → 24_25_Non_Academic_Staff_57_638780046878023589_pdf_44d75d1a.txt
INFO  [PDF 939/1000] https://iitj.ac.in/PageImages/Recruitment/03-2025/Non-Teaching-Staff-Members-Syllabus-IITJ-O(E-II)-2024-25-Non-Academic-Staff-57-638779879006672985.pdf
INFO    ✓ [PDF] 914 words → 24_25_Non_Academic_Staff_57_638779879006672985_pdf_e4d0ab32.txt
INFO  [PDF 940/1000] https://intranet.iitj.ac.in/correspondences/assets/uploads/main_website/BoG Office Order_Policy on Non-Issuance of No Objection Cerificate (NOC)Forwarding of Application fo routside employment to Non-Faculty Staff.pdf
INFO  [PDF 941/1000] https://iitj.ac.in/PageImages/Gallery/05-2025/Updated-Senate-638835189061950358.pdf
INFO    ✓ [PDF] 906 words → lery_05_2025_Updated_Senate_638835189061950358_pdf_d35d8288.txt
INFO  [PDF 942/1000] https://iitj.ac.in/PageImages/Gallery/04-2025/Gross%20Salary-SM_July%202022.pdf
INFO    ✓ [PDF] 598 words → _Gallery_04_2025_Gross_20Salary_SM_July_202022_pdf_84dac4b2.txt
INFO  [PDF 943/1000] https://iitj.ac.in/PageImages/Gallery/02-2025/University-of-Albany-11-Masters-Dual-Degree-Program-SME-EE-CSE-638753866963440003.pdf
INFO    ✓ [PDF] 123 words → l_Degree_Program_SME_EE_CSE_638753866963440003_pdf_d6c6a511.txt
INFO  [PDF 944/1000] https://www.iitj.ac.in/PageImages/Gallery/03-2025/Higher%20Studies%20NIRF%20Final.pdf
INFO    ✓ [PDF] 174 words → allery_03_2025_Higher_20Studies_20NIRF_20Final_pdf_a5d5b7db.txt
INFO  [PDF 945/1000] https://iitj.ac.in/PageImages/Gallery/12-2024/Facilities-Asymmetric-Synthesis-and-Continuous-Flow-Chemistry-pdf-638699470961232857.pdf
INFO    ✓ [PDF] 47 words → ntinuous_Flow_Chemistry_pdf_638699470961232857_pdf_9b0db1be.txt
INFO  [PDF 946/1000] https://iitj.ac.in/PageImages/Gallery/06-2025/Advertisemnt_ExecMTech_IVS_July25-Revised.pdf
INFO    ✓ [PDF] 778 words → 2025_Advertisemnt_ExecMTech_IVS_July25_Revised_pdf_9c370ee6.txt
INFO  [PDF 947/1000] https://iitj.ac.in/PageImages/Gallery/09-2025/Summer-Internship-Brochure-2026-638932863850680919.pdf
INFO    ✓ [PDF] 2,374 words → er_Internship_Brochure_2026_638932863850680919_pdf_35e9e700.txt
INFO  [PDF 948/1000] https://iitj.ac.in/PageImages/Gallery/11-2025/Circular_042022-23.PDF
WARNING    PDF parse error: No /Root object! - Is this really a PDF?
INFO  [PDF 949/1000] https://intranet.iitj.ac.in/acad_website/pg_curriculum/MSC%20MATHEMATICS_06092019.pdf
INFO    ✓ [PDF] 6,590 words → bsite_pg_curriculum_MSC_20MATHEMATICS_06092019_pdf_8074fc6b.txt
INFO  [PDF 950/1000] https://intranet.iitj.ac.in/acad_website/pg_curriculum/PG_Booklet_July_2019_updated_20Aug19.pdf
INFO    ✓ [PDF] 123,902 words → urriculum_PG_Booklet_July_2019_updated_20Aug19_pdf_d6e61730.txt
INFO  [PDF 951/1000] https://iitj.ac.in/PageImages/Gallery/02-2025/news22-638763576556192429.pdf
INFO    ✓ [PDF] 182 words → ages_Gallery_02_2025_news22_638763576556192429_pdf_472e0357.txt
INFO  [PDF 952/1000] https://iitj.ac.in/PageImages/Recruitment/03-2025/Non-Teaching-Staff-Members-Syllabus-IITJ-O(E-II)-2024-25-Non-Academic-Staff-57-638779865340696386.pdf
INFO    ✓ [PDF] 1,065 words → 24_25_Non_Academic_Staff_57_638779865340696386_pdf_f40bca57.txt
INFO  [PDF 953/1000] https://intranet.iitj.ac.in/correspondences/assets/uploads/document/2024/12/2024-12-19-6763b29a3f2c5-1734587034.pdf
INFO    ✓ [PDF] 566 words → nt_2024_12_2024_12_19_6763b29a3f2c5_1734587034_pdf_7add33c0.txt
INFO  [PDF 954/1000] https://iitj.ac.in/PageImages/Gallery/12-2025/PhD-Admission-AY-202526-semester-II-december-2025-639005328543745455.pdf
INFO    ✓ [PDF] 42 words → 6_semester_II_december_2025_639005328543745455_pdf_c251690e.txt
INFO  [PDF 955/1000] https://iitj.ac.in/PageImages/Gallery/03-2025/Brochure-1-638785941111940671.pdf
INFO    ✓ [PDF] 5,452 words → _Gallery_03_2025_Brochure_1_638785941111940671_pdf_ce8964b5.txt
INFO  [PDF 956/1000] https://iitj.ac.in/PageImages/Gallery/06-2025/List-of-shortlisted-applicants.pdf
WARNING    Too short (24 w), skip: https://iitj.ac.in/PageImages/Gallery/06-2025/List-of-shortlisted-applicants.pdf
INFO  [PDF 957/1000] https://intranet.iitj.ac.in/correspondences/assets/uploads/main_website/Notification_Institute Students Wellbeing Committee (ISWC).pdf
INFO    ✓ [PDF] 356 words → _Institute_Students_Wellbeing_Committee__ISWC__pdf_f6ac9fad.txt
INFO  [PDF 958/1000] https://iitj.ac.in/PageImages/Gallery/11-2025/Shortlisted-Candidates-IDRP-SST-638983920819093790.pdf
INFO    ✓ [PDF] 60 words → tlisted_Candidates_IDRP_SST_638983920819093790_pdf_fb52e8ae.txt
INFO  [PDF 959/1000] https://iitj.ac.in/PageImages/Recruitment/03-2025/Non-Teaching-Staff-Members-Not-Shortlisted-IITJ-O(E-II)-2024-25-Non-Academic-Staff-57-638780058177894106.pdf
INFO    ✓ [PDF] 1,654 words → 24_25_Non_Academic_Staff_57_638780058177894106_pdf_57953bdc.txt
INFO  [PDF 960/1000] https://intranet.iitj.ac.in/correspondences/assets/uploads/main_website/Office Order_Charter of activities in respect of closing of FY 2025-26.pdf
INFO    ✓ [PDF] 107 words → activities_in_respect_of_closing_of_FY_2025_26_pdf_658223bd.txt
INFO  [PDF 961/1000] https://iitj.ac.in/PageImages/Recruitment/03-2025/Non-Teaching-Staff-Members-Syllabus-IITJ-O(E-II)-2024-25-Non-Academic-Staff-57-638779923277694727.pdf
INFO    ✓ [PDF] 537 words → 24_25_Non_Academic_Staff_57_638779923277694727_pdf_ca3a2abd.txt
INFO  [PDF 962/1000] https://iitj.ac.in/PageImages/Gallery/11-2025/4.Measuretobetakentoincreasetheconsultancy-2021-22.PDF
INFO  [PDF 963/1000] https://iitj.ac.in/PageImages/Pages/03-2025/e732b785-3726-4e2f-bd0d-159627f7a3bf.pdf
INFO  [PDF 964/1000] https://iitj.ac.in/PageImages/Gallery/01-2026/Constitution-of-the-SenateIIT-JodhpurUpdated05012026-639032308491423512.pdf
INFO    ✓ [PDF] 905 words → eIIT_JodhpurUpdated05012026_639032308491423512_pdf_3db1e0eb.txt
INFO  [PDF 965/1000] https://iitj.ac.in/PageImages/Gallery/03-2025/ExecutiveDevelopmentProgram.pdf
WARNING    Too short (27 w), skip: https://iitj.ac.in/PageImages/Gallery/03-2025/ExecutiveDevelopmentProgram.pdf
INFO  [PDF 966/1000] https://iitj.ac.in/PageImages/Recruitment/03-2025/Non-Teaching-Staff-Members-Syllabus-IITJ-O(E-II)-2024-25-Non-Academic-Staff-57-638779925483747060.pdf
INFO    ✓ [PDF] 295 words → 24_25_Non_Academic_Staff_57_638779925483747060_pdf_b78d6f46.txt
INFO  [PDF 967/1000] https://iitj.ac.in/PageImages/Gallery/07-2025/Academic-Calendar-AY-202526SemI2-with-CCCD-events-638871414539740843.pdf
INFO    ✓ [PDF] 2,466 words → 02526SemI2_with_CCCD_events_638871414539740843_pdf_4791ffbe.txt
INFO  [PDF 968/1000] https://iitj.ac.in/PageImages/Gallery/07-2025/List-of-Shortlisted-StudentPhD-Part-Time-matrials-r2-638869615578904762.pdf
INFO    ✓ [PDF] 42 words → ntPhD_Part_Time_matrials_r2_638869615578904762_pdf_f20f9c5d.txt
INFO  [PDF 969/1000] https://iitj.ac.in/PageImages/Gallery/03-2025/1%20B.Tech%20ME%20Program%20structure_07102020.pdf
INFO    ✓ [PDF] 151 words → 1_20B_Tech_20ME_20Program_20structure_07102020_pdf_0a2fc868.txt
INFO  [PDF 970/1000] https://iitj.ac.in/PageImages/Recruitment/05-2025/Non-Teaching-Staff-Members-Result-IITJ-O(E-II)-2024-25-Non-Academic-Staff-57-638821746566332466.pdf
INFO    ✓ [PDF] 94 words → 24_25_Non_Academic_Staff_57_638821746566332466_pdf_d28746b3.txt
INFO  [PDF 971/1000] https://iitj.ac.in/PageImages/Gallery/04-2025/May%202020_SM.pdf
INFO    ✓ [PDF] 159 words → _PageImages_Gallery_04_2025_May_202020_SM_pdf_9a3561d5.txt
INFO  [PDF 972/1000] https://iitj.ac.in/PageImages/Recruitment/03-2025/Non-Teaching-Staff-Members-Not-Shortlisted-IITJ-O(E-II)-2024-25-Non-Academic-Staff-57-638780053117773331.pdf
INFO    ✓ [PDF] 5,562 words → 24_25_Non_Academic_Staff_57_638780053117773331_pdf_24c082ff.txt
INFO  [PDF 973/1000] https://iitj.ac.in/PageImages/Gallery/08-2025/MTech-DCS-2025-638900969993211704.pdf
INFO    ✓ [PDF] 4,433 words → lery_08_2025_MTech_DCS_2025_638900969993211704_pdf_368a8db7.txt
INFO  [PDF 974/1000] https://iitj.ac.in/PageImages/Gallery/04-2025/mtech_mt.pdf
INFO    ✓ [PDF] 239 words → _PageImages_Gallery_04_2025_mtech_mt_pdf_fc139128.txt
INFO  [PDF 975/1000] https://iitj.ac.in/PageImages/Gallery/01-2025/RuTAG2-638731485801112398.pdf
INFO    ✓ [PDF] 2,970 words → ages_Gallery_01_2025_RuTAG2_638731485801112398_pdf_d335804c.txt
INFO  [PDF 976/1000] https://iitj.ac.in/PageImages/RTI/03-2025/Categories-of-documents-1-638779953651044354.pdf
INFO    ✓ [PDF] 16,252 words → 5_Categories_of_documents_1_638779953651044354_pdf_b09509c6.txt
INFO  [PDF 977/1000] https://iitj.ac.in/PageImages/Gallery/04-2025/new-guideline-638809379730158214.pdf
INFO    ✓ [PDF] 1,845 words → llery_04_2025_new_guideline_638809379730158214_pdf_dc985491.txt
INFO  [PDF 978/1000] https://www.iitj.ac.in/PageImages/Gallery/10-2025/Schedule-for-Interview-AY-2025-26-SEMESTER-II-638973347779169932.pdf
INFO    ✓ [PDF] 301 words → view_AY_2025_26_SEMESTER_II_638973347779169932_pdf_77292873.txt
INFO  [PDF 979/1000] https://iitj.ac.in/PageImages/Gallery/03-2025/khamma ghani_12.12.23.pdf
INFO  [PDF 980/1000] https://iitj.ac.in/PageImages/Gallery/02-2025/Facilities-IIT-Jodhpur-638753865381039081.pdf
INFO    ✓ [PDF] 1,292 words → 2025_Facilities_IIT_Jodhpur_638753865381039081_pdf_4af43bf3.txt
INFO  [PDF 981/1000] https://iitj.ac.in/PageImages/Recruitment/03-2025/Non-Teaching-Staff-Members-Not-Shortlisted-IITJ-O(E-II)-2024-25-Non-Academic-Staff-57-638780061131242280.pdf
INFO    ✓ [PDF] 1,202 words → 24_25_Non_Academic_Staff_57_638780061131242280_pdf_f28e6215.txt
INFO  [PDF 982/1000] https://iitj.ac.in/PageImages/RTI/03-2025/Details-of-questions-asked-and-replies-given-1-638780794650469361.pdf
INFO    ✓ [PDF] 9,454 words → s_asked_and_replies_given_1_638780794650469361_pdf_124b72a6.txt
INFO  [PDF 983/1000] https://iitj.ac.in/PageImages/Gallery/04-2025/cse/internation_students.pdf
INFO    ✓ [PDF] 41 words → mages_Gallery_04_2025_cse_internation_students_pdf_40e6c9a4.txt
INFO  [PDF 984/1000] https://www.iitj.ac.in/PageImages/Gallery/12-2025/PhD-Mechanical-Selected-Candidates-AY-202526-SEMESTERII-639026863138204195.pdf
INFO    ✓ [PDF] 38 words → idates_AY_202526_SEMESTERII_639026863138204195_pdf_3f39f9b7.txt
INFO  [PDF 985/1000] https://iitj.ac.in/PageImages/Gallery/11-2025/Notification01_13072022162102-12022-23.PDF
INFO  [PDF 986/1000] https://iitj.ac.in/PageImages/Gallery/03-2025/gian-template-638767686261650539.pdf
INFO    ✓ [PDF] 708 words → llery_03_2025_gian_template_638767686261650539_pdf_0fc31734.txt
INFO  [PDF 987/1000] https://iitj.ac.in/PageImages/RTI/03-2025/Item---information-disclosed-so-that-public-have-minimum-resort-to-use-of-RTI-Act-to-obtain-information-1-638780819332408944.pdf
INFO    ✓ [PDF] 40,412 words → Act_to_obtain_information_1_638780819332408944_pdf_e178af7a.txt
INFO  [PDF 988/1000] https://iitj.ac.in/PageImages/Pages/03-2025/38000139-54e7-48cf-9660-5a8c36f12280.pdf
WARNING    Too short (3 w), skip: https://iitj.ac.in/PageImages/Pages/03-2025/38000139-54e7-48cf-9660-5a8c36f12280.pdf
INFO  [PDF 989/1000] https://iitj.ac.in/PageImages/Gallery/06-2025/Minor%20in%20data%20Science_document-2024-05-06-11-01-am.pdf
INFO    ✓ [PDF] 3,290 words → _20data_20Science_document_2024_05_06_11_01_am_pdf_23736cf9.txt
INFO  [PDF 990/1000] https://iitj.ac.in/PageImages/RTI/03-2025/Process-of-redress-of-grievances--1-638779938916085486.pdf
INFO    ✓ [PDF] 1,154 words → of_redress_of_grievances__1_638779938916085486_pdf_f0d5e281.txt
INFO  [PDF 991/1000] https://iitj.ac.in/PageImages/Gallery/02-2025/IITJRD09-638741715303867252.pdf
INFO  [PDF 992/1000] https://iitj.ac.in/PageImages/Gallery/11-2025/Notification_05_100120232022-23.PDF
INFO  [PDF 993/1000] https://iitj.ac.in/PageImages/Gallery/11-2025/6.UtilizationofRnDOverheadCollectedfromProject-2021-22.PDF
INFO  [PDF 994/1000] https://iitj.ac.in/PageImages/Gallery/12-2025/sme-PhD-Admission-for-AY-202526-SEMII-639002821774576777.pdf
INFO    ✓ [PDF] 48 words → mission_for_AY_202526_SEMII_639002821774576777_pdf_2aef5061.txt
INFO  [PDF 995/1000] https://iitj.ac.in/PageImages/Recruitment/05-2025/Non-Teaching-Staff-Members-Result-IITJ-O(E-II)-2024-25-Non-Academic-Staff-57-638821776487007368.pdf
INFO    ✓ [PDF] 181 words → 24_25_Non_Academic_Staff_57_638821776487007368_pdf_15567bc3.txt
INFO  [PDF 996/1000] https://iitj.ac.in/PageImages/RTI/03-2025/Title-and-nature-of-the-record--manual--instruction.-1-638779945391957836.pdf
INFO    ✓ [PDF] 113,627 words → ord__manual__instruction__1_638779945391957836_pdf_ee7579d2.txt
INFO  [PDF 997/1000] https://iitj.ac.in/PageImages/Gallery/11-2025/Notification_4_GuidelinesforProcurementofequipmentforSeedGrantProject_2023-24.PDF
INFO  [PDF 998/1000] https://iitj.ac.in/PageImages/Gallery/12-2024/news-phd-program-pdf-638694367911639061.pdf
INFO    ✓ [PDF] 51 words → 2_2024_news_phd_program_pdf_638694367911639061_pdf_f288719f.txt
INFO  [PDF 999/1000] https://iitj.ac.in/PageImages/RTI/03-2025/Total-Budget-for-the-public-authority-1-638779851612439440.pdf
INFO    ✓ [PDF] 12,019 words → _for_the_public_authority_1_638779851612439440_pdf_b5274b7a.txt
INFO  [PDF 1000/1000] https://iitj.ac.in/PageImages/Gallery/03-2025/IITJ_AR_2022_2023_English.pdf
INFO    ✓ [PDF] 106,768 words → ages_Gallery_03_2025_IITJ_AR_2022_2023_English_pdf_ef6f1a69.txt
INFO  
============================================================
INFO    Pages/PDFs visited : 2500
INFO    Files saved        : 2021
INFO    Output directory   : corpus/scraped/
INFO  ============================================================
INFO  
  ✓  Done! Run next:  python run_all.py
